arm,model,cohort,row_id,day,truth,point,abs_error,crps,log_score,low_50,high_50,covered_50,width_50,low_80,high_80,covered_80,width_80,confidence,input_tokens,from_cache
without_history,jev,agbresa,tran2021__ctrl__gluteus_maximus__bed_rest_59__MRI_volume__whole_muscle,59.0,-9.4,-9.94,0.54,0.9114,1.7148,-12.0,-10.0,0.0,2.0,-12.0,-6.0,1.0,6.0,0.58,26102.0,True
without_history,duration_curve,agbresa,tran2021__ctrl__gluteus_maximus__bed_rest_59__MRI_volume__whole_muscle,59.0,-9.4,-10.5668,1.1668,1.3795,1.8883,-12.0,-4.0,1.0,8.0,-18.0,-2.0,1.0,16.0,,,
without_history,jev,agbresa,tran2021__cag__gluteus_maximus__bed_rest_59__MRI_volume__whole_muscle,59.0,-10.4,-7.04,3.36,1.9528,1.1394,-12.0,-6.0,1.0,6.0,-12.0,-2.0,1.0,10.0,0.28,26264.0,True
without_history,duration_curve,agbresa,tran2021__cag__gluteus_maximus__bed_rest_59__MRI_volume__whole_muscle,59.0,-10.4,-10.5668,0.1668,1.2904,1.7092,-12.0,-4.0,1.0,8.0,-18.0,-2.0,1.0,16.0,,,
without_history,jev,agbresa,tran2021__iag__gluteus_maximus__bed_rest_59__MRI_volume__whole_muscle,59.0,-7.9,-6.8,1.1,1.1776,2.3026,-12.0,-6.0,1.0,6.0,-12.0,-2.0,1.0,10.0,0.25,26266.0,True
without_history,duration_curve,agbresa,tran2021__iag__gluteus_maximus__bed_rest_59__MRI_volume__whole_muscle,59.0,-7.9,-10.5668,2.6668,2.0738,2.3861,-12.0,-4.0,1.0,8.0,-18.0,-2.0,1.0,16.0,,,
without_history,jev,agbresa,tran2021__ctrl__gluteus_medius__bed_rest_59__MRI_volume__whole_muscle,59.0,-4.6,-10.4949,5.8949,4.202,3.2088,-12.0,-10.0,0.0,2.0,-14.0,-6.0,0.0,8.0,0.51,26062.0,True
without_history,duration_curve,agbresa,tran2021__ctrl__gluteus_medius__bed_rest_59__MRI_volume__whole_muscle,59.0,-4.6,-10.5668,5.9668,3.1361,2.2366,-12.0,-4.0,1.0,8.0,-18.0,-2.0,1.0,16.0,,,
without_history,jev,agbresa,tran2021__cag__gluteus_medius__bed_rest_59__MRI_volume__whole_muscle,59.0,-12.1,-7.24,4.86,3.8092,4.6052,-12.0,-6.0,0.0,6.0,-12.0,-4.0,0.0,8.0,0.24,26366.0,True
without_history,duration_curve,agbresa,tran2021__cag__gluteus_medius__bed_rest_59__MRI_volume__whole_muscle,59.0,-12.1,-10.5668,1.5332,1.9255,2.2647,-12.0,-4.0,0.0,8.0,-18.0,-2.0,1.0,16.0,,,
without_history,jev,agbresa,tran2021__iag__gluteus_medius__bed_rest_59__MRI_volume__whole_muscle,59.0,-7.2,-7.14,0.06,0.9946,1.9661,-12.0,-6.0,1.0,6.0,-12.0,-4.0,1.0,8.0,0.21,26368.0,True
without_history,duration_curve,agbresa,tran2021__iag__gluteus_medius__bed_rest_59__MRI_volume__whole_muscle,59.0,-7.2,-10.5668,3.3668,2.0738,2.3861,-12.0,-4.0,1.0,8.0,-18.0,-2.0,1.0,16.0,,,
without_history,jev,agbresa,tran2021__ctrl__gluteus_minimus__bed_rest_59__MRI_volume__whole_muscle,59.0,-6.9,-9.62,2.72,2.031,2.5257,-12.0,-8.0,0.0,4.0,-14.0,-6.0,1.0,8.0,0.44,26062.0,True
without_history,duration_curve,agbresa,tran2021__ctrl__gluteus_minimus__bed_rest_59__MRI_volume__whole_muscle,59.0,-6.9,-10.5668,3.6668,2.0738,2.3861,-12.0,-4.0,1.0,8.0,-18.0,-2.0,1.0,16.0,,,
without_history,jev,agbresa,tran2021__cag__gluteus_minimus__bed_rest_59__MRI_volume__whole_muscle,59.0,-16.2,-6.7,9.5,8.0658,13.8155,-12.0,-6.0,0.0,6.0,-12.0,-2.0,0.0,10.0,0.19,26366.0,True
without_history,duration_curve,agbresa,tran2021__cag__gluteus_minimus__bed_rest_59__MRI_volume__whole_muscle,59.0,-16.2,-10.5668,5.6332,4.2519,2.9869,-12.0,-4.0,0.0,8.0,-18.0,-2.0,1.0,16.0,,,
without_history,jev,agbresa,tran2021__iag__gluteus_minimus__bed_rest_59__MRI_volume__whole_muscle,59.0,-8.2,-7.28,0.92,1.1256,1.8326,-12.0,-6.0,1.0,6.0,-12.0,-2.0,1.0,10.0,0.25,26368.0,True
without_history,duration_curve,agbresa,tran2021__iag__gluteus_minimus__bed_rest_59__MRI_volume__whole_muscle,59.0,-8.2,-10.5668,2.3668,1.3795,1.8883,-12.0,-4.0,1.0,8.0,-18.0,-2.0,1.0,16.0,,,
without_history,jev,maastricht_br7,dirks2016__ctrl__quadriceps__bed_rest_7__CT_CSA,7.0,-3.2,-2.72,0.48,0.0852,0.2877,-4.0,-2.0,1.0,2.0,-4.0,0.0,1.0,4.0,0.73,26115.0,True
without_history,duration_curve,maastricht_br7,dirks2016__ctrl__quadriceps__bed_rest_7__CT_CSA,7.0,-3.2,-3.0174,0.1826,1.2639,1.7164,-6.0,2.0,1.0,8.0,-8.0,,1.0,14.0,,,
without_history,jev,maastricht_br14,fuchs2025__ctrl__whole_lower_limb__bed_rest_14__DXA_lean_mass,14.0,-4.9,-4.34,0.56,0.3126,0.5978,-6.0,-4.0,1.0,2.0,-6.0,-2.0,1.0,4.0,0.52,26097.0,True
without_history,duration_curve,maastricht_br14,fuchs2025__ctrl__whole_lower_limb__bed_rest_14__DXA_lean_mass,14.0,-4.9,-5.4189,0.5189,1.2485,1.7829,-8.0,0.0,1.0,8.0,-14.0,2.0,1.0,16.0,,,
without_history,jev,maastricht_br14,fuchs2025__ctrl__whole_thigh__bed_rest_14__CT_CSA,14.0,-5.8,-5.48,0.32,0.1068,0.2744,-6.0,-4.0,1.0,2.0,-8.0,-4.0,1.0,4.0,0.74,26096.0,True
without_history,duration_curve,maastricht_br14,fuchs2025__ctrl__whole_thigh__bed_rest_14__CT_CSA,14.0,-5.8,-5.4189,0.3811,1.2485,1.7829,-8.0,0.0,1.0,8.0,-14.0,2.0,1.0,16.0,,,
without_history,jev,maastricht_br14,fuchs2025__ctrl__whole_thigh__bed_rest_14__MRI_volume,14.0,-5.0,-5.54,0.54,0.1174,0.2877,-6.0,-4.0,1.0,2.0,-8.0,-4.0,1.0,4.0,0.74,26096.0,True
without_history,duration_curve,maastricht_br14,fuchs2025__ctrl__whole_thigh__bed_rest_14__MRI_volume,14.0,-5.0,-5.4189,0.4189,1.2485,1.7829,-8.0,0.0,1.0,8.0,-14.0,2.0,1.0,16.0,,,
without_history,jev,maastricht_br14,fuchs2025__ctrl__anterior_thigh_compartment__bed_rest_14__MRI_volume,14.0,-7.1,-6.2,0.9,0.4304,0.734,-8.0,-4.0,1.0,4.0,-8.0,-4.0,1.0,4.0,0.45,26125.0,True
without_history,duration_curve,maastricht_br14,fuchs2025__ctrl__anterior_thigh_compartment__bed_rest_14__MRI_volume,14.0,-7.1,-5.4189,1.6811,1.6438,2.0648,-8.0,0.0,1.0,8.0,-14.0,2.0,1.0,16.0,,,
without_history,jev,maastricht_br14,fuchs2025__ctrl__posterior_thigh_compartment__bed_rest_14__MRI_volume,14.0,-4.0,-5.3,1.3,1.9278,3.5066,-6.0,-4.0,0.0,2.0,-6.0,-4.0,0.0,2.0,0.81,26062.0,True
without_history,duration_curve,maastricht_br14,fuchs2025__ctrl__posterior_thigh_compartment__bed_rest_14__MRI_volume,14.0,-4.0,-5.4189,1.4189,1.5258,1.914,-8.0,0.0,1.0,8.0,-14.0,2.0,1.0,16.0,,,
without_history,jev,maastricht_br14,fuchs2025bfr__ctrl__whole_lower_limb__bed_rest_14__DXA_lean_mass,14.0,-4.9,-4.1,0.8,0.4662,0.734,-6.0,-2.0,1.0,4.0,-6.0,-2.0,1.0,4.0,0.44,26089.0,True
without_history,duration_curve,maastricht_br14,fuchs2025bfr__ctrl__whole_lower_limb__bed_rest_14__DXA_lean_mass,14.0,-4.9,-5.4189,0.5189,1.2485,1.7829,-8.0,0.0,1.0,8.0,-14.0,2.0,1.0,16.0,,,
without_history,jev,maastricht_br14,fuchs2025bfr__bfr__whole_lower_limb__bed_rest_14__DXA_lean_mass,14.0,-5.88,-3.18,2.7,1.2254,1.5606,-4.0,-2.0,0.0,2.0,-6.0,0.0,1.0,6.0,0.49,26195.0,True
without_history,duration_curve,maastricht_br14,fuchs2025bfr__bfr__whole_lower_limb__bed_rest_14__DXA_lean_mass,14.0,-5.88,-5.4189,0.4611,1.2485,1.7829,-8.0,0.0,1.0,8.0,-14.0,2.0,1.0,16.0,,,
without_history,jev,wise2005,rogers2025__ctrl__rectus_femoris__bed_rest_60__MRI_volume,60.0,-10.0,-8.66,1.34,0.3174,0.734,-12.0,-8.0,1.0,4.0,-12.0,-6.0,1.0,6.0,0.44,26079.0,True
without_history,duration_curve,wise2005,rogers2025__ctrl__rectus_femoris__bed_rest_60__MRI_volume,60.0,-10.0,-9.6875,0.3125,1.1482,1.743,-12.0,-4.0,1.0,8.0,-18.0,-2.0,1.0,16.0,,,
without_history,jev,wise2005,rogers2025__ctrl__adductor_longus__bed_rest_60__MRI_volume,60.0,-13.0,-7.46,5.54,4.0854,4.6052,-10.0,-6.0,0.0,4.0,-12.0,-4.0,0.0,8.0,0.25,26135.0,True
without_history,duration_curve,wise2005,rogers2025__ctrl__adductor_longus__bed_rest_60__MRI_volume,60.0,-13.0,-9.6875,3.3125,2.2232,2.3671,-12.0,-4.0,0.0,8.0,-18.0,-2.0,1.0,16.0,,,
without_history,jev,wise2005,rogers2025__ctrl__adductor_magnus__bed_rest_60__MRI_volume,60.0,-15.0,-9.32,5.68,5.206,13.8155,-10.0,-8.0,0.0,2.0,-12.0,-8.0,0.0,4.0,0.74,26135.0,True
without_history,duration_curve,wise2005,rogers2025__ctrl__adductor_magnus__bed_rest_60__MRI_volume,60.0,-15.0,-9.6875,5.3125,3.4732,2.9351,-12.0,-4.0,0.0,8.0,-18.0,-2.0,1.0,16.0,,,
without_history,jev,wise2005,rogers2025__ctrl__gracilis__bed_rest_60__MRI_volume,60.0,-13.0,-6.24,6.76,5.0104,13.8155,-10.0,-4.0,0.0,6.0,-10.0,-2.0,0.0,8.0,0.26,26133.0,True
without_history,duration_curve,wise2005,rogers2025__ctrl__gracilis__bed_rest_60__MRI_volume,60.0,-13.0,-9.6875,3.3125,2.2232,2.3671,-12.0,-4.0,0.0,8.0,-18.0,-2.0,1.0,16.0,,,
without_history,jev,wise2005,rogers2025__ctrl__sartorius__bed_rest_60__MRI_volume,60.0,-17.0,-8.7,8.3,7.5782,13.8155,-10.0,-8.0,0.0,2.0,-10.0,-6.0,0.0,4.0,0.63,26133.0,True
without_history,duration_curve,wise2005,rogers2025__ctrl__sartorius__bed_rest_60__MRI_volume,60.0,-17.0,-9.6875,7.3125,4.9357,3.0603,-12.0,-4.0,0.0,8.0,-18.0,-2.0,1.0,16.0,,,
without_history,jev,wise2005,rogers2025__ctrl__biceps_femoris_long_head__bed_rest_60__MRI_volume,60.0,-20.0,-12.24,7.76,5.1296,2.8134,-12.0,-8.0,0.0,4.0,-16.0,-8.0,0.0,8.0,0.31,26139.0,True
without_history,duration_curve,wise2005,rogers2025__ctrl__biceps_femoris_long_head__bed_rest_60__MRI_volume,60.0,-20.0,-9.6875,10.3125,6.5857,3.2034,-12.0,-4.0,0.0,8.0,-18.0,-2.0,0.0,16.0,,,
without_history,jev,wise2005,rogers2025__ctrl__biceps_femoris_short_head__bed_rest_60__MRI_volume,60.0,-11.0,-9.08,1.92,1.5284,2.2073,-10.0,-8.0,0.0,2.0,-10.0,-6.0,0.0,4.0,0.57,26141.0,True
without_history,duration_curve,wise2005,rogers2025__ctrl__biceps_femoris_short_head__bed_rest_60__MRI_volume,60.0,-11.0,-9.6875,1.3125,1.3482,1.7793,-12.0,-4.0,1.0,8.0,-18.0,-2.0,1.0,16.0,,,
without_history,jev,wise2005,rogers2025__ctrl__semimembranosus__bed_rest_60__MRI_volume,60.0,-21.0,-11.06,9.94,8.5206,4.6052,-12.0,-8.0,0.0,4.0,-14.0,-8.0,0.0,6.0,0.42,26137.0,True
without_history,duration_curve,wise2005,rogers2025__ctrl__semimembranosus__bed_rest_60__MRI_volume,60.0,-21.0,-9.6875,11.3125,8.3982,4.382,-12.0,-4.0,0.0,8.0,-18.0,-2.0,0.0,16.0,,,
without_history,jev,wise2005,rogers2025__ctrl__semitendinosus__bed_rest_60__MRI_volume,60.0,-13.0,-9.58,3.42,3.0022,3.912,-10.0,-8.0,0.0,2.0,-12.0,-8.0,0.0,4.0,0.71,26137.0,True
without_history,duration_curve,wise2005,rogers2025__ctrl__semitendinosus__bed_rest_60__MRI_volume,60.0,-13.0,-9.6875,3.3125,2.2232,2.3671,-12.0,-4.0,0.0,8.0,-18.0,-2.0,1.0,16.0,,,
without_history,jev,wise2005,rogers2025__ctrl__flexor_digitorum_longus__bed_rest_60__MRI_volume,60.0,-22.0,-14.24,7.76,5.0792,3.912,-18.0,-14.0,0.0,4.0,-18.0,-8.0,0.0,10.0,0.35,26078.0,True
without_history,duration_curve,wise2005,rogers2025__ctrl__flexor_digitorum_longus__bed_rest_60__MRI_volume,60.0,-22.0,-9.6875,12.3125,8.3982,4.382,-12.0,-4.0,0.0,8.0,-18.0,-2.0,0.0,16.0,,,
without_history,jev,wise2005,rogers2025__ctrl__tibialis_posterior__bed_rest_60__MRI_volume,60.0,-19.0,-14.8,4.2,2.6148,3.2189,-18.0,-14.0,0.0,4.0,-18.0,-8.0,0.0,10.0,0.37,26075.0,True
without_history,duration_curve,wise2005,rogers2025__ctrl__tibialis_posterior__bed_rest_60__MRI_volume,60.0,-19.0,-9.6875,9.3125,6.5857,3.2034,-12.0,-4.0,0.0,8.0,-18.0,-2.0,0.0,16.0,,,
without_history,jev,wise2005,rogers2025__ctrl__soleus__bed_rest_60__MRI_volume,60.0,-27.0,-17.12,9.88,6.428,4.6052,-26.0,-16.0,0.0,10.0,-24.0,-8.0,0.0,16.0,0.18,26176.0,True
without_history,duration_curve,wise2005,rogers2025__ctrl__soleus__bed_rest_60__MRI_volume,60.0,-27.0,-9.6875,17.3125,14.1357,4.382,-12.0,-4.0,0.0,8.0,-18.0,-2.0,0.0,16.0,,,
without_history,jev,wise2005,rogers2025__ctrl__gastrocnemius_lateralis__bed_rest_60__MRI_volume,60.0,-28.0,-15.72,12.28,8.696,13.8155,-22.0,-14.0,0.0,8.0,-22.0,-10.0,0.0,12.0,0.17,26078.0,True
without_history,duration_curve,wise2005,rogers2025__ctrl__gastrocnemius_lateralis__bed_rest_60__MRI_volume,60.0,-28.0,-9.6875,18.3125,14.1357,4.382,-12.0,-4.0,0.0,8.0,-18.0,-2.0,0.0,16.0,,,
without_history,jev,wise2005,rogers2025__ctrl__gastrocnemius_medialis__bed_rest_60__MRI_volume,60.0,-29.0,-19.26,9.74,6.7686,4.6052,-26.0,-20.0,0.0,6.0,-26.0,-10.0,0.0,16.0,0.22,26078.0,True
without_history,duration_curve,wise2005,rogers2025__ctrl__gastrocnemius_medialis__bed_rest_60__MRI_volume,60.0,-29.0,-9.6875,19.3125,16.1357,13.8155,-12.0,-4.0,0.0,8.0,-18.0,-2.0,0.0,16.0,,,
without_history,jev,wise2005,trappe2007__br__quadriceps__bed_rest_29__MRI_volume,29.0,-16.76,-8.18,8.58,8.1334,13.8155,-10.0,-6.0,0.0,4.0,-10.0,-6.0,0.0,4.0,0.44,26031.0,True
without_history,duration_curve,wise2005,trappe2007__br__quadriceps__bed_rest_29__MRI_volume,29.0,-16.76,-7.375,9.385,6.9289,3.3704,-10.0,-2.0,0.0,8.0,-16.0,0.0,0.0,16.0,,,
without_history,jev,wise2005,trappe2007__br__quadriceps__bed_rest_57__MRI_volume,57.0,-21.23,-9.72,11.51,10.5264,13.8155,-10.0,-8.0,0.0,2.0,-12.0,-8.0,0.0,4.0,0.71,26108.0,True
without_history,duration_curve,wise2005,trappe2007__br__quadriceps__bed_rest_57__MRI_volume,57.0,-21.23,-9.5062,11.7238,8.5724,4.1589,-12.0,-4.0,0.0,8.0,-18.0,-2.0,0.0,16.0,,,
without_history,jev,wise2005,trappe2007__brn__quadriceps__bed_rest_29__MRI_volume,29.0,-16.76,-5.56,11.2,10.3012,13.8155,-8.0,-4.0,0.0,4.0,-8.0,-2.0,0.0,6.0,0.32,26236.0,True
without_history,duration_curve,wise2005,trappe2007__brn__quadriceps__bed_rest_29__MRI_volume,29.0,-16.76,-7.375,9.385,6.9289,3.3704,-10.0,-2.0,0.0,8.0,-16.0,0.0,0.0,16.0,,,
without_history,jev,wise2005,trappe2007__brn__quadriceps__bed_rest_57__MRI_volume,57.0,-24.15,-7.68,16.47,15.894,13.8155,-10.0,-6.0,0.0,4.0,-12.0,-4.0,0.0,8.0,0.38,26182.0,True
without_history,duration_curve,wise2005,trappe2007__brn__quadriceps__bed_rest_57__MRI_volume,57.0,-24.15,-9.5062,14.6438,12.3724,5.0752,-12.0,-4.0,0.0,8.0,-18.0,-2.0,0.0,16.0,,,
without_history,jev,wise2005,trappe2007__bre__quadriceps__bed_rest_29__MRI_volume,29.0,-1.83,-5.28,3.45,3.5532,3.912,-6.0,-4.0,0.0,2.0,-8.0,-4.0,0.0,4.0,0.6,26239.0,True
without_history,duration_curve,wise2005,trappe2007__bre__quadriceps__bed_rest_29__MRI_volume,29.0,-1.83,-7.375,5.545,3.8539,2.6773,-10.0,-2.0,0.0,8.0,-16.0,0.0,1.0,16.0,,,
without_history,jev,wise2005,trappe2007__bre__quadriceps__bed_rest_57__MRI_volume,57.0,-2.88,-7.44,4.56,3.2756,2.8134,-10.0,-6.0,0.0,4.0,-10.0,-4.0,0.0,6.0,0.36,26185.0,True
without_history,duration_curve,wise2005,trappe2007__bre__quadriceps__bed_rest_57__MRI_volume,57.0,-2.88,-9.5062,6.6262,3.9599,2.7238,-12.0,-4.0,0.0,8.0,-18.0,-2.0,1.0,16.0,,,
without_history,jev,wise2005,trappe2007__br__triceps_surae__bed_rest_29__MRI_volume,29.0,-17.91,-12.5,5.41,2.5634,1.4697,-14.0,-6.0,0.0,8.0,-18.0,-6.0,1.0,12.0,0.18,26073.0,True
without_history,duration_curve,wise2005,trappe2007__br__triceps_surae__bed_rest_29__MRI_volume,29.0,-17.91,-7.375,10.535,6.9289,3.3704,-10.0,-2.0,0.0,8.0,-16.0,0.0,0.0,16.0,,,
without_history,jev,wise2005,trappe2007__br__triceps_surae__bed_rest_57__MRI_volume,57.0,-28.88,-14.48,14.4,11.2876,4.6052,-12.0,-8.0,0.0,4.0,-22.0,-8.0,0.0,14.0,0.31,26115.0,True
without_history,duration_curve,wise2005,trappe2007__br__triceps_surae__bed_rest_57__MRI_volume,57.0,-28.88,-9.5062,19.3738,16.3224,13.8155,-12.0,-4.0,0.0,8.0,-18.0,-2.0,0.0,16.0,,,
without_history,jev,wise2005,trappe2007__brn__triceps_surae__bed_rest_29__MRI_volume,29.0,-17.89,-7.76,10.13,8.1044,4.6052,-8.0,-6.0,0.0,2.0,-10.0,-4.0,0.0,6.0,0.48,26187.0,True
without_history,duration_curve,wise2005,trappe2007__brn__triceps_surae__bed_rest_29__MRI_volume,29.0,-17.89,-7.375,10.515,6.9289,3.3704,-10.0,-2.0,0.0,8.0,-16.0,0.0,0.0,16.0,,,
without_history,jev,wise2005,trappe2007__brn__triceps_surae__bed_rest_57__MRI_volume,57.0,-28.0,-10.0,18.0,15.4376,13.8155,-10.0,-8.0,0.0,2.0,-12.0,-6.0,0.0,6.0,0.5,26308.0,True
without_history,duration_curve,wise2005,trappe2007__brn__triceps_surae__bed_rest_57__MRI_volume,57.0,-28.0,-9.5062,18.4938,14.3224,4.382,-12.0,-4.0,0.0,8.0,-18.0,-2.0,0.0,16.0,,,
without_history,jev,wise2005,trappe2007__bre__triceps_surae__bed_rest_29__MRI_volume,29.0,-6.78,-8.9,2.12,0.939,1.1712,-10.0,-6.0,1.0,4.0,-14.0,-4.0,1.0,10.0,0.26,26190.0,True
without_history,duration_curve,wise2005,trappe2007__bre__triceps_surae__bed_rest_29__MRI_volume,29.0,-6.78,-7.375,0.595,1.0914,1.6412,-10.0,-2.0,1.0,8.0,-16.0,0.0,1.0,16.0,,,
without_history,jev,wise2005,trappe2007__bre__triceps_surae__bed_rest_57__MRI_volume,57.0,-8.0,-9.44,1.44,1.6768,2.5257,-12.0,-8.0,0.0,4.0,-14.0,-6.0,1.0,8.0,0.45,26311.0,True
without_history,duration_curve,wise2005,trappe2007__bre__triceps_surae__bed_rest_57__MRI_volume,57.0,-8.0,-9.5062,1.5062,1.5724,2.0307,-12.0,-4.0,1.0,8.0,-18.0,-2.0,1.0,16.0,,,
without_history,jev,birmingham_br5_nct04422665,smeuninx2021__ctrl__vastus_lateralis__bed_rest_5__MRI_CSA__20_patella_trochanter,5.0,-1.0,-3.86,2.86,1.869,2.1203,-4.0,-2.0,0.0,2.0,-6.0,0.0,1.0,6.0,0.46,26120.0,True
without_history,duration_curve,birmingham_br5_nct04422665,smeuninx2021__ctrl__vastus_lateralis__bed_rest_5__MRI_CSA__20_patella_trochanter,5.0,-1.0,-1.8876,0.8876,1.2405,1.8157,-2.0,,1.0,8.0,-8.0,,1.0,14.0,,,
without_history,jev,birmingham_br5_nct04422665,smeuninx2021__ctrl__vastus_lateralis__bed_rest_5__MRI_CSA__40_patella_trochanter,5.0,-1.54,-3.74,2.2,1.7982,2.0402,-4.0,-2.0,0.0,2.0,-6.0,0.0,1.0,6.0,0.47,26120.0,True
without_history,duration_curve,birmingham_br5_nct04422665,smeuninx2021__ctrl__vastus_lateralis__bed_rest_5__MRI_CSA__40_patella_trochanter,5.0,-1.54,-1.8876,0.3476,1.2405,1.8157,-2.0,,1.0,8.0,-8.0,,1.0,14.0,,,
without_history,jev,birmingham_br5_nct04422665,smeuninx2021__ctrl__vastus_lateralis__bed_rest_5__MRI_CSA__60_patella_trochanter,5.0,-3.92,-4.02,0.1,0.4606,0.821,-6.0,-2.0,1.0,4.0,-6.0,0.0,1.0,6.0,0.4,26120.0,True
without_history,duration_curve,birmingham_br5_nct04422665,smeuninx2021__ctrl__vastus_lateralis__bed_rest_5__MRI_CSA__60_patella_trochanter,5.0,-3.92,-1.8876,2.0324,1.5482,1.9729,-2.0,,0.0,8.0,-8.0,,1.0,14.0,,,
without_history,jev,birmingham_br5_nct04422665,smeuninx2021__ctrl__vastus_lateralis__bed_rest_5__MRI_CSA__80_patella_trochanter,5.0,-1.47,-4.0,2.53,2.0548,2.3026,-6.0,-2.0,0.0,4.0,-8.0,-2.0,0.0,6.0,0.41,26120.0,True
without_history,duration_curve,birmingham_br5_nct04422665,smeuninx2021__ctrl__vastus_lateralis__bed_rest_5__MRI_CSA__80_patella_trochanter,5.0,-1.47,-1.8876,0.4176,1.2405,1.8157,-2.0,,1.0,8.0,-8.0,,1.0,14.0,,,
without_history,jev,birmingham_br5_nct04422665,smeuninx2021__ex__vastus_lateralis__bed_rest_5__MRI_CSA__20_patella_trochanter,5.0,-0.33,-1.72,1.39,0.396,0.755,-4.0,0.0,1.0,4.0,-4.0,0.0,1.0,4.0,0.43,26219.0,True
without_history,duration_curve,birmingham_br5_nct04422665,smeuninx2021__ex__vastus_lateralis__bed_rest_5__MRI_CSA__20_patella_trochanter,5.0,-0.33,-1.8876,1.5576,1.2405,1.8157,-2.0,,1.0,8.0,-8.0,,1.0,14.0,,,
without_history,jev,birmingham_br5_nct04422665,smeuninx2021__ex__vastus_lateralis__bed_rest_5__MRI_CSA__40_patella_trochanter,5.0,-1.41,-1.7,0.29,0.4002,0.7765,-4.0,0.0,1.0,4.0,-4.0,0.0,1.0,4.0,0.42,26219.0,True
without_history,duration_curve,birmingham_br5_nct04422665,smeuninx2021__ex__vastus_lateralis__bed_rest_5__MRI_CSA__40_patella_trochanter,5.0,-1.41,-1.8876,0.4776,1.2405,1.8157,-2.0,,1.0,8.0,-8.0,,1.0,14.0,,,
without_history,jev,birmingham_br5_nct04422665,smeuninx2021__ex__vastus_lateralis__bed_rest_5__MRI_CSA__60_patella_trochanter,5.0,-4.1,-1.6,2.5,2.6616,3.5066,-2.0,0.0,0.0,2.0,-4.0,0.0,0.0,4.0,0.48,26219.0,True
without_history,duration_curve,birmingham_br5_nct04422665,smeuninx2021__ex__vastus_lateralis__bed_rest_5__MRI_CSA__60_patella_trochanter,5.0,-4.1,-1.8876,2.2124,2.4121,2.5649,-2.0,,0.0,8.0,-8.0,,1.0,14.0,,,
without_history,jev,birmingham_br5_nct04422665,smeuninx2021__ex__vastus_lateralis__bed_rest_5__MRI_CSA__80_patella_trochanter,5.0,-1.72,-1.68,0.04,0.3436,0.6931,-2.0,0.0,1.0,2.0,-4.0,0.0,1.0,4.0,0.46,26219.0,True
without_history,duration_curve,birmingham_br5_nct04422665,smeuninx2021__ex__vastus_lateralis__bed_rest_5__MRI_CSA__80_patella_trochanter,5.0,-1.72,-1.8876,0.1676,1.2405,1.8157,-2.0,,1.0,8.0,-8.0,,1.0,14.0,,,
without_history,jev,dlr_hdt5_crossover,mulder2015__con__quadriceps__bed_rest_5__MRI_CSA__maximum_csa,5.0,-2.17,-2.5,0.33,0.1466,0.3425,-4.0,-2.0,1.0,2.0,-4.0,0.0,1.0,4.0,0.68,26034.0,True
without_history,duration_curve,dlr_hdt5_crossover,mulder2015__con__quadriceps__bed_rest_5__MRI_CSA__maximum_csa,5.0,-2.17,-2.0,0.17,1.5345,2.0448,-2.0,,0.0,8.0,-8.0,,1.0,14.0,,,
without_history,jev,dlr_hdt5_crossover,mulder2015__sta__quadriceps__bed_rest_5__MRI_CSA__maximum_csa,5.0,-2.62,-2.94,0.32,0.1174,0.4155,-4.0,-2.0,1.0,2.0,-4.0,0.0,1.0,4.0,0.64,26236.0,True
without_history,duration_curve,dlr_hdt5_crossover,mulder2015__sta__quadriceps__bed_rest_5__MRI_CSA__maximum_csa,5.0,-2.62,-2.0,0.62,1.5345,2.0448,-2.0,,0.0,8.0,-8.0,,1.0,14.0,,,
without_history,jev,dlr_hdt5_crossover,mulder2015__lrt__quadriceps__bed_rest_5__MRI_CSA__maximum_csa,5.0,0.91,-1.44,2.35,2.0268,3.912,-2.0,0.0,0.0,2.0,-4.0,0.0,0.0,4.0,0.72,26241.0,True
without_history,duration_curve,dlr_hdt5_crossover,mulder2015__lrt__quadriceps__bed_rest_5__MRI_CSA__maximum_csa,5.0,0.91,-2.0,2.91,1.6286,2.0448,-2.0,,1.0,8.0,-8.0,,1.0,14.0,,,
without_history,jev,dlr_hdt5_crossover,mulder2015__con__triceps_surae__bed_rest_5__MRI_CSA__maximum_csa,5.0,-2.39,-1.88,0.51,0.9376,1.3863,-2.0,0.0,0.0,2.0,-4.0,0.0,1.0,4.0,0.64,26062.0,True
without_history,duration_curve,dlr_hdt5_crossover,mulder2015__con__triceps_surae__bed_rest_5__MRI_CSA__maximum_csa,5.0,-2.39,-2.0,0.39,1.5345,2.0448,-2.0,,0.0,8.0,-8.0,,1.0,14.0,,,
without_history,jev,dlr_hdt5_crossover,mulder2015__sta__triceps_surae__bed_rest_5__MRI_CSA__maximum_csa,5.0,-3.03,-2.1111,0.9189,0.7093,1.1611,-2.0,0.0,0.0,2.0,-4.0,0.0,1.0,4.0,0.53,26156.0,True
without_history,duration_curve,dlr_hdt5_crossover,mulder2015__sta__triceps_surae__bed_rest_5__MRI_CSA__maximum_csa,5.0,-3.03,-2.0,1.03,1.5345,2.0448,-2.0,,0.0,8.0,-8.0,,1.0,14.0,,,
without_history,jev,dlr_hdt5_crossover,mulder2015__lrt__triceps_surae__bed_rest_5__MRI_CSA__maximum_csa,5.0,0.63,-1.88,2.51,2.2136,4.6052,-2.0,0.0,0.0,2.0,-4.0,0.0,0.0,4.0,0.61,26161.0,True
without_history,duration_curve,dlr_hdt5_crossover,mulder2015__lrt__triceps_surae__bed_rest_5__MRI_CSA__maximum_csa,5.0,0.63,-2.0,2.63,1.6286,2.0448,-2.0,,1.0,8.0,-8.0,,1.0,14.0,,,
without_history,jev,mcgill_hdbr14,hajjboutros2023__ctrl__whole_lower_limb__bed_rest_14__DXA_lean_mass,14.0,-2.37,-5.12,2.75,1.9676,4.6052,-6.0,-4.0,0.0,2.0,-6.0,-4.0,0.0,2.0,0.92,26099.0,True
without_history,duration_curve,mcgill_hdbr14,hajjboutros2023__ctrl__whole_lower_limb__bed_rest_14__DXA_lean_mass,14.0,-2.37,-5.4678,3.0978,1.5318,1.9228,-8.0,0.0,1.0,8.0,-12.0,4.0,1.0,16.0,,,
without_history,jev,mcgill_hdbr14,hajjboutros2023__ex__whole_lower_limb__bed_rest_14__DXA_lean_mass,14.0,-1.69,-4.52,2.83,2.836,2.8134,-6.0,-4.0,0.0,2.0,-6.0,-2.0,0.0,4.0,0.64,26226.0,True
without_history,duration_curve,mcgill_hdbr14,hajjboutros2023__ex__whole_lower_limb__bed_rest_14__DXA_lean_mass,14.0,-1.69,-5.4678,3.7778,2.4441,2.4336,-8.0,0.0,1.0,8.0,-12.0,4.0,1.0,16.0,,,
without_history,jev,mcgill_hdbr14,dulac2024__ctrl__quadriceps__bed_rest_13__MRI_volume__upper_33_of_thigh,13.0,-6.4,-5.42,0.98,1.3798,1.9661,-6.0,-4.0,0.0,2.0,-6.0,-4.0,0.0,2.0,0.81,26069.0,True
without_history,duration_curve,mcgill_hdbr14,dulac2024__ctrl__quadriceps__bed_rest_13__MRI_volume__upper_33_of_thigh,13.0,-6.4,-5.1813,1.2187,1.7172,2.0281,-8.0,0.0,1.0,8.0,-14.0,2.0,1.0,16.0,,,
without_history,jev,mcgill_hdbr14,dulac2024__ex__quadriceps__bed_rest_13__MRI_volume__upper_33_of_thigh,13.0,-0.9,-3.48,2.58,1.71,1.8971,-6.0,-2.0,0.0,4.0,-6.0,0.0,1.0,6.0,0.38,26188.0,True
without_history,duration_curve,mcgill_hdbr14,dulac2024__ex__quadriceps__bed_rest_13__MRI_volume__upper_33_of_thigh,13.0,-0.9,-5.1813,4.2813,2.2903,2.4675,-8.0,0.0,1.0,8.0,-14.0,2.0,1.0,16.0,,,
without_history,jev,brace_br60,mandic2026__c__whole_thigh__bed_rest_52__MRI_volume__whole_thigh,52.0,-10.5,-11.0,0.5,0.0872,0.3147,-12.0,-10.0,1.0,2.0,-12.0,-8.0,1.0,4.0,0.7,26145.0,True
without_history,duration_curve,brace_br60,mandic2026__c__whole_thigh__bed_rest_52__MRI_volume__whole_thigh,52.0,-10.5,-10.3963,0.1037,1.2996,1.7155,-14.0,-6.0,1.0,8.0,-18.0,-2.0,1.0,16.0,,,
without_history,jev,brace_br60,mandic2026__ex__whole_thigh__bed_rest_52__MRI_volume__whole_thigh,52.0,-6.9,-9.24,2.34,1.4916,1.8326,-12.0,-8.0,0.0,4.0,-12.0,-6.0,1.0,6.0,0.31,26390.0,True
without_history,duration_curve,brace_br60,mandic2026__ex__whole_thigh__bed_rest_52__MRI_volume__whole_thigh,52.0,-6.9,-10.3963,3.4963,1.9703,2.2667,-14.0,-6.0,1.0,8.0,-18.0,-2.0,1.0,16.0,,,
without_history,jev,brace_br60,mandic2026__ex_ag__whole_thigh__bed_rest_52__MRI_volume__whole_thigh,52.0,-4.3,-9.2,4.9,3.1456,2.6593,-12.0,-8.0,0.0,4.0,-12.0,-6.0,0.0,6.0,0.39,26291.0,True
without_history,duration_curve,brace_br60,mandic2026__ex_ag__whole_thigh__bed_rest_52__MRI_volume__whole_thigh,52.0,-4.3,-10.3963,6.0963,3.0313,2.3273,-14.0,-6.0,0.0,8.0,-18.0,-2.0,1.0,16.0,,,
without_history,jev,brace_br60,mandic2026__c__anterior_thigh_compartment__bed_rest_52__MRI_volume__left_thigh,52.0,-14.5,-10.8182,3.6818,3.2742,3.902,-12.0,-10.0,0.0,2.0,-14.0,-6.0,0.0,8.0,0.54,26172.0,True
without_history,duration_curve,brace_br60,mandic2026__c__anterior_thigh_compartment__bed_rest_52__MRI_volume__left_thigh,52.0,-14.5,-10.3963,4.1037,3.0801,2.9026,-14.0,-6.0,0.0,8.0,-18.0,-2.0,1.0,16.0,,,
without_history,jev,brace_br60,mandic2026__ex__anterior_thigh_compartment__bed_rest_52__MRI_volume__left_thigh,52.0,-6.8,-9.02,2.22,1.4422,2.1203,-12.0,-8.0,0.0,4.0,-12.0,-4.0,1.0,8.0,0.3,26270.0,True
without_history,duration_curve,brace_br60,mandic2026__ex__anterior_thigh_compartment__bed_rest_52__MRI_volume__left_thigh,52.0,-6.8,-10.3963,3.5963,1.9703,2.2667,-14.0,-6.0,1.0,8.0,-18.0,-2.0,1.0,16.0,,,
without_history,jev,brace_br60,mandic2026__ex_ag__anterior_thigh_compartment__bed_rest_52__MRI_volume__left_thigh,52.0,-3.5,-7.88,4.38,3.2484,2.3026,-12.0,-8.0,0.0,4.0,-12.0,-2.0,1.0,10.0,0.27,26274.0,True
without_history,duration_curve,brace_br60,mandic2026__ex_ag__anterior_thigh_compartment__bed_rest_52__MRI_volume__left_thigh,52.0,-3.5,-10.3963,6.8963,4.4825,2.6575,-14.0,-6.0,0.0,8.0,-18.0,-2.0,1.0,16.0,,,
without_history,jev,brace_br60,mandic2026__c__posterior_thigh_compartment__bed_rest_52__MRI_volume__left_thigh,52.0,-8.0,-11.62,3.62,3.707,4.6052,-12.0,-10.0,0.0,2.0,-14.0,-10.0,0.0,4.0,0.59,26148.0,True
without_history,duration_curve,brace_br60,mandic2026__c__posterior_thigh_compartment__bed_rest_52__MRI_volume__left_thigh,52.0,-8.0,-10.3963,2.3963,1.9703,2.2667,-14.0,-6.0,1.0,8.0,-18.0,-2.0,1.0,16.0,,,
without_history,jev,brace_br60,mandic2026__ex__posterior_thigh_compartment__bed_rest_52__MRI_volume__left_thigh,52.0,-6.9,-9.9899,3.0899,1.9027,2.0302,-12.0,-8.0,0.0,4.0,-12.0,-6.0,1.0,6.0,0.36,26361.0,True
without_history,duration_curve,brace_br60,mandic2026__ex__posterior_thigh_compartment__bed_rest_52__MRI_volume__left_thigh,52.0,-6.9,-10.3963,3.4963,1.9703,2.2667,-14.0,-6.0,1.0,8.0,-18.0,-2.0,1.0,16.0,,,
without_history,jev,brace_br60,mandic2026__ex_ag__posterior_thigh_compartment__bed_rest_52__MRI_volume__left_thigh,52.0,-4.5,-9.74,5.24,3.321,2.5257,-12.0,-8.0,0.0,4.0,-12.0,-4.0,1.0,8.0,0.39,26365.0,True
without_history,duration_curve,brace_br60,mandic2026__ex_ag__posterior_thigh_compartment__bed_rest_52__MRI_volume__left_thigh,52.0,-4.5,-10.3963,5.8963,3.0313,2.3273,-14.0,-6.0,0.0,8.0,-18.0,-2.0,1.0,16.0,,,
without_history,jev,brace_br60,mandic2026__c__anterior_thigh_compartment__bed_rest_52__MRI_volume__right_thigh,52.0,-14.0,-11.28,2.72,1.542,2.9957,-12.0,-10.0,0.0,2.0,-14.0,-6.0,1.0,8.0,0.49,26172.0,True
without_history,duration_curve,brace_br60,mandic2026__c__anterior_thigh_compartment__bed_rest_52__MRI_volume__right_thigh,52.0,-14.0,-10.3963,3.6037,1.9947,2.3273,-14.0,-6.0,1.0,8.0,-18.0,-2.0,1.0,16.0,,,
without_history,jev,brace_br60,mandic2026__ex__anterior_thigh_compartment__bed_rest_52__MRI_volume__right_thigh,52.0,-7.3,-8.68,1.38,1.2944,2.0402,-12.0,-8.0,0.0,4.0,-12.0,-4.0,1.0,8.0,0.28,26270.0,True
without_history,duration_curve,brace_br60,mandic2026__ex__anterior_thigh_compartment__bed_rest_52__MRI_volume__right_thigh,52.0,-7.3,-10.3963,3.0963,1.9703,2.2667,-14.0,-6.0,1.0,8.0,-18.0,-2.0,1.0,16.0,,,
without_history,jev,brace_br60,mandic2026__ex_ag__anterior_thigh_compartment__bed_rest_52__MRI_volume__right_thigh,52.0,-3.9,-7.96,4.06,3.3668,2.4079,-12.0,-8.0,0.0,4.0,-12.0,-4.0,0.0,8.0,0.29,26274.0,True
without_history,duration_curve,brace_br60,mandic2026__ex_ag__anterior_thigh_compartment__bed_rest_52__MRI_volume__right_thigh,52.0,-3.9,-10.3963,6.4963,4.4825,2.6575,-14.0,-6.0,0.0,8.0,-18.0,-2.0,1.0,16.0,,,
without_history,jev,brace_br60,mandic2026__c__posterior_thigh_compartment__bed_rest_52__MRI_volume__right_thigh,52.0,-8.5,-11.58,3.08,1.701,2.2073,-12.0,-10.0,0.0,2.0,-14.0,-10.0,0.0,4.0,0.58,26148.0,True
without_history,duration_curve,brace_br60,mandic2026__c__posterior_thigh_compartment__bed_rest_52__MRI_volume__right_thigh,52.0,-8.5,-10.3963,1.8963,1.324,1.8612,-14.0,-6.0,1.0,8.0,-18.0,-2.0,1.0,16.0,,,
without_history,jev,brace_br60,mandic2026__ex__posterior_thigh_compartment__bed_rest_52__MRI_volume__right_thigh,52.0,-6.8,-10.3,3.5,2.0366,2.0402,-12.0,-8.0,0.0,4.0,-12.0,-6.0,1.0,6.0,0.34,26361.0,True
without_history,duration_curve,brace_br60,mandic2026__ex__posterior_thigh_compartment__bed_rest_52__MRI_volume__right_thigh,52.0,-6.8,-10.3963,3.5963,1.9703,2.2667,-14.0,-6.0,1.0,8.0,-18.0,-2.0,1.0,16.0,,,
without_history,jev,brace_br60,mandic2026__ex_ag__posterior_thigh_compartment__bed_rest_52__MRI_volume__right_thigh,52.0,-4.6,-9.48,4.88,3.0192,2.4079,-12.0,-8.0,0.0,4.0,-12.0,-4.0,1.0,8.0,0.32,26365.0,True
without_history,duration_curve,brace_br60,mandic2026__ex_ag__posterior_thigh_compartment__bed_rest_52__MRI_volume__right_thigh,52.0,-4.6,-10.3963,5.7963,3.0313,2.3273,-14.0,-6.0,0.0,8.0,-18.0,-2.0,1.0,16.0,,,
without_history,jev,brace_br60,arbeille2024__c__vastus_intermedius__bed_rest_55__ultrasound_thickness__muscle_belly,55.0,-23.1,-11.3,11.8,10.9378,13.8155,-12.0,-10.0,0.0,2.0,-14.0,-10.0,0.0,4.0,0.7,26172.0,True
without_history,duration_curve,brace_br60,arbeille2024__c__vastus_intermedius__bed_rest_55__ultrasound_thickness__muscle_belly,55.0,-23.1,-10.6159,12.4841,9.2346,4.6944,-14.0,-6.0,0.0,8.0,-18.0,-2.0,0.0,16.0,,,
without_history,jev,brace_br60,arbeille2024__ex__vastus_intermedius__bed_rest_55__ultrasound_thickness__muscle_belly,55.0,9.13,-9.66,18.79,13.3194,13.8155,-12.0,-8.0,0.0,4.0,-12.0,-6.0,0.0,6.0,0.4,26270.0,True
without_history,duration_curve,brace_br60,arbeille2024__ex__vastus_intermedius__bed_rest_55__ultrasound_thickness__muscle_belly,55.0,9.13,-10.6159,19.7459,12.1858,5.0999,-14.0,-6.0,0.0,8.0,-18.0,-2.0,0.0,16.0,,,
without_history,jev,brace_br60,arbeille2024__ex_ag__vastus_intermedius__bed_rest_55__ultrasound_thickness__muscle_belly,55.0,24.3,-8.9,33.2,12.2118,13.8155,-12.0,-8.0,0.0,4.0,-12.0,-4.0,0.0,8.0,0.41,26274.0,True
without_history,duration_curve,brace_br60,arbeille2024__ex_ag__vastus_intermedius__bed_rest_55__ultrasound_thickness__muscle_belly,55.0,24.3,-10.6159,34.9159,12.1858,5.0999,-14.0,-6.0,0.0,8.0,-18.0,-2.0,0.0,16.0,,,
without_history,jev,izola_br10,simunic2026__ctrl__vastus_lateralis__bed_rest_10__ultrasound_thickness__muscle_belly,10.0,-6.92,-4.64,2.28,1.8508,2.8134,-6.0,-4.0,0.0,2.0,-6.0,-2.0,0.0,4.0,0.61,26129.0,True
without_history,duration_curve,izola_br10,simunic2026__ctrl__vastus_lateralis__bed_rest_10__ultrasound_thickness__muscle_belly,10.0,-6.92,-4.4142,2.5058,2.071,2.2967,-6.0,2.0,0.0,8.0,-10.0,,1.0,16.0,,,
without_history,jev,izola_br10,simunic2026__ctrl__gastrocnemius_medialis__bed_rest_10__ultrasound_thickness__muscle_belly,10.0,4.47,-4.5556,9.0256,8.9658,13.8155,-6.0,-4.0,0.0,2.0,-6.0,-2.0,0.0,4.0,0.63,26159.0,True
without_history,duration_curve,izola_br10,simunic2026__ctrl__gastrocnemius_medialis__bed_rest_10__ultrasound_thickness__muscle_belly,10.0,4.47,-4.4142,8.8842,6.0828,2.6876,-6.0,2.0,0.0,8.0,-10.0,,1.0,16.0,,,
without_history,jev,izola_br10,simunic2026__ctrl__biceps_femoris_long_head__bed_rest_10__ultrasound_thickness__muscle_belly,10.0,2.53,-4.18,6.71,6.641,13.8155,-6.0,-4.0,0.0,2.0,-6.0,-2.0,0.0,4.0,0.55,26165.0,True
without_history,duration_curve,izola_br10,simunic2026__ctrl__biceps_femoris_long_head__bed_rest_10__ultrasound_thickness__muscle_belly,10.0,2.53,-4.4142,6.9442,4.355,2.6876,-6.0,2.0,0.0,8.0,-10.0,,1.0,16.0,,,
without_history,jev,izola_br10,simunic2026__ctrl__tibialis_anterior__bed_rest_10__ultrasound_thickness__muscle_belly,10.0,-1.88,-3.84,1.96,2.1768,2.5257,-6.0,-4.0,0.0,2.0,-6.0,-2.0,0.0,4.0,0.47,26129.0,True
without_history,duration_curve,izola_br10,simunic2026__ctrl__tibialis_anterior__bed_rest_10__ultrasound_thickness__muscle_belly,10.0,-1.88,-4.4142,2.5342,1.8698,2.1342,-6.0,2.0,1.0,8.0,-10.0,,1.0,16.0,,,
without_history,jev,izola_br10,franchi2022__ctrl__biceps_femoris_long_head__bed_rest_10__MRI_volume__whole_muscle,10.0,-3.53,-3.86,0.33,0.425,0.6733,-4.0,-2.0,1.0,2.0,-6.0,-2.0,1.0,4.0,0.47,26160.0,True
without_history,duration_curve,izola_br10,franchi2022__ctrl__biceps_femoris_long_head__bed_rest_10__MRI_volume__whole_muscle,10.0,-3.53,-4.4142,0.8842,1.3136,1.8718,-6.0,2.0,1.0,8.0,-10.0,,1.0,16.0,,,
without_history,jev,izola_br10,franchi2022__ctrl__biceps_femoris_short_head__bed_rest_10__MRI_volume__whole_muscle,10.0,-3.54,-3.62,0.08,0.317,0.6349,-4.0,-2.0,1.0,2.0,-6.0,-2.0,1.0,4.0,0.5,26162.0,True
without_history,duration_curve,izola_br10,franchi2022__ctrl__biceps_femoris_short_head__bed_rest_10__MRI_volume__whole_muscle,10.0,-3.54,-4.4142,0.8742,1.3136,1.8718,-6.0,2.0,1.0,8.0,-10.0,,1.0,16.0,,,
without_history,jev,izola_br10,franchi2022__ctrl__semitendinosus__bed_rest_10__MRI_volume__whole_muscle,10.0,-2.63,-4.08,1.45,0.6292,0.8916,-6.0,-4.0,0.0,2.0,-6.0,-2.0,1.0,4.0,0.52,26158.0,True
without_history,duration_curve,izola_br10,franchi2022__ctrl__semitendinosus__bed_rest_10__MRI_volume__whole_muscle,10.0,-2.63,-4.4142,1.7842,1.3136,1.8718,-6.0,2.0,1.0,8.0,-10.0,,1.0,16.0,,,
without_history,jev,izola_br10,franchi2022__ctrl__semimembranosus__bed_rest_10__MRI_volume__whole_muscle,10.0,-2.01,-4.18,2.17,0.721,0.9676,-6.0,-4.0,0.0,2.0,-6.0,-2.0,1.0,4.0,0.56,26158.0,True
without_history,duration_curve,izola_br10,franchi2022__ctrl__semimembranosus__bed_rest_10__MRI_volume__whole_muscle,10.0,-2.01,-4.4142,2.4042,1.3136,1.8718,-6.0,2.0,1.0,8.0,-10.0,,1.0,16.0,,,
without_history,jev,copenhagen_br5,hansen2024__con_young__whole_lower_limb__bed_rest_5__DXA_lean_mass,5.0,-2.06,-1.66,0.4,0.925,1.1712,-2.0,0.0,0.0,2.0,-4.0,0.0,1.0,4.0,0.66,26111.0,True
without_history,duration_curve,copenhagen_br5,hansen2024__con_young__whole_lower_limb__bed_rest_5__DXA_lean_mass,5.0,-2.06,-1.9042,0.1558,1.5596,2.027,-2.0,,0.0,8.0,-8.0,,1.0,14.0,,,
without_history,jev,copenhagen_br5,hansen2024__nmes_young__whole_lower_limb__bed_rest_5__DXA_lean_mass,5.0,-2.02,-1.36,0.66,1.2516,1.6094,-2.0,0.0,0.0,2.0,-4.0,0.0,1.0,4.0,0.73,26203.0,True
without_history,duration_curve,copenhagen_br5,hansen2024__nmes_young__whole_lower_limb__bed_rest_5__DXA_lean_mass,5.0,-2.02,-1.9042,0.1158,1.5596,2.027,-2.0,,0.0,8.0,-8.0,,1.0,14.0,,,
without_history,jev,copenhagen_br5,hansen2024__con_old__whole_lower_limb__bed_rest_5__DXA_lean_mass,5.0,-3.48,-1.8,1.68,0.7696,1.0217,-2.0,0.0,0.0,2.0,-4.0,0.0,1.0,4.0,0.59,26111.0,True
without_history,duration_curve,copenhagen_br5,hansen2024__con_old__whole_lower_limb__bed_rest_5__DXA_lean_mass,5.0,-3.48,-1.9042,1.5758,1.5596,2.027,-2.0,,0.0,8.0,-8.0,,1.0,14.0,,,
without_history,jev,copenhagen_br5,hansen2024__nmes_old__whole_lower_limb__bed_rest_5__DXA_lean_mass,5.0,-2.96,-1.36,1.6,1.2516,1.6094,-2.0,0.0,0.0,2.0,-4.0,0.0,1.0,4.0,0.73,26203.0,True
without_history,duration_curve,copenhagen_br5,hansen2024__nmes_old__whole_lower_limb__bed_rest_5__DXA_lean_mass,5.0,-2.96,-1.9042,1.0558,1.5596,2.027,-2.0,,0.0,8.0,-8.0,,1.0,14.0,,,
without_history,jev,copenhagen_br5,hansen2024__con_young__whole_thigh__bed_rest_5__DXA_lean_mass__mid_thigh,5.0,-1.2,-1.6,0.4,0.1684,0.3425,-2.0,0.0,1.0,2.0,-4.0,0.0,1.0,4.0,0.69,26121.0,True
without_history,duration_curve,copenhagen_br5,hansen2024__con_young__whole_thigh__bed_rest_5__DXA_lean_mass__mid_thigh,5.0,-1.2,-1.9042,0.7042,1.2242,1.7507,-2.0,,1.0,8.0,-8.0,,1.0,14.0,,,
without_history,jev,copenhagen_br5,hansen2024__nmes_young__whole_thigh__bed_rest_5__DXA_lean_mass__mid_thigh,5.0,-0.44,-1.16,0.72,0.064,0.2744,-2.0,0.0,1.0,2.0,-4.0,0.0,1.0,4.0,0.73,26213.0,True
without_history,duration_curve,copenhagen_br5,hansen2024__nmes_young__whole_thigh__bed_rest_5__DXA_lean_mass__mid_thigh,5.0,-0.44,-1.9042,1.4642,1.2242,1.7507,-2.0,,1.0,8.0,-8.0,,1.0,14.0,,,
without_history,jev,copenhagen_br5,hansen2024__con_old__whole_thigh__bed_rest_5__DXA_lean_mass__mid_thigh,5.0,-2.1,-1.8,0.3,0.7444,0.9676,-2.0,0.0,0.0,2.0,-4.0,0.0,1.0,4.0,0.58,26121.0,True
without_history,duration_curve,copenhagen_br5,hansen2024__con_old__whole_thigh__bed_rest_5__DXA_lean_mass__mid_thigh,5.0,-2.1,-1.9042,0.1958,1.5596,2.027,-2.0,,0.0,8.0,-8.0,,1.0,14.0,,,
without_history,jev,copenhagen_br5,hansen2024__nmes_old__whole_thigh__bed_rest_5__DXA_lean_mass__mid_thigh,5.0,-0.49,-1.22,0.73,0.0778,0.3011,-2.0,0.0,1.0,2.0,-4.0,0.0,1.0,4.0,0.72,26213.0,True
without_history,duration_curve,copenhagen_br5,hansen2024__nmes_old__whole_thigh__bed_rest_5__DXA_lean_mass__mid_thigh,5.0,-0.49,-1.9042,1.4142,1.2242,1.7507,-2.0,,1.0,8.0,-8.0,,1.0,14.0,,,
without_history,jev,copenhagen_br5,hansen2024__con_young__vastus_lateralis__bed_rest_5__ultrasound_thickness__muscle_belly,5.0,-5.51,-1.56,3.95,3.0368,13.8155,-2.0,0.0,0.0,2.0,-4.0,0.0,0.0,4.0,0.69,26139.0,True
without_history,duration_curve,copenhagen_br5,hansen2024__con_young__vastus_lateralis__bed_rest_5__ultrasound_thickness__muscle_belly,5.0,-5.51,-1.9042,3.6058,2.4218,2.5923,-2.0,,0.0,8.0,-8.0,,1.0,14.0,,,
without_history,jev,copenhagen_br5,hansen2024__nmes_young__vastus_lateralis__bed_rest_5__ultrasound_thickness__muscle_belly,5.0,0.85,-1.4646,2.3146,1.952,2.9857,-2.0,0.0,0.0,2.0,-4.0,0.0,0.0,4.0,0.65,26251.0,True
without_history,duration_curve,copenhagen_br5,hansen2024__nmes_young__vastus_lateralis__bed_rest_5__ultrasound_thickness__muscle_belly,5.0,0.85,-1.9042,2.7542,1.5835,2.0045,-2.0,,1.0,8.0,-8.0,,1.0,14.0,,,
without_history,jev,copenhagen_br5,hansen2024__con_old__vastus_lateralis__bed_rest_5__ultrasound_thickness__muscle_belly,5.0,-6.07,-1.88,4.19,4.5936,13.8155,-2.0,0.0,0.0,2.0,-4.0,0.0,0.0,4.0,0.55,26139.0,True
without_history,duration_curve,copenhagen_br5,hansen2024__con_old__vastus_lateralis__bed_rest_5__ultrasound_thickness__muscle_belly,5.0,-6.07,-1.9042,4.1658,3.5835,2.8154,-2.0,,0.0,8.0,-8.0,,1.0,14.0,,,
without_history,jev,copenhagen_br5,hansen2024__nmes_old__vastus_lateralis__bed_rest_5__ultrasound_thickness__muscle_belly,5.0,5.94,-1.42,7.36,5.8758,13.8155,-2.0,0.0,0.0,2.0,-4.0,0.0,0.0,4.0,0.63,26251.0,True
without_history,duration_curve,copenhagen_br5,hansen2024__nmes_old__vastus_lateralis__bed_rest_5__ultrasound_thickness__muscle_belly,5.0,5.94,-1.9042,7.8442,3.7751,1.7336,-2.0,,1.0,8.0,-8.0,,1.0,14.0,,,
without_history,jev,medes_ltbr90,trappe2023__ctrl_men__quadriceps__bed_rest_29__MRI_volume,29.0,-9.66,-9.16,0.5,0.0572,0.2485,-10.0,-8.0,1.0,2.0,-10.0,-6.0,1.0,4.0,0.76,26069.0,True
without_history,duration_curve,medes_ltbr90,trappe2023__ctrl_men__quadriceps__bed_rest_29__MRI_volume,29.0,-9.66,-8.6462,1.0138,1.1655,1.6895,-12.0,-4.0,1.0,8.0,-14.0,0.0,1.0,14.0,,,
without_history,jev,medes_ltbr90,trappe2023__ctrl_men__quadriceps__bed_rest_89__MRI_volume,89.0,-18.5,-13.96,4.54,4.3816,3.912,-14.0,-12.0,0.0,2.0,-16.0,-12.0,0.0,4.0,0.67,26006.0,True
without_history,duration_curve,medes_ltbr90,trappe2023__ctrl_men__quadriceps__bed_rest_89__MRI_volume,89.0,-18.5,-13.1077,5.3923,3.9546,2.9957,-16.0,-8.0,0.0,8.0,-18.0,-4.0,0.0,14.0,,,
without_history,jev,medes_ltbr90,trappe2023__ctrl_men__triceps_surae__bed_rest_29__MRI_volume,29.0,-15.99,-11.44,4.55,3.0064,3.2189,-10.0,-8.0,0.0,2.0,-18.0,-8.0,1.0,10.0,0.53,26057.0,True
without_history,duration_curve,medes_ltbr90,trappe2023__ctrl_men__triceps_surae__bed_rest_29__MRI_volume,29.0,-15.99,-8.6462,7.3438,4.3193,3.1628,-12.0,-4.0,0.0,8.0,-14.0,0.0,0.0,14.0,,,
without_history,jev,medes_ltbr90,trappe2023__ctrl_men__triceps_surae__bed_rest_89__MRI_volume,89.0,-29.15,-18.56,10.59,7.2496,2.4079,-16.0,-12.0,0.0,4.0,-30.0,-12.0,1.0,18.0,0.43,25993.0,True
without_history,duration_curve,medes_ltbr90,trappe2023__ctrl_men__triceps_surae__bed_rest_89__MRI_volume,89.0,-29.15,-13.1077,16.0423,12.77,4.1744,-16.0,-8.0,0.0,8.0,-18.0,-4.0,0.0,14.0,,,
without_history,jev,medes_ltbr90,alkner2004__br__vasti__bed_rest_29__MRI_volume,29.0,-10.0,-9.38,0.62,0.0538,0.2107,-10.0,-8.0,1.0,2.0,-10.0,-8.0,1.0,2.0,0.79,26125.0,True
without_history,duration_curve,medes_ltbr90,alkner2004__br__vasti__bed_rest_29__MRI_volume,29.0,-10.0,-8.6462,1.3538,1.1655,1.6895,-12.0,-4.0,1.0,8.0,-14.0,0.0,1.0,14.0,,,
without_history,jev,medes_ltbr90,alkner2004__br__rectus_femoris__bed_rest_89__MRI_volume,89.0,-9.0,-12.56,3.56,2.8508,2.9957,-14.0,-12.0,0.0,2.0,-16.0,-10.0,0.0,6.0,0.63,26032.0,True
without_history,duration_curve,medes_ltbr90,alkner2004__br__rectus_femoris__bed_rest_89__MRI_volume,89.0,-9.0,-13.1077,4.1077,2.2931,2.3418,-16.0,-8.0,1.0,8.0,-18.0,-4.0,1.0,14.0,,,
without_history,jev,medes_ltbr90,alkner2004__bre__triceps_surae__bed_rest_89__MRI_volume,89.0,-15.0,-10.86,4.14,2.3234,2.9957,-14.0,-12.0,0.0,2.0,-14.0,-6.0,0.0,8.0,0.46,26089.0,True
without_history,duration_curve,medes_ltbr90,alkner2004__bre__triceps_surae__bed_rest_89__MRI_volume,89.0,-15.0,-13.1077,1.8923,1.6008,2.0053,-16.0,-8.0,1.0,8.0,-18.0,-4.0,1.0,14.0,,,
without_history,jev,medes_ltbr90,belavy2017__ctrl__flexor_hallucis_longus__bed_rest_28__MRI_volume,28.0,-9.5,-10.5,1.0,1.0962,1.3863,-12.0,-10.0,0.0,2.0,-12.0,-8.0,1.0,4.0,0.7,26069.0,True
without_history,duration_curve,medes_ltbr90,belavy2017__ctrl__flexor_hallucis_longus__bed_rest_28__MRI_volume,28.0,-9.5,-8.4308,1.0692,1.1879,1.7105,-10.0,-4.0,1.0,6.0,-14.0,0.0,1.0,14.0,,,
without_history,jev,medes_ltbr90,belavy2017__ctrl__flexor_hallucis_longus__bed_rest_89__MRI_volume,89.0,-19.6,-15.9091,3.6909,2.1216,2.2925,-16.0,-12.0,0.0,4.0,-20.0,-12.0,1.0,8.0,0.31,26022.0,True
without_history,duration_curve,medes_ltbr90,belavy2017__ctrl__flexor_hallucis_longus__bed_rest_89__MRI_volume,89.0,-19.6,-13.1077,6.4923,3.9546,2.9957,-16.0,-8.0,0.0,8.0,-18.0,-4.0,0.0,14.0,,,
without_history,jev,medes_ltbr90,belavy2017__fly__flexor_hallucis_longus__bed_rest_28__MRI_volume,28.0,-8.8,-7.5,1.3,0.6974,0.9676,-10.0,-6.0,1.0,4.0,-12.0,-4.0,1.0,8.0,0.34,25993.0,True
without_history,duration_curve,medes_ltbr90,belavy2017__fly__flexor_hallucis_longus__bed_rest_28__MRI_volume,28.0,-8.8,-8.4308,0.3692,1.1879,1.7105,-10.0,-4.0,1.0,6.0,-14.0,0.0,1.0,14.0,,,
without_history,jev,medes_ltbr90,belavy2017__fly__flexor_hallucis_longus__bed_rest_89__MRI_volume,89.0,-15.5,-11.22,4.28,2.1902,2.6593,-14.0,-10.0,0.0,4.0,-16.0,-6.0,1.0,10.0,0.4,26143.0,True
without_history,duration_curve,medes_ltbr90,belavy2017__fly__flexor_hallucis_longus__bed_rest_89__MRI_volume,89.0,-15.5,-13.1077,2.3923,1.6008,2.0053,-16.0,-8.0,1.0,8.0,-18.0,-4.0,1.0,14.0,,,
without_history,jev,medes_ltbr90,belavy2017__ctrl__gastrocnemius_lateralis__bed_rest_28__MRI_volume,28.0,-10.7,-12.38,1.68,1.1322,1.6607,-14.0,-12.0,0.0,2.0,-14.0,-10.0,1.0,4.0,0.73,26069.0,True
without_history,duration_curve,medes_ltbr90,belavy2017__ctrl__gastrocnemius_lateralis__bed_rest_28__MRI_volume,28.0,-10.7,-8.4308,2.2692,1.9571,2.4252,-10.0,-4.0,0.0,6.0,-14.0,0.0,1.0,14.0,,,
without_history,jev,medes_ltbr90,belavy2017__ctrl__gastrocnemius_lateralis__bed_rest_89__MRI_volume,89.0,-23.3,-17.64,5.66,3.4436,2.2073,-18.0,-12.0,0.0,6.0,-22.0,-12.0,0.0,10.0,0.31,26022.0,True
without_history,duration_curve,medes_ltbr90,belavy2017__ctrl__gastrocnemius_lateralis__bed_rest_89__MRI_volume,89.0,-23.3,-13.1077,10.1923,7.1546,3.3635,-16.0,-8.0,0.0,8.0,-18.0,-4.0,0.0,14.0,,,
without_history,jev,medes_ltbr90,belavy2017__fly__gastrocnemius_lateralis__bed_rest_28__MRI_volume,28.0,-4.0,-7.04,3.04,2.6852,2.5257,-10.0,-6.0,0.0,4.0,-12.0,-4.0,0.0,8.0,0.26,25993.0,True
without_history,duration_curve,medes_ltbr90,belavy2017__fly__gastrocnemius_lateralis__bed_rest_28__MRI_volume,28.0,-4.0,-8.4308,4.4308,3.1725,2.9216,-10.0,-4.0,0.0,6.0,-14.0,0.0,1.0,14.0,,,
without_history,jev,medes_ltbr90,belavy2017__fly__gastrocnemius_lateralis__bed_rest_89__MRI_volume,89.0,-12.8,-11.06,1.74,0.6382,0.7133,-14.0,-10.0,1.0,4.0,-14.0,-6.0,1.0,8.0,0.45,26045.0,True
without_history,duration_curve,medes_ltbr90,belavy2017__fly__gastrocnemius_lateralis__bed_rest_89__MRI_volume,89.0,-12.8,-13.1077,0.3077,1.1085,1.6487,-16.0,-8.0,1.0,8.0,-18.0,-4.0,1.0,14.0,,,
without_history,jev,medes_ltbr90,belavy2017__ctrl__gastrocnemius_medialis__bed_rest_28__MRI_volume,28.0,-15.6,-15.74,0.14,0.963,1.5606,-18.0,-16.0,0.0,2.0,-18.0,-14.0,1.0,4.0,0.63,26069.0,True
without_history,duration_curve,medes_ltbr90,belavy2017__ctrl__gastrocnemius_medialis__bed_rest_28__MRI_volume,28.0,-15.6,-8.4308,7.1692,4.4802,3.1628,-10.0,-4.0,0.0,6.0,-14.0,0.0,0.0,14.0,,,
without_history,jev,medes_ltbr90,belavy2017__ctrl__gastrocnemius_medialis__bed_rest_89__MRI_volume,89.0,-28.0,-20.74,7.26,3.6846,2.9957,-26.0,-20.0,0.0,6.0,-26.0,-12.0,0.0,14.0,0.21,26022.0,True
without_history,duration_curve,medes_ltbr90,belavy2017__ctrl__gastrocnemius_medialis__bed_rest_89__MRI_volume,89.0,-28.0,-13.1077,14.8923,10.8623,5.5607,-16.0,-8.0,0.0,8.0,-18.0,-4.0,0.0,14.0,,,
without_history,jev,medes_ltbr90,belavy2017__fly__gastrocnemius_medialis__bed_rest_28__MRI_volume,28.0,-5.6,-6.96,1.36,1.0972,1.3471,-10.0,-4.0,1.0,6.0,-10.0,-2.0,1.0,8.0,0.23,25993.0,True
without_history,duration_curve,medes_ltbr90,belavy2017__fly__gastrocnemius_medialis__bed_rest_28__MRI_volume,28.0,-5.6,-8.4308,2.8308,1.9109,2.0949,-10.0,-4.0,1.0,6.0,-14.0,0.0,1.0,14.0,,,
without_history,jev,medes_ltbr90,belavy2017__fly__gastrocnemius_medialis__bed_rest_89__MRI_volume,89.0,-13.3,-10.82,2.48,0.7902,0.7985,-14.0,-10.0,1.0,4.0,-16.0,-6.0,1.0,10.0,0.41,26143.0,True
without_history,duration_curve,medes_ltbr90,belavy2017__fly__gastrocnemius_medialis__bed_rest_89__MRI_volume,89.0,-13.3,-13.1077,0.1923,1.1085,1.6487,-16.0,-8.0,1.0,8.0,-18.0,-4.0,1.0,14.0,,,
without_history,jev,medes_ltbr90,belavy2017__ctrl__soleus__bed_rest_28__MRI_volume,28.0,-15.6,-16.32,0.72,1.5896,3.5066,-18.0,-16.0,0.0,2.0,-18.0,-16.0,0.0,2.0,0.83,26163.0,True
without_history,duration_curve,medes_ltbr90,belavy2017__ctrl__soleus__bed_rest_28__MRI_volume,28.0,-15.6,-8.4308,7.1692,4.4802,3.1628,-10.0,-4.0,0.0,6.0,-14.0,0.0,0.0,14.0,,,
without_history,jev,medes_ltbr90,belavy2017__ctrl__soleus__bed_rest_89__MRI_volume,89.0,-28.6,-21.4,7.2,5.5788,3.912,-24.0,-22.0,0.0,2.0,-24.0,-12.0,0.0,12.0,0.46,26017.0,True
without_history,duration_curve,medes_ltbr90,belavy2017__ctrl__soleus__bed_rest_89__MRI_volume,89.0,-28.6,-13.1077,15.4923,12.77,4.1744,-16.0,-8.0,0.0,8.0,-18.0,-4.0,0.0,14.0,,,
without_history,jev,medes_ltbr90,belavy2017__fly__soleus__bed_rest_28__MRI_volume,28.0,-10.6,-6.96,3.64,2.5768,2.5257,-10.0,-6.0,0.0,4.0,-12.0,-4.0,1.0,8.0,0.27,25988.0,True
without_history,duration_curve,medes_ltbr90,belavy2017__fly__soleus__bed_rest_28__MRI_volume,28.0,-10.6,-8.4308,2.1692,1.9571,2.4252,-10.0,-4.0,0.0,6.0,-14.0,0.0,1.0,14.0,,,
without_history,jev,medes_ltbr90,belavy2017__fly__soleus__bed_rest_89__MRI_volume,89.0,-19.9,-10.18,9.72,6.8686,4.6052,-14.0,-10.0,0.0,4.0,-14.0,-6.0,0.0,8.0,0.3,26138.0,True
without_history,duration_curve,medes_ltbr90,belavy2017__fly__soleus__bed_rest_89__MRI_volume,89.0,-19.9,-13.1077,6.7923,3.9546,2.9957,-16.0,-8.0,0.0,8.0,-18.0,-4.0,0.0,14.0,,,
without_history,jev,medes_ltbr90,belavy2017__ctrl__rectus_femoris__bed_rest_28__MRI_volume,28.0,-3.6,-4.12,0.52,0.3212,0.462,-4.0,-2.0,1.0,2.0,-10.0,-2.0,1.0,8.0,0.6,26096.0,True
without_history,duration_curve,medes_ltbr90,belavy2017__ctrl__rectus_femoris__bed_rest_28__MRI_volume,28.0,-3.6,-8.4308,4.8308,3.1725,2.9216,-10.0,-4.0,0.0,6.0,-14.0,0.0,1.0,14.0,,,
without_history,jev,medes_ltbr90,belavy2017__ctrl__rectus_femoris__bed_rest_89__MRI_volume,89.0,-7.9,-12.9,5.0,4.797,3.2189,-14.0,-12.0,0.0,2.0,-16.0,-10.0,0.0,6.0,0.63,26026.0,True
without_history,duration_curve,medes_ltbr90,belavy2017__ctrl__rectus_femoris__bed_rest_89__MRI_volume,89.0,-7.9,-13.1077,5.2077,3.5854,2.4252,-16.0,-8.0,0.0,8.0,-18.0,-4.0,1.0,14.0,,,
without_history,jev,medes_ltbr90,belavy2017__fly__rectus_femoris__bed_rest_28__MRI_volume,28.0,-0.2,-4.54,4.34,2.1794,2.1203,-6.0,-2.0,0.0,4.0,-10.0,-2.0,0.0,8.0,0.25,26089.0,True
without_history,duration_curve,medes_ltbr90,belavy2017__fly__rectus_femoris__bed_rest_28__MRI_volume,28.0,-0.2,-8.4308,8.2308,4.6494,2.5162,-10.0,-4.0,0.0,6.0,-14.0,0.0,1.0,14.0,,,
without_history,jev,medes_ltbr90,belavy2017__fly__rectus_femoris__bed_rest_89__MRI_volume,89.0,-2.7,-9.12,6.42,4.3552,3.2189,-14.0,-8.0,0.0,6.0,-14.0,-4.0,0.0,10.0,0.21,26118.0,True
without_history,duration_curve,medes_ltbr90,belavy2017__fly__rectus_femoris__bed_rest_89__MRI_volume,89.0,-2.7,-13.1077,10.4077,7.1085,4.1744,-16.0,-8.0,0.0,8.0,-18.0,-4.0,0.0,14.0,,,
without_history,jev,medes_ltbr90,belavy2017__ctrl__adductor_brevis__bed_rest_28__MRI_volume,28.0,-1.0,-1.32,0.32,0.5028,0.8916,-2.0,2.0,1.0,4.0,-4.0,2.0,1.0,6.0,0.38,26063.0,True
without_history,duration_curve,medes_ltbr90,belavy2017__ctrl__adductor_brevis__bed_rest_28__MRI_volume,28.0,-1.0,-8.4308,7.4308,4.6494,2.5162,-10.0,-4.0,0.0,6.0,-14.0,0.0,1.0,14.0,,,
without_history,jev,medes_ltbr90,belavy2017__ctrl__adductor_brevis__bed_rest_89__MRI_volume,89.0,-2.5,-9.54,7.04,4.5234,2.6593,-16.0,-12.0,0.0,4.0,-14.0,0.0,1.0,14.0,0.4,26096.0,True
without_history,duration_curve,medes_ltbr90,belavy2017__ctrl__adductor_brevis__bed_rest_89__MRI_volume,89.0,-2.5,-13.1077,10.6077,7.1085,4.1744,-16.0,-8.0,0.0,8.0,-18.0,-4.0,0.0,14.0,,,
without_history,jev,medes_ltbr90,belavy2017__fly__adductor_brevis__bed_rest_28__MRI_volume,28.0,-8.2,-3.1818,5.0182,3.8029,2.0302,-4.0,2.0,0.0,6.0,-10.0,2.0,1.0,12.0,0.18,26087.0,True
without_history,duration_curve,medes_ltbr90,belavy2017__fly__adductor_brevis__bed_rest_28__MRI_volume,28.0,-8.2,-8.4308,0.2308,1.1879,1.7105,-10.0,-4.0,1.0,6.0,-14.0,0.0,1.0,14.0,,,
without_history,jev,medes_ltbr90,belavy2017__fly__adductor_brevis__bed_rest_89__MRI_volume,89.0,-4.8,-7.58,2.78,2.1722,2.5257,-14.0,-6.0,0.0,8.0,-14.0,0.0,1.0,14.0,0.2,26129.0,True
without_history,duration_curve,medes_ltbr90,belavy2017__fly__adductor_brevis__bed_rest_89__MRI_volume,89.0,-4.8,-13.1077,8.3077,5.2315,2.8526,-16.0,-8.0,0.0,8.0,-18.0,-4.0,1.0,14.0,,,
without_history,jev,medes_ltbr90,belavy2017__ctrl__adductor_longus__bed_rest_28__MRI_volume,28.0,-0.7,-3.1,2.4,1.0406,1.204,-4.0,-2.0,0.0,2.0,-4.0,0.0,1.0,4.0,0.52,26063.0,True
without_history,duration_curve,medes_ltbr90,belavy2017__ctrl__adductor_longus__bed_rest_28__MRI_volume,28.0,-0.7,-8.4308,7.7308,4.6494,2.5162,-10.0,-4.0,0.0,6.0,-14.0,0.0,1.0,14.0,,,
without_history,jev,medes_ltbr90,belavy2017__ctrl__adductor_longus__bed_rest_89__MRI_volume,89.0,-7.1,-11.32,4.22,3.0208,2.2073,-16.0,-12.0,0.0,4.0,-16.0,-6.0,1.0,10.0,0.41,26096.0,True
without_history,duration_curve,medes_ltbr90,belavy2017__ctrl__adductor_longus__bed_rest_89__MRI_volume,89.0,-7.1,-13.1077,6.0077,3.5854,2.4252,-16.0,-8.0,0.0,8.0,-18.0,-4.0,1.0,14.0,,,
without_history,jev,medes_ltbr90,belavy2017__fly__adductor_longus__bed_rest_28__MRI_volume,28.0,-1.4,-3.0808,1.6808,0.9858,1.2278,-4.0,0.0,1.0,4.0,-8.0,2.0,1.0,10.0,0.24,26087.0,True
without_history,duration_curve,medes_ltbr90,belavy2017__fly__adductor_longus__bed_rest_28__MRI_volume,28.0,-1.4,-8.4308,7.0308,4.6494,2.5162,-10.0,-4.0,0.0,6.0,-14.0,0.0,1.0,14.0,,,
without_history,jev,medes_ltbr90,belavy2017__fly__adductor_longus__bed_rest_89__MRI_volume,89.0,-2.9,-8.44,5.54,3.6256,2.8134,-14.0,-8.0,0.0,6.0,-14.0,-2.0,1.0,12.0,0.21,26129.0,True
without_history,duration_curve,medes_ltbr90,belavy2017__fly__adductor_longus__bed_rest_89__MRI_volume,89.0,-2.9,-13.1077,10.2077,7.1085,4.1744,-16.0,-8.0,0.0,8.0,-18.0,-4.0,0.0,14.0,,,
without_history,jev,medes_ltbr90,belavy2017__ctrl__adductor_magnus__bed_rest_28__MRI_volume,28.0,-7.8,-5.98,1.82,0.6826,1.0498,-6.0,-4.0,0.0,2.0,-8.0,-4.0,1.0,4.0,0.55,26063.0,True
without_history,duration_curve,medes_ltbr90,belavy2017__ctrl__adductor_magnus__bed_rest_28__MRI_volume,28.0,-7.8,-8.4308,0.6308,1.1417,1.5904,-10.0,-4.0,1.0,6.0,-14.0,0.0,1.0,14.0,,,
without_history,jev,medes_ltbr90,belavy2017__ctrl__adductor_magnus__bed_rest_89__MRI_volume,89.0,-13.0,-13.1,0.1,0.2898,0.6162,-14.0,-12.0,1.0,2.0,-16.0,-8.0,1.0,8.0,0.5,26096.0,True
without_history,duration_curve,medes_ltbr90,belavy2017__ctrl__adductor_magnus__bed_rest_89__MRI_volume,89.0,-13.0,-13.1077,0.1077,1.1085,1.6487,-16.0,-8.0,1.0,8.0,-18.0,-4.0,1.0,14.0,,,
without_history,jev,medes_ltbr90,belavy2017__fly__adductor_magnus__bed_rest_28__MRI_volume,28.0,-3.0,-4.5,1.5,0.981,1.5141,-6.0,-2.0,1.0,4.0,-8.0,0.0,1.0,8.0,0.29,26087.0,True
without_history,duration_curve,medes_ltbr90,belavy2017__fly__adductor_magnus__bed_rest_28__MRI_volume,28.0,-3.0,-8.4308,5.4308,3.1725,2.9216,-10.0,-4.0,0.0,6.0,-14.0,0.0,1.0,14.0,,,
without_history,jev,medes_ltbr90,belavy2017__fly__adductor_magnus__bed_rest_89__MRI_volume,89.0,-6.1,-9.04,2.94,1.7948,2.1203,-14.0,-8.0,0.0,6.0,-14.0,-4.0,1.0,10.0,0.25,26129.0,True
without_history,duration_curve,medes_ltbr90,belavy2017__fly__adductor_magnus__bed_rest_89__MRI_volume,89.0,-6.1,-13.1077,7.0077,3.5854,2.4252,-16.0,-8.0,0.0,8.0,-18.0,-4.0,1.0,14.0,,,
without_history,jev,medes_ltbr90,belavy2017__ctrl__gracilis__bed_rest_28__MRI_volume,28.0,0.2,0.86,0.66,1.1002,2.2073,2.0,4.0,0.0,2.0,-2.0,,1.0,8.0,0.49,26061.0,True
without_history,duration_curve,medes_ltbr90,belavy2017__ctrl__gracilis__bed_rest_28__MRI_volume,28.0,0.2,-8.4308,8.6308,6.4494,3.6148,-10.0,-4.0,0.0,6.0,-14.0,0.0,0.0,14.0,,,
without_history,jev,medes_ltbr90,belavy2017__ctrl__gracilis__bed_rest_89__MRI_volume,89.0,-2.6,-9.44,6.84,4.0656,2.2073,-16.0,-10.0,0.0,6.0,-14.0,-2.0,1.0,12.0,0.28,26094.0,True
without_history,duration_curve,medes_ltbr90,belavy2017__ctrl__gracilis__bed_rest_89__MRI_volume,89.0,-2.6,-13.1077,10.5077,7.1085,4.1744,-16.0,-8.0,0.0,8.0,-18.0,-4.0,0.0,14.0,,,
without_history,jev,medes_ltbr90,belavy2017__fly__gracilis__bed_rest_28__MRI_volume,28.0,-2.5,-2.7374,0.2374,0.8613,1.4171,-4.0,2.0,1.0,6.0,-10.0,2.0,1.0,12.0,0.18,26085.0,True
without_history,duration_curve,medes_ltbr90,belavy2017__fly__gracilis__bed_rest_28__MRI_volume,28.0,-2.5,-8.4308,5.9308,3.1725,2.9216,-10.0,-4.0,0.0,6.0,-14.0,0.0,1.0,14.0,,,
without_history,jev,medes_ltbr90,belavy2017__fly__gracilis__bed_rest_89__MRI_volume,89.0,-6.8,-8.18,1.38,1.5358,2.1203,-14.0,-6.0,1.0,8.0,-14.0,-2.0,1.0,12.0,0.21,26127.0,True
without_history,duration_curve,medes_ltbr90,belavy2017__fly__gracilis__bed_rest_89__MRI_volume,89.0,-6.8,-13.1077,6.3077,3.5854,2.4252,-16.0,-8.0,0.0,8.0,-18.0,-4.0,1.0,14.0,,,
without_history,jev,medes_ltbr90,belavy2017__ctrl__sartorius__bed_rest_28__MRI_volume,28.0,-5.9,-2.96,2.94,1.814,4.6052,-4.0,-2.0,0.0,2.0,-4.0,0.0,0.0,4.0,0.62,26063.0,True
without_history,duration_curve,medes_ltbr90,belavy2017__ctrl__sartorius__bed_rest_28__MRI_volume,28.0,-5.9,-8.4308,2.5308,1.9109,2.0949,-10.0,-4.0,1.0,6.0,-14.0,0.0,1.0,14.0,,,
without_history,jev,medes_ltbr90,belavy2017__ctrl__sartorius__bed_rest_89__MRI_volume,89.0,-9.4,-12.68,3.28,2.6556,2.6593,-14.0,-12.0,0.0,2.0,-16.0,-8.0,1.0,8.0,0.5,26096.0,True
without_history,duration_curve,medes_ltbr90,belavy2017__ctrl__sartorius__bed_rest_89__MRI_volume,89.0,-9.4,-13.1077,3.7077,2.2931,2.3418,-16.0,-8.0,1.0,8.0,-18.0,-4.0,1.0,14.0,,,
without_history,jev,medes_ltbr90,belavy2017__fly__sartorius__bed_rest_28__MRI_volume,28.0,-4.3,-2.798,1.502,1.7584,2.6492,-4.0,0.0,0.0,4.0,-6.0,0.0,1.0,6.0,0.37,26087.0,True
without_history,duration_curve,medes_ltbr90,belavy2017__fly__sartorius__bed_rest_28__MRI_volume,28.0,-4.3,-8.4308,4.1308,1.9109,2.0949,-10.0,-4.0,1.0,6.0,-14.0,0.0,1.0,14.0,,,
without_history,jev,medes_ltbr90,belavy2017__fly__sartorius__bed_rest_89__MRI_volume,89.0,-9.1,-9.64,0.54,1.5332,2.5257,-14.0,-10.0,0.0,4.0,-16.0,-4.0,1.0,12.0,0.37,26129.0,True
without_history,duration_curve,medes_ltbr90,belavy2017__fly__sartorius__bed_rest_89__MRI_volume,89.0,-9.1,-13.1077,4.0077,2.2931,2.3418,-16.0,-8.0,1.0,8.0,-18.0,-4.0,1.0,14.0,,,
without_history,jev,medes_ltbr90,belavy2017__ctrl__biceps_femoris_long_head__bed_rest_28__MRI_volume,28.0,-10.5,-8.7,1.8,1.969,3.5066,-10.0,-8.0,0.0,2.0,-10.0,-6.0,0.0,4.0,0.56,26067.0,True
without_history,duration_curve,medes_ltbr90,belavy2017__ctrl__biceps_femoris_long_head__bed_rest_28__MRI_volume,28.0,-10.5,-8.4308,2.0692,1.9571,2.4252,-10.0,-4.0,0.0,6.0,-14.0,0.0,1.0,14.0,,,
without_history,jev,medes_ltbr90,belavy2017__ctrl__biceps_femoris_long_head__bed_rest_89__MRI_volume,89.0,-20.0,-14.5,5.5,3.6078,3.2189,-14.0,-12.0,0.0,2.0,-18.0,-10.0,0.0,8.0,0.55,25998.0,True
without_history,duration_curve,medes_ltbr90,belavy2017__ctrl__biceps_femoris_long_head__bed_rest_89__MRI_volume,89.0,-20.0,-13.1077,6.8923,3.9546,2.9957,-16.0,-8.0,0.0,8.0,-18.0,-4.0,0.0,14.0,,,
without_history,jev,medes_ltbr90,belavy2017__fly__biceps_femoris_long_head__bed_rest_28__MRI_volume,28.0,-11.8,-6.12,5.68,3.5184,3.2189,-8.0,-4.0,0.0,4.0,-10.0,-2.0,0.0,8.0,0.26,25993.0,True
without_history,duration_curve,medes_ltbr90,belavy2017__fly__biceps_femoris_long_head__bed_rest_28__MRI_volume,28.0,-11.8,-8.4308,3.3692,1.9571,2.4252,-10.0,-4.0,0.0,6.0,-14.0,0.0,1.0,14.0,,,
without_history,jev,medes_ltbr90,belavy2017__fly__biceps_femoris_long_head__bed_rest_89__MRI_volume,89.0,-21.1,-10.0909,11.0091,8.8669,13.8155,-14.0,-10.0,0.0,4.0,-14.0,-4.0,0.0,10.0,0.3,26131.0,True
without_history,duration_curve,medes_ltbr90,belavy2017__fly__biceps_femoris_long_head__bed_rest_89__MRI_volume,89.0,-21.1,-13.1077,7.9923,5.4777,3.2581,-16.0,-8.0,0.0,8.0,-18.0,-4.0,0.0,14.0,,,
without_history,jev,medes_ltbr90,belavy2017__ctrl__biceps_femoris_short_head__bed_rest_28__MRI_volume,28.0,-2.8,-5.16,2.36,0.9252,0.8675,-6.0,-2.0,1.0,4.0,-10.0,-2.0,1.0,8.0,0.38,26069.0,True
without_history,duration_curve,medes_ltbr90,belavy2017__ctrl__biceps_femoris_short_head__bed_rest_28__MRI_volume,28.0,-2.8,-8.4308,5.6308,3.1725,2.9216,-10.0,-4.0,0.0,6.0,-14.0,0.0,1.0,14.0,,,
without_history,jev,medes_ltbr90,belavy2017__ctrl__biceps_femoris_short_head__bed_rest_89__MRI_volume,89.0,-6.3,-13.44,7.14,5.0692,3.5066,-14.0,-12.0,0.0,2.0,-18.0,-10.0,0.0,8.0,0.57,26000.0,True
without_history,duration_curve,medes_ltbr90,belavy2017__ctrl__biceps_femoris_short_head__bed_rest_89__MRI_volume,89.0,-6.3,-13.1077,6.8077,3.5854,2.4252,-16.0,-8.0,0.0,8.0,-18.0,-4.0,1.0,14.0,,,
without_history,jev,medes_ltbr90,belavy2017__fly__biceps_femoris_short_head__bed_rest_28__MRI_volume,28.0,-4.4,-4.6,0.2,0.6716,1.3471,-6.0,-2.0,1.0,4.0,-10.0,-2.0,1.0,8.0,0.3,25995.0,True
without_history,duration_curve,medes_ltbr90,belavy2017__fly__biceps_femoris_short_head__bed_rest_28__MRI_volume,28.0,-4.4,-8.4308,4.0308,1.9109,2.0949,-10.0,-4.0,1.0,6.0,-14.0,0.0,1.0,14.0,,,
without_history,jev,medes_ltbr90,belavy2017__fly__biceps_femoris_short_head__bed_rest_89__MRI_volume,89.0,-6.8,-9.3,2.5,1.7314,1.9661,-14.0,-8.0,0.0,6.0,-14.0,-2.0,1.0,12.0,0.21,26133.0,True
without_history,duration_curve,medes_ltbr90,belavy2017__fly__biceps_femoris_short_head__bed_rest_89__MRI_volume,89.0,-6.8,-13.1077,6.3077,3.5854,2.4252,-16.0,-8.0,0.0,8.0,-18.0,-4.0,1.0,14.0,,,
without_history,jev,medes_ltbr90,belavy2017__ctrl__semimembranosus__bed_rest_28__MRI_volume,28.0,-10.4,-7.58,2.82,2.941,4.6052,-8.0,-6.0,0.0,2.0,-10.0,-6.0,0.0,4.0,0.65,26065.0,True
without_history,duration_curve,medes_ltbr90,belavy2017__ctrl__semimembranosus__bed_rest_28__MRI_volume,28.0,-10.4,-8.4308,1.9692,1.9571,2.4252,-10.0,-4.0,0.0,6.0,-14.0,0.0,1.0,14.0,,,
without_history,jev,medes_ltbr90,belavy2017__ctrl__semimembranosus__bed_rest_89__MRI_volume,89.0,-18.0,-14.2929,3.7071,2.2504,2.6492,-14.0,-12.0,0.0,2.0,-18.0,-10.0,1.0,8.0,0.51,26096.0,True
without_history,duration_curve,medes_ltbr90,belavy2017__ctrl__semimembranosus__bed_rest_89__MRI_volume,89.0,-18.0,-13.1077,4.8923,2.6315,2.6162,-16.0,-8.0,0.0,8.0,-18.0,-4.0,1.0,14.0,,,
without_history,jev,medes_ltbr90,belavy2017__fly__semimembranosus__bed_rest_28__MRI_volume,28.0,-10.7,-6.12,4.58,3.6396,3.5066,-8.0,-4.0,0.0,4.0,-10.0,-4.0,0.0,6.0,0.29,25991.0,True
without_history,duration_curve,medes_ltbr90,belavy2017__fly__semimembranosus__bed_rest_28__MRI_volume,28.0,-10.7,-8.4308,2.2692,1.9571,2.4252,-10.0,-4.0,0.0,6.0,-14.0,0.0,1.0,14.0,,,
without_history,jev,medes_ltbr90,belavy2017__fly__semimembranosus__bed_rest_89__MRI_volume,89.0,-18.0,-9.8687,8.1313,5.1078,4.5951,-14.0,-8.0,0.0,6.0,-14.0,-4.0,0.0,10.0,0.24,26129.0,True
without_history,duration_curve,medes_ltbr90,belavy2017__fly__semimembranosus__bed_rest_89__MRI_volume,89.0,-18.0,-13.1077,4.8923,2.6315,2.6162,-16.0,-8.0,0.0,8.0,-18.0,-4.0,1.0,14.0,,,
without_history,jev,medes_ltbr90,belavy2017__ctrl__semitendinosus__bed_rest_28__MRI_volume,28.0,-4.1,-8.46,4.36,3.037,13.8155,-10.0,-8.0,0.0,2.0,-10.0,-6.0,0.0,4.0,0.69,26065.0,True
without_history,duration_curve,medes_ltbr90,belavy2017__ctrl__semitendinosus__bed_rest_28__MRI_volume,28.0,-4.1,-8.4308,4.3308,1.9109,2.0949,-10.0,-4.0,1.0,6.0,-14.0,0.0,1.0,14.0,,,
without_history,jev,medes_ltbr90,belavy2017__ctrl__semitendinosus__bed_rest_89__MRI_volume,89.0,-7.3,-13.6,6.3,5.5248,4.6052,-14.0,-12.0,0.0,2.0,-16.0,-10.0,0.0,6.0,0.65,26096.0,True
without_history,duration_curve,medes_ltbr90,belavy2017__ctrl__semitendinosus__bed_rest_89__MRI_volume,89.0,-7.3,-13.1077,5.8077,3.5854,2.4252,-16.0,-8.0,0.0,8.0,-18.0,-4.0,1.0,14.0,,,
without_history,jev,medes_ltbr90,belavy2017__fly__semitendinosus__bed_rest_28__MRI_volume,28.0,-6.5,-6.3,0.2,0.5846,1.2379,-8.0,-4.0,1.0,4.0,-10.0,-4.0,1.0,6.0,0.26,25991.0,True
without_history,duration_curve,medes_ltbr90,belavy2017__fly__semitendinosus__bed_rest_28__MRI_volume,28.0,-6.5,-8.4308,1.9308,1.1417,1.5904,-10.0,-4.0,1.0,6.0,-14.0,0.0,1.0,14.0,,,
without_history,jev,medes_ltbr90,belavy2017__fly__semitendinosus__bed_rest_89__MRI_volume,89.0,-10.6,-9.64,0.96,1.014,1.8971,-14.0,-8.0,1.0,6.0,-14.0,-4.0,1.0,10.0,0.24,26129.0,True
without_history,duration_curve,medes_ltbr90,belavy2017__fly__semitendinosus__bed_rest_89__MRI_volume,89.0,-10.6,-13.1077,2.5077,1.3854,1.8471,-16.0,-8.0,1.0,8.0,-18.0,-4.0,1.0,14.0,,,
without_history,jev,medes_ltbr90,belavy2017__ctrl__popliteus__bed_rest_28__MRI_volume,28.0,-1.6,-8.12,6.52,6.486,13.8155,-10.0,-8.0,0.0,2.0,-10.0,-6.0,0.0,4.0,0.55,26063.0,True
without_history,duration_curve,medes_ltbr90,belavy2017__ctrl__popliteus__bed_rest_28__MRI_volume,28.0,-1.6,-8.4308,6.8308,4.6494,2.5162,-10.0,-4.0,0.0,6.0,-14.0,0.0,1.0,14.0,,,
without_history,jev,medes_ltbr90,belavy2017__ctrl__popliteus__bed_rest_89__MRI_volume,89.0,-5.1,-14.56,9.46,7.9024,13.8155,-14.0,-12.0,0.0,2.0,-18.0,-10.0,0.0,8.0,0.48,26094.0,True
without_history,duration_curve,medes_ltbr90,belavy2017__ctrl__popliteus__bed_rest_89__MRI_volume,89.0,-5.1,-13.1077,8.0077,5.2315,2.8526,-16.0,-8.0,0.0,8.0,-18.0,-4.0,1.0,14.0,,,
without_history,jev,medes_ltbr90,belavy2017__fly__popliteus__bed_rest_28__MRI_volume,28.0,-2.6,-5.72,3.12,1.6648,1.8326,-8.0,-4.0,0.0,4.0,-10.0,-2.0,1.0,8.0,0.28,25989.0,True
without_history,duration_curve,medes_ltbr90,belavy2017__fly__popliteus__bed_rest_28__MRI_volume,28.0,-2.6,-8.4308,5.8308,3.1725,2.9216,-10.0,-4.0,0.0,6.0,-14.0,0.0,1.0,14.0,,,
without_history,jev,medes_ltbr90,belavy2017__fly__popliteus__bed_rest_89__MRI_volume,89.0,-4.0,-10.62,6.62,5.8202,3.5066,-14.0,-10.0,0.0,4.0,-14.0,-6.0,0.0,8.0,0.35,26127.0,True
without_history,duration_curve,medes_ltbr90,belavy2017__fly__popliteus__bed_rest_89__MRI_volume,89.0,-4.0,-13.1077,9.1077,7.1085,4.1744,-16.0,-8.0,0.0,8.0,-18.0,-4.0,0.0,14.0,,,
without_history,jev,medes_ltbr90,belavy2017__ctrl__gluteus_maximus__bed_rest_28__MRI_volume__lower_portion_only,28.0,-4.1,-8.48,4.38,3.0784,3.2189,-10.0,-8.0,0.0,2.0,-10.0,-6.0,0.0,4.0,0.76,26086.0,True
without_history,duration_curve,medes_ltbr90,belavy2017__ctrl__gluteus_maximus__bed_rest_28__MRI_volume__lower_portion_only,28.0,-4.1,-8.4308,4.3308,1.9109,2.0949,-10.0,-4.0,1.0,6.0,-14.0,0.0,1.0,14.0,,,
without_history,jev,medes_ltbr90,belavy2017__ctrl__gluteus_maximus__bed_rest_89__MRI_volume__lower_portion_only,89.0,-6.9,-12.7,5.8,4.9746,3.912,-14.0,-12.0,0.0,2.0,-16.0,-12.0,0.0,4.0,0.71,26015.0,True
without_history,duration_curve,medes_ltbr90,belavy2017__ctrl__gluteus_maximus__bed_rest_89__MRI_volume__lower_portion_only,89.0,-6.9,-13.1077,6.2077,3.5854,2.4252,-16.0,-8.0,0.0,8.0,-18.0,-4.0,1.0,14.0,,,
without_history,jev,medes_ltbr90,belavy2017__fly__gluteus_maximus__bed_rest_28__MRI_volume__lower_portion_only,28.0,-0.4,-6.5,6.1,4.0414,2.8134,-10.0,-6.0,0.0,4.0,-10.0,-2.0,0.0,8.0,0.32,26003.0,True
without_history,duration_curve,medes_ltbr90,belavy2017__fly__gluteus_maximus__bed_rest_28__MRI_volume__lower_portion_only,28.0,-0.4,-8.4308,8.0308,4.6494,2.5162,-10.0,-4.0,0.0,6.0,-14.0,0.0,1.0,14.0,,,
without_history,jev,medes_ltbr90,belavy2017__fly__gluteus_maximus__bed_rest_89__MRI_volume__lower_portion_only,89.0,-0.5,-9.8,9.3,6.7836,3.5066,-14.0,-10.0,0.0,4.0,-14.0,-4.0,0.0,10.0,0.31,26050.0,True
without_history,duration_curve,medes_ltbr90,belavy2017__fly__gluteus_maximus__bed_rest_89__MRI_volume__lower_portion_only,89.0,-0.5,-13.1077,12.6077,9.0469,4.8675,-16.0,-8.0,0.0,8.0,-18.0,-4.0,0.0,14.0,,,
without_history,jev,medes_ltbr90,belavy2017__ctrl__obturator_externus__bed_rest_28__MRI_volume,28.0,3.5,-6.08,9.58,7.352,13.8155,-10.0,-6.0,0.0,4.0,-10.0,-2.0,0.0,8.0,0.33,26063.0,True
without_history,duration_curve,medes_ltbr90,belavy2017__ctrl__obturator_externus__bed_rest_28__MRI_volume,28.0,3.5,-8.4308,11.9308,8.3571,4.1744,-10.0,-4.0,0.0,6.0,-14.0,0.0,0.0,14.0,,,
without_history,jev,medes_ltbr90,belavy2017__ctrl__obturator_externus__bed_rest_89__MRI_volume,89.0,1.9,-11.38,13.28,10.1354,4.6052,-16.0,-12.0,0.0,4.0,-16.0,-4.0,0.0,12.0,0.44,26096.0,True
without_history,duration_curve,medes_ltbr90,belavy2017__ctrl__obturator_externus__bed_rest_89__MRI_volume,89.0,1.9,-13.1077,15.0077,11.0162,13.8155,-16.0,-8.0,0.0,8.0,-18.0,-4.0,0.0,14.0,,,
without_history,jev,medes_ltbr90,belavy2017__fly__obturator_externus__bed_rest_28__MRI_volume,28.0,-2.8,-5.82,3.02,1.6826,1.7148,-10.0,-4.0,0.0,6.0,-10.0,-2.0,1.0,8.0,0.19,26089.0,True
without_history,duration_curve,medes_ltbr90,belavy2017__fly__obturator_externus__bed_rest_28__MRI_volume,28.0,-2.8,-8.4308,5.6308,3.1725,2.9216,-10.0,-4.0,0.0,6.0,-14.0,0.0,1.0,14.0,,,
without_history,jev,medes_ltbr90,belavy2017__fly__obturator_externus__bed_rest_89__MRI_volume,89.0,-0.7,-9.52,8.82,6.3504,3.2189,-14.0,-8.0,0.0,6.0,-14.0,-4.0,0.0,10.0,0.26,26129.0,True
without_history,duration_curve,medes_ltbr90,belavy2017__fly__obturator_externus__bed_rest_89__MRI_volume,89.0,-0.7,-13.1077,12.4077,9.0469,4.8675,-16.0,-8.0,0.0,8.0,-18.0,-4.0,0.0,14.0,,,
without_history,jev,medes_ltbr90,belavy2017__ctrl__obturator_internus__bed_rest_28__MRI_volume,28.0,5.6,-6.96,12.56,10.4312,13.8155,-10.0,-8.0,0.0,2.0,-10.0,-2.0,0.0,8.0,0.49,26062.0,True
without_history,duration_curve,medes_ltbr90,belavy2017__ctrl__obturator_internus__bed_rest_28__MRI_volume,28.0,5.6,-8.4308,14.0308,10.3263,4.8675,-10.0,-4.0,0.0,6.0,-14.0,0.0,0.0,14.0,,,
without_history,jev,medes_ltbr90,belavy2017__ctrl__obturator_internus__bed_rest_89__MRI_volume,89.0,3.6,-11.18,14.78,12.0022,13.8155,-14.0,-12.0,0.0,2.0,-16.0,-4.0,0.0,12.0,0.48,26095.0,True
without_history,duration_curve,medes_ltbr90,belavy2017__ctrl__obturator_internus__bed_rest_89__MRI_volume,89.0,3.6,-13.1077,16.7077,12.9854,13.8155,-16.0,-8.0,0.0,8.0,-18.0,-4.0,0.0,14.0,,,
without_history,jev,medes_ltbr90,belavy2017__fly__obturator_internus__bed_rest_28__MRI_volume,28.0,6.1,-6.1,12.2,9.507,13.8155,-10.0,-4.0,0.0,6.0,-10.0,-2.0,0.0,8.0,0.21,26088.0,True
without_history,duration_curve,medes_ltbr90,belavy2017__fly__obturator_internus__bed_rest_28__MRI_volume,28.0,6.1,-8.4308,14.5308,10.3263,4.8675,-10.0,-4.0,0.0,6.0,-14.0,0.0,0.0,14.0,,,
without_history,jev,medes_ltbr90,belavy2017__fly__obturator_internus__bed_rest_89__MRI_volume,89.0,9.4,-9.34,18.74,11.9642,13.8155,-14.0,-8.0,0.0,6.0,-14.0,-4.0,0.0,10.0,0.23,26128.0,True
without_history,duration_curve,medes_ltbr90,belavy2017__fly__obturator_internus__bed_rest_89__MRI_volume,89.0,9.4,-13.1077,22.5077,14.9546,4.8675,-16.0,-8.0,0.0,8.0,-18.0,-4.0,0.0,14.0,,,
without_history,jev,medes_ltbr90,belavy2017__ctrl__quadratus_femoris__bed_rest_28__MRI_volume,28.0,-8.8,-6.94,1.86,0.7742,0.7765,-10.0,-6.0,1.0,4.0,-10.0,-2.0,1.0,8.0,0.42,26062.0,True
without_history,duration_curve,medes_ltbr90,belavy2017__ctrl__quadratus_femoris__bed_rest_28__MRI_volume,28.0,-8.8,-8.4308,0.3692,1.1879,1.7105,-10.0,-4.0,1.0,6.0,-14.0,0.0,1.0,14.0,,,
without_history,jev,medes_ltbr90,belavy2017__ctrl__quadratus_femoris__bed_rest_89__MRI_volume,89.0,-13.5,-11.48,2.02,0.5792,0.734,-16.0,-12.0,1.0,4.0,-16.0,-4.0,1.0,12.0,0.44,26095.0,True
without_history,duration_curve,medes_ltbr90,belavy2017__ctrl__quadratus_femoris__bed_rest_89__MRI_volume,89.0,-13.5,-13.1077,0.3923,1.1085,1.6487,-16.0,-8.0,1.0,8.0,-18.0,-4.0,1.0,14.0,,,
without_history,jev,medes_ltbr90,belavy2017__fly__quadratus_femoris__bed_rest_28__MRI_volume,28.0,-7.7,-5.82,1.88,0.9014,1.6607,-10.0,-4.0,1.0,6.0,-10.0,-2.0,1.0,8.0,0.2,26088.0,True
without_history,duration_curve,medes_ltbr90,belavy2017__fly__quadratus_femoris__bed_rest_28__MRI_volume,28.0,-7.7,-8.4308,0.7308,1.1417,1.5904,-10.0,-4.0,1.0,6.0,-14.0,0.0,1.0,14.0,,,
without_history,jev,medes_ltbr90,belavy2017__fly__quadratus_femoris__bed_rest_89__MRI_volume,89.0,-9.8,-9.8,0.0,1.316,2.1203,-14.0,-10.0,0.0,4.0,-14.0,-4.0,1.0,10.0,0.29,26128.0,True
without_history,duration_curve,medes_ltbr90,belavy2017__fly__quadratus_femoris__bed_rest_89__MRI_volume,89.0,-9.8,-13.1077,3.3077,2.2931,2.3418,-16.0,-8.0,1.0,8.0,-18.0,-4.0,1.0,14.0,,,
without_history,jev,medes_ltbr90,rittweger2013__ctrl__whole_calf__bed_rest_89__CT_CSA,89.0,-26.6,-13.64,12.96,12.412,13.8155,-14.0,-12.0,0.0,2.0,-16.0,-12.0,0.0,4.0,0.74,26021.0,True
without_history,duration_curve,medes_ltbr90,rittweger2013__ctrl__whole_calf__bed_rest_89__CT_CSA,89.0,-26.6,-13.1077,13.4923,10.8623,5.5607,-16.0,-8.0,0.0,8.0,-18.0,-4.0,0.0,14.0,,,
without_history,jev,medes_ltbr90,rittweger2013__fw__whole_calf__bed_rest_89__CT_CSA,89.0,-18.6,-11.64,6.96,5.5964,3.912,-14.0,-10.0,0.0,4.0,-16.0,-6.0,0.0,10.0,0.38,26072.0,True
without_history,duration_curve,medes_ltbr90,rittweger2013__fw__whole_calf__bed_rest_89__CT_CSA,89.0,-18.6,-13.1077,5.4923,3.9546,2.9957,-16.0,-8.0,0.0,8.0,-18.0,-4.0,0.0,14.0,,,
without_history,jev,medes_ltbr90,alkner2004__bre__quadriceps__bed_rest_89__MRI_volume,89.0,-0.73,-8.58,7.85,5.4334,2.8134,-14.0,-8.0,0.0,6.0,-14.0,-4.0,0.0,10.0,0.18,26036.0,True
without_history,duration_curve,medes_ltbr90,alkner2004__bre__quadriceps__bed_rest_89__MRI_volume,89.0,-0.73,-13.1077,12.3777,9.0469,4.8675,-16.0,-8.0,0.0,8.0,-18.0,-4.0,0.0,14.0,,,
without_history,jev,nasa_sprint_br70,trappe2024sprint__br__soleus__bed_rest_70__MRI_volume,70.0,-23.87,-22.92,0.95,1.1784,1.6094,-28.0,-22.0,1.0,6.0,-30.0,-20.0,1.0,10.0,0.15,26206.0,True
without_history,duration_curve,nasa_sprint_br70,trappe2024sprint__br__soleus__bed_rest_70__MRI_volume,70.0,-23.87,-11.0175,12.8525,8.8423,4.4514,-14.0,-6.0,0.0,8.0,-20.0,-4.0,0.0,16.0,,,
without_history,jev,nasa_sprint_br70,trappe2024sprint__bre__soleus__bed_rest_70__MRI_volume,70.0,-9.13,-12.96,3.83,2.2888,2.3026,-16.0,-10.0,0.0,6.0,-20.0,-8.0,1.0,12.0,0.22,26257.0,True
without_history,duration_curve,nasa_sprint_br70,trappe2024sprint__bre__soleus__bed_rest_70__MRI_volume,70.0,-9.13,-11.0175,1.8875,1.4662,1.8865,-14.0,-6.0,1.0,8.0,-20.0,-4.0,1.0,16.0,,,
without_history,jev,nasa_sprint_br70,trappe2024sprint__bre_t__soleus__bed_rest_70__MRI_volume,70.0,-8.0,-12.14,4.14,3.1734,2.5257,-14.0,-8.0,0.0,6.0,-18.0,-6.0,1.0,12.0,0.22,26257.0,True
without_history,duration_curve,nasa_sprint_br70,trappe2024sprint__bre_t__soleus__bed_rest_70__MRI_volume,70.0,-8.0,-11.0175,3.0175,2.2883,2.4365,-14.0,-6.0,1.0,8.0,-20.0,-4.0,1.0,16.0,,,
without_history,jev,imbp_br21,orlova2026__ctrl__whole_calf__bed_rest_21__DXA_lean_mass,21.0,-6.0,-7.72,1.72,1.3196,1.5606,-8.0,-6.0,0.0,2.0,-8.0,-4.0,1.0,4.0,0.6,26094.0,True
without_history,duration_curve,imbp_br21,orlova2026__ctrl__whole_calf__bed_rest_21__DXA_lean_mass,21.0,-6.0,-6.8198,0.8198,1.4355,1.9905,-10.0,-2.0,1.0,8.0,-14.0,2.0,1.0,16.0,,,
without_history,jev,imbp_br21,orlova2026__ctrl__whole_thigh__bed_rest_21__DXA_lean_mass,21.0,-4.5,-7.0,2.5,1.7372,2.6593,-8.0,-6.0,0.0,2.0,-8.0,-6.0,0.0,2.0,0.85,26094.0,True
without_history,duration_curve,imbp_br21,orlova2026__ctrl__whole_thigh__bed_rest_21__DXA_lean_mass,21.0,-4.5,-6.8198,2.3198,1.4355,1.9905,-10.0,-2.0,1.0,8.0,-14.0,2.0,1.0,16.0,,,
without_history,jev,padova_ulls10,ulls2022__ulls__quadriceps__bed_rest_10__ultrasound_CSA__mean_of_30_50_and_70_fem,10.0,-4.5,-4.96,0.46,0.1472,0.478,-6.0,-4.0,1.0,2.0,-6.0,-2.0,1.0,4.0,0.59,26131.0,True
without_history,duration_curve,padova_ulls10,ulls2022__ulls__quadriceps__bed_rest_10__ultrasound_CSA__mean_of_30_50_and_70_fem,10.0,-4.5,-4.2986,0.2014,1.4058,1.8923,-6.0,2.0,1.0,8.0,-10.0,,1.0,16.0,,,
without_history,jev,lunhab_br10,mcdonnell2019__nbr__whole_calf__bed_rest_10__DXA_lean_mass,10.0,-4.0,-5.84,1.84,2.0556,2.5257,-6.0,-4.0,0.0,2.0,-8.0,-4.0,0.0,4.0,0.46,26095.0,True
without_history,duration_curve,lunhab_br10,mcdonnell2019__nbr__whole_calf__bed_rest_10__DXA_lean_mass,10.0,-4.0,-4.3099,0.3099,1.2949,1.8275,-6.0,2.0,1.0,8.0,-10.0,,1.0,16.0,,,
without_history,jev,lunhab_br10,mcdonnell2019__nbr__whole_thigh__bed_rest_10__DXA_lean_mass,10.0,-3.7,-4.34,0.64,0.8458,1.0498,-6.0,-4.0,0.0,2.0,-6.0,-2.0,1.0,4.0,0.6,26095.0,True
without_history,duration_curve,lunhab_br10,mcdonnell2019__nbr__whole_thigh__bed_rest_10__DXA_lean_mass,10.0,-3.7,-4.3099,0.6099,1.2949,1.8275,-6.0,2.0,1.0,8.0,-10.0,,1.0,16.0,,,
without_history,jev,lunhab_br10,mcdonnell2019__hbr__whole_calf__bed_rest_10__DXA_lean_mass,10.0,-4.9,-5.84,0.94,0.3756,0.6931,-6.0,-4.0,1.0,2.0,-8.0,-4.0,1.0,4.0,0.46,26095.0,True
without_history,duration_curve,lunhab_br10,mcdonnell2019__hbr__whole_calf__bed_rest_10__DXA_lean_mass,10.0,-4.9,-4.3099,0.5901,1.4118,1.8836,-6.0,2.0,1.0,8.0,-10.0,,1.0,16.0,,,
without_history,jev,lunhab_br10,mcdonnell2019__hbr__whole_thigh__bed_rest_10__DXA_lean_mass,10.0,-3.8,-4.34,0.54,0.8458,1.0498,-6.0,-4.0,0.0,2.0,-6.0,-2.0,1.0,4.0,0.6,26095.0,True
without_history,duration_curve,lunhab_br10,mcdonnell2019__hbr__whole_thigh__bed_rest_10__DXA_lean_mass,10.0,-3.8,-4.3099,0.5099,1.2949,1.8275,-6.0,2.0,1.0,8.0,-10.0,,1.0,16.0,,,
without_history,jev,izola_br14,pisot2016__young__quadriceps__bed_rest_14__MRI_volume,14.0,-5.7,-5.9,0.2,0.3706,0.5621,-6.0,-4.0,1.0,2.0,-8.0,-4.0,1.0,4.0,0.53,26098.0,True
without_history,duration_curve,izola_br14,pisot2016__young__quadriceps__bed_rest_14__MRI_volume,14.0,-5.7,-5.379,0.321,1.2176,1.7269,-8.0,0.0,1.0,8.0,-14.0,2.0,1.0,16.0,,,
without_history,jev,izola_br14,pisot2016__old__quadriceps__bed_rest_14__MRI_volume,14.0,-8.4,-5.82,2.58,2.6802,4.6052,-6.0,-4.0,0.0,2.0,-8.0,-4.0,0.0,4.0,0.57,26099.0,True
without_history,duration_curve,izola_br14,pisot2016__old__quadriceps__bed_rest_14__MRI_volume,14.0,-8.4,-5.379,3.021,2.582,2.7022,-8.0,0.0,0.0,8.0,-14.0,2.0,1.0,16.0,,,
without_history,jev,izola_br14,rejc2018__old__quadriceps__bed_rest_14__MRI_volume,14.0,-8.3,-5.88,2.42,2.61,4.6052,-6.0,-4.0,0.0,2.0,-8.0,-4.0,0.0,4.0,0.53,26073.0,True
without_history,duration_curve,izola_br14,rejc2018__old__quadriceps__bed_rest_14__MRI_volume,14.0,-8.3,-5.379,2.921,2.582,2.7022,-8.0,0.0,0.0,8.0,-14.0,2.0,1.0,16.0,,,
without_history,jev,liphardt_br21,liphardt2020__con__rectus_femoris__bed_rest_21__MRI_CSA__10_of_roi,21.0,-0.0,-6.04,6.04,6.4228,13.8155,-8.0,-4.0,0.0,4.0,-8.0,-4.0,0.0,4.0,0.45,26101.0,True
without_history,duration_curve,liphardt_br21,liphardt2020__con__rectus_femoris__bed_rest_21__MRI_CSA__10_of_roi,21.0,-0.0,-6.5521,6.5521,4.5518,2.7912,-10.0,-2.0,0.0,8.0,-14.0,2.0,1.0,16.0,,,
without_history,jev,liphardt_br21,liphardt2020__con__rectus_femoris__bed_rest_21__MRI_CSA__30_of_roi,21.0,-5.0,-6.4,1.4,0.8504,1.0788,-8.0,-6.0,0.0,2.0,-8.0,-4.0,1.0,4.0,0.56,26101.0,True
without_history,duration_curve,liphardt_br21,liphardt2020__con__rectus_femoris__bed_rest_21__MRI_CSA__30_of_roi,21.0,-5.0,-6.5521,1.5521,1.3616,1.9583,-10.0,-2.0,1.0,8.0,-14.0,2.0,1.0,16.0,,,
without_history,jev,liphardt_br21,liphardt2020__con__rectus_femoris__bed_rest_21__MRI_CSA__50_of_roi,21.0,-4.6,-6.28,1.68,0.726,0.9676,-8.0,-6.0,0.0,2.0,-8.0,-4.0,1.0,4.0,0.51,26101.0,True
without_history,duration_curve,liphardt_br21,liphardt2020__con__rectus_femoris__bed_rest_21__MRI_CSA__50_of_roi,21.0,-4.6,-6.5521,1.9521,1.3616,1.9583,-10.0,-2.0,1.0,8.0,-14.0,2.0,1.0,16.0,,,
without_history,jev,liphardt_br21,liphardt2020__con__rectus_femoris__bed_rest_21__MRI_CSA__70_of_roi,21.0,-5.2,-6.32,1.12,0.7724,0.9943,-8.0,-6.0,0.0,2.0,-8.0,-4.0,1.0,4.0,0.54,26101.0,True
without_history,duration_curve,liphardt_br21,liphardt2020__con__rectus_femoris__bed_rest_21__MRI_CSA__70_of_roi,21.0,-5.2,-6.5521,1.3521,1.3616,1.9583,-10.0,-2.0,1.0,8.0,-14.0,2.0,1.0,16.0,,,
without_history,jev,liphardt_br21,liphardt2020__con__rectus_femoris__bed_rest_21__MRI_CSA__90_of_roi,21.0,-7.1,-6.34,0.76,0.2774,0.5276,-8.0,-6.0,1.0,2.0,-8.0,-4.0,1.0,4.0,0.56,26101.0,True
without_history,duration_curve,liphardt_br21,liphardt2020__con__rectus_femoris__bed_rest_21__MRI_CSA__90_of_roi,21.0,-7.1,-6.5521,0.5479,1.2879,1.7265,-10.0,-2.0,1.0,8.0,-14.0,2.0,1.0,16.0,,,
without_history,jev,liphardt_br21,liphardt2020__con__vastus_lateralis__bed_rest_21__MRI_CSA__10_of_roi,21.0,-9.4,-6.6,2.8,1.8512,2.8134,-8.0,-6.0,0.0,2.0,-8.0,-4.0,0.0,4.0,0.61,26108.0,True
without_history,duration_curve,liphardt_br21,liphardt2020__con__vastus_lateralis__bed_rest_21__MRI_CSA__10_of_roi,21.0,-9.4,-6.5521,2.8479,1.926,2.0733,-10.0,-2.0,1.0,8.0,-14.0,2.0,1.0,16.0,,,
without_history,jev,liphardt_br21,liphardt2020__con__vastus_lateralis__bed_rest_21__MRI_CSA__30_of_roi,21.0,-10.1,-6.72,3.38,3.638,3.912,-8.0,-6.0,0.0,2.0,-8.0,-4.0,0.0,4.0,0.61,26108.0,True
without_history,duration_curve,liphardt_br21,liphardt2020__con__vastus_lateralis__bed_rest_21__MRI_CSA__30_of_roi,21.0,-10.1,-6.5521,3.5479,3.0671,3.0788,-10.0,-2.0,0.0,8.0,-14.0,2.0,1.0,16.0,,,
without_history,jev,liphardt_br21,liphardt2020__con__vastus_lateralis__bed_rest_21__MRI_CSA__50_of_roi,21.0,-12.6,-6.7,5.9,5.693,13.8155,-8.0,-6.0,0.0,2.0,-8.0,-4.0,0.0,4.0,0.64,26108.0,True
without_history,duration_curve,liphardt_br21,liphardt2020__con__vastus_lateralis__bed_rest_21__MRI_CSA__50_of_roi,21.0,-12.6,-6.5521,6.0479,4.3922,3.2219,-10.0,-2.0,0.0,8.0,-14.0,2.0,1.0,16.0,,,
without_history,jev,liphardt_br21,liphardt2020__con__vastus_lateralis__bed_rest_21__MRI_CSA__70_of_roi,21.0,-12.6,-6.72,5.88,5.598,4.6052,-8.0,-6.0,0.0,2.0,-8.0,-4.0,0.0,4.0,0.61,26108.0,True
without_history,duration_curve,liphardt_br21,liphardt2020__con__vastus_lateralis__bed_rest_21__MRI_CSA__70_of_roi,21.0,-12.6,-6.5521,6.0479,4.3922,3.2219,-10.0,-2.0,0.0,8.0,-14.0,2.0,1.0,16.0,,,
without_history,jev,liphardt_br21,liphardt2020__con__vastus_lateralis__bed_rest_21__MRI_CSA__90_of_roi,21.0,-13.0,-6.52,6.48,5.8076,13.8155,-8.0,-6.0,0.0,2.0,-8.0,-4.0,0.0,4.0,0.58,26108.0,True
without_history,duration_curve,liphardt_br21,liphardt2020__con__vastus_lateralis__bed_rest_21__MRI_CSA__90_of_roi,21.0,-13.0,-6.5521,6.4479,4.3922,3.2219,-10.0,-2.0,0.0,8.0,-14.0,2.0,1.0,16.0,,,
without_history,jev,liphardt_br21,liphardt2020__con__vastus_intermedius__bed_rest_21__MRI_CSA__10_of_roi,21.0,-11.9,-6.56,5.34,3.6764,3.5066,-8.0,-6.0,0.0,2.0,-8.0,-4.0,0.0,4.0,0.49,26109.0,True
without_history,duration_curve,liphardt_br21,liphardt2020__con__vastus_intermedius__bed_rest_21__MRI_CSA__10_of_roi,21.0,-11.9,-6.5521,5.3479,3.0671,3.0788,-10.0,-2.0,0.0,8.0,-14.0,2.0,1.0,16.0,,,
without_history,jev,liphardt_br21,liphardt2020__con__vastus_intermedius__bed_rest_21__MRI_CSA__30_of_roi,21.0,-11.8,-6.42,5.38,3.8666,3.912,-8.0,-6.0,0.0,2.0,-8.0,-4.0,0.0,4.0,0.5,26109.0,True
without_history,duration_curve,liphardt_br21,liphardt2020__con__vastus_intermedius__bed_rest_21__MRI_CSA__30_of_roi,21.0,-11.8,-6.5521,5.2479,3.0671,3.0788,-10.0,-2.0,0.0,8.0,-14.0,2.0,1.0,16.0,,,
without_history,jev,liphardt_br21,liphardt2020__con__vastus_intermedius__bed_rest_21__MRI_CSA__50_of_roi,21.0,-13.2,-6.5556,6.6444,5.7588,13.8155,-8.0,-6.0,0.0,2.0,-8.0,-4.0,0.0,4.0,0.53,26109.0,True
without_history,duration_curve,liphardt_br21,liphardt2020__con__vastus_intermedius__bed_rest_21__MRI_CSA__50_of_roi,21.0,-13.2,-6.5521,6.6479,4.3922,3.2219,-10.0,-2.0,0.0,8.0,-14.0,2.0,1.0,16.0,,,
without_history,jev,liphardt_br21,liphardt2020__con__vastus_intermedius__bed_rest_21__MRI_CSA__70_of_roi,21.0,-14.1,-6.4343,7.6657,7.8392,13.8155,-8.0,-6.0,0.0,2.0,-8.0,-4.0,0.0,4.0,0.51,26109.0,True
without_history,duration_curve,liphardt_br21,liphardt2020__con__vastus_intermedius__bed_rest_21__MRI_CSA__70_of_roi,21.0,-14.1,-6.5521,7.5479,5.8769,3.0143,-10.0,-2.0,0.0,8.0,-14.0,2.0,0.0,16.0,,,
without_history,jev,liphardt_br21,liphardt2020__con__vastus_intermedius__bed_rest_21__MRI_CSA__90_of_roi,21.0,-11.9,-6.38,5.52,3.8978,3.912,-8.0,-6.0,0.0,2.0,-8.0,-4.0,0.0,4.0,0.48,26109.0,True
without_history,duration_curve,liphardt_br21,liphardt2020__con__vastus_intermedius__bed_rest_21__MRI_CSA__90_of_roi,21.0,-11.9,-6.5521,5.3479,3.0671,3.0788,-10.0,-2.0,0.0,8.0,-14.0,2.0,1.0,16.0,,,
without_history,jev,liphardt_br21,liphardt2020__con__vastus_medialis__bed_rest_21__MRI_CSA__10_of_roi,21.0,-11.9,-6.8,5.1,3.5596,3.912,-8.0,-6.0,0.0,2.0,-8.0,-4.0,0.0,4.0,0.59,26108.0,True
without_history,duration_curve,liphardt_br21,liphardt2020__con__vastus_medialis__bed_rest_21__MRI_CSA__10_of_roi,21.0,-11.9,-6.5521,5.3479,3.0671,3.0788,-10.0,-2.0,0.0,8.0,-14.0,2.0,1.0,16.0,,,
without_history,jev,liphardt_br21,liphardt2020__con__vastus_medialis__bed_rest_21__MRI_CSA__30_of_roi,21.0,-15.1,-6.82,8.28,7.4862,13.8155,-8.0,-6.0,0.0,2.0,-8.0,-4.0,0.0,4.0,0.58,26108.0,True
without_history,duration_curve,liphardt_br21,liphardt2020__con__vastus_medialis__bed_rest_21__MRI_CSA__30_of_roi,21.0,-15.1,-6.5521,8.5479,5.8769,3.0143,-10.0,-2.0,0.0,8.0,-14.0,2.0,0.0,16.0,,,
without_history,jev,liphardt_br21,liphardt2020__con__vastus_medialis__bed_rest_21__MRI_CSA__50_of_roi,21.0,-14.6,-6.86,7.74,7.5014,13.8155,-8.0,-6.0,0.0,2.0,-8.0,-4.0,0.0,4.0,0.61,26108.0,True
without_history,duration_curve,liphardt_br21,liphardt2020__con__vastus_medialis__bed_rest_21__MRI_CSA__50_of_roi,21.0,-14.6,-6.5521,8.0479,5.8769,3.0143,-10.0,-2.0,0.0,8.0,-14.0,2.0,0.0,16.0,,,
without_history,jev,liphardt_br21,liphardt2020__con__vastus_medialis__bed_rest_21__MRI_CSA__70_of_roi,21.0,-16.9,-6.86,10.04,9.3606,13.8155,-8.0,-6.0,0.0,2.0,-8.0,-4.0,0.0,4.0,0.54,26108.0,True
without_history,duration_curve,liphardt_br21,liphardt2020__con__vastus_medialis__bed_rest_21__MRI_CSA__70_of_roi,21.0,-16.9,-6.5521,10.3479,7.5579,3.5897,-10.0,-2.0,0.0,8.0,-14.0,2.0,0.0,16.0,,,
without_history,jev,liphardt_br21,liphardt2020__con__vastus_medialis__bed_rest_21__MRI_CSA__90_of_roi,21.0,-16.8,-6.8,10.0,9.5352,13.8155,-8.0,-6.0,0.0,2.0,-8.0,-4.0,0.0,4.0,0.57,26108.0,True
without_history,duration_curve,liphardt_br21,liphardt2020__con__vastus_medialis__bed_rest_21__MRI_CSA__90_of_roi,21.0,-16.8,-6.5521,10.2479,7.5579,3.5897,-10.0,-2.0,0.0,8.0,-14.0,2.0,0.0,16.0,,,
without_history,jev,nasa_br17wk,leblanc1992__ctrl__triceps_surae__bed_rest_119__MRI_volume,119.0,-30.0,-16.44,13.56,9.2324,2.9957,-14.0,-10.0,0.0,4.0,-28.0,-10.0,0.0,18.0,0.34,26138.0,True
without_history,duration_curve,nasa_br17wk,leblanc1992__ctrl__triceps_surae__bed_rest_119__MRI_volume,119.0,-30.0,-12.783,17.217,12.8094,4.7333,-16.0,-8.0,0.0,8.0,-20.0,-4.0,0.0,16.0,,,
without_history,jev,nasa_br17wk,leblanc1992__ctrl__anterior_tibial_group__bed_rest_119__MRI_volume,119.0,-21.0,-12.54,8.46,7.155,4.6052,-14.0,-12.0,0.0,2.0,-16.0,-10.0,0.0,6.0,0.59,26095.0,True
without_history,duration_curve,nasa_br17wk,leblanc1992__ctrl__anterior_tibial_group__bed_rest_119__MRI_volume,119.0,-21.0,-12.783,8.217,5.5601,2.9987,-16.0,-8.0,0.0,8.0,-20.0,-4.0,0.0,16.0,,,
without_history,jev,nasa_br17wk,leblanc1992__ctrl__whole_lower_limb__bed_rest_119__DXA_lean_mass,119.0,-11.9,-13.2,1.3,1.3268,1.772,-14.0,-12.0,0.0,2.0,-14.0,-10.0,1.0,4.0,0.61,26149.0,True
without_history,duration_curve,nasa_br17wk,leblanc1992__ctrl__whole_lower_limb__bed_rest_119__DXA_lean_mass,119.0,-11.9,-12.783,0.883,1.4252,1.9401,-16.0,-8.0,1.0,8.0,-20.0,-4.0,1.0,16.0,,,
without_history,jev,nasa_br17wk,leblanc1992__ctrl__whole_thigh__bed_rest_119__DXA_lean_mass,119.0,-12.2,-12.98,0.78,0.0562,0.2485,-14.0,-12.0,1.0,2.0,-14.0,-10.0,1.0,4.0,0.77,26148.0,True
without_history,duration_curve,nasa_br17wk,leblanc1992__ctrl__whole_thigh__bed_rest_119__DXA_lean_mass,119.0,-12.2,-12.783,0.583,1.2551,1.7375,-16.0,-8.0,1.0,8.0,-20.0,-4.0,1.0,16.0,,,
without_history,jev,nasa_br17wk,leblanc1992__ctrl__whole_calf__bed_rest_119__DXA_lean_mass,119.0,-11.2,-14.58,3.38,1.5878,1.7148,-14.0,-10.0,1.0,4.0,-22.0,-10.0,1.0,12.0,0.44,26148.0,True
without_history,duration_curve,nasa_br17wk,leblanc1992__ctrl__whole_calf__bed_rest_119__DXA_lean_mass,119.0,-11.2,-12.783,1.583,1.4252,1.9401,-16.0,-8.0,1.0,8.0,-20.0,-4.0,1.0,16.0,,,
without_history,jev,valdoltra_br35,berg2007__ctrl__plantar_flexors__bed_rest_35__CT_CSA__upper_calf,35.0,-11.9,-11.88,0.02,1.05,2.0402,-12.0,-8.0,1.0,4.0,-18.0,-6.0,1.0,12.0,0.34,26080.0,True
without_history,duration_curve,valdoltra_br35,berg2007__ctrl__plantar_flexors__bed_rest_35__CT_CSA__upper_calf,35.0,-11.9,-8.6735,3.2265,1.901,2.2824,-10.0,-2.0,0.0,8.0,-16.0,0.0,1.0,16.0,,,
without_history,jev,valdoltra_br35,berg2007__ctrl__quadriceps__bed_rest_35__CT_CSA__mid_thigh,35.0,-9.4,-8.92,0.48,0.0252,0.1625,-10.0,-8.0,1.0,2.0,-10.0,-8.0,1.0,2.0,0.83,26044.0,True
without_history,duration_curve,valdoltra_br35,berg2007__ctrl__quadriceps__bed_rest_35__CT_CSA__mid_thigh,35.0,-9.4,-8.6735,0.7265,1.2654,1.6633,-10.0,-2.0,1.0,8.0,-16.0,0.0,1.0,16.0,,,
without_history,jev,valdoltra_br35,berg2007__ctrl__gluteals__bed_rest_35__CT_CSA__gluteal_level,35.0,-2.2,-8.34,6.14,4.545,3.912,-10.0,-8.0,0.0,2.0,-10.0,-6.0,0.0,4.0,0.62,26109.0,True
without_history,duration_curve,valdoltra_br35,berg2007__ctrl__gluteals__bed_rest_35__CT_CSA__gluteal_level,35.0,-2.2,-8.6735,6.4735,3.1838,2.2542,-10.0,-2.0,1.0,8.0,-16.0,0.0,1.0,16.0,,,
without_history,jev,wbv_hdt14,zange2009__wbv__rectus_femoris__bed_rest_14__MRI_volume,14.0,-3.6,-3.58,0.02,0.5502,1.1712,-6.0,-2.0,1.0,4.0,-6.0,0.0,1.0,6.0,0.37,26243.0,True
without_history,duration_curve,wbv_hdt14,zange2009__wbv__rectus_femoris__bed_rest_14__MRI_volume,14.0,-3.6,-5.4083,1.8083,1.5187,1.911,-8.0,0.0,1.0,8.0,-14.0,2.0,1.0,16.0,,,
without_history,jev,wbv_hdt14,zange2009__ctrl__rectus_femoris__bed_rest_14__MRI_volume,14.0,-4.8,-4.98,0.18,0.0102,0.1054,-6.0,-4.0,1.0,2.0,-6.0,-4.0,1.0,2.0,0.89,26125.0,True
without_history,duration_curve,wbv_hdt14,zange2009__ctrl__rectus_femoris__bed_rest_14__MRI_volume,14.0,-4.8,-5.4083,0.6083,1.2465,1.7626,-8.0,0.0,1.0,8.0,-14.0,2.0,1.0,16.0,,,
without_history,jev,wbv_hdt14,zange2009__wbv__gastrocnemius_medialis__bed_rest_14__MRI_volume,14.0,-7.3,-4.38,2.92,1.8518,2.6593,-6.0,-4.0,0.0,2.0,-6.0,0.0,0.0,6.0,0.54,26169.0,True
without_history,duration_curve,wbv_hdt14,zange2009__wbv__gastrocnemius_medialis__bed_rest_14__MRI_volume,14.0,-7.3,-5.4083,1.8917,1.6607,2.1095,-8.0,0.0,1.0,8.0,-14.0,2.0,1.0,16.0,,,
without_history,jev,wbv_hdt14,zange2009__ctrl__gastrocnemius_medialis__bed_rest_14__MRI_volume,14.0,-6.6,-7.56,0.96,0.6848,1.6094,-8.0,-4.0,1.0,4.0,-10.0,-4.0,1.0,6.0,0.32,26059.0,True
without_history,duration_curve,wbv_hdt14,zange2009__ctrl__gastrocnemius_medialis__bed_rest_14__MRI_volume,14.0,-6.6,-5.4083,1.1917,1.6607,2.1095,-8.0,0.0,1.0,8.0,-14.0,2.0,1.0,16.0,,,
without_history,jev,wbv_hdt14,zange2009__wbv__gastrocnemius_lateralis__bed_rest_14__MRI_volume,14.0,-5.5,-4.4545,1.0455,0.2385,0.5521,-6.0,-4.0,1.0,2.0,-8.0,-2.0,1.0,6.0,0.54,26169.0,True
without_history,duration_curve,wbv_hdt14,zange2009__wbv__gastrocnemius_lateralis__bed_rest_14__MRI_volume,14.0,-5.5,-5.4083,0.0917,1.2465,1.7626,-8.0,0.0,1.0,8.0,-14.0,2.0,1.0,16.0,,,
without_history,jev,wbv_hdt14,zange2009__ctrl__gastrocnemius_lateralis__bed_rest_14__MRI_volume,14.0,-5.9,-6.7778,0.8778,1.0754,1.2629,-8.0,-6.0,0.0,2.0,-8.0,-4.0,1.0,4.0,0.53,26059.0,True
without_history,duration_curve,wbv_hdt14,zange2009__ctrl__gastrocnemius_lateralis__bed_rest_14__MRI_volume,14.0,-5.9,-5.4083,0.4917,1.2465,1.7626,-8.0,0.0,1.0,8.0,-14.0,2.0,1.0,16.0,,,
without_history,jev,wbv_hdt14,zange2009__wbv__soleus__bed_rest_14__MRI_volume,14.0,-5.8,-4.7778,1.0222,0.2626,0.6248,-6.0,-4.0,1.0,2.0,-8.0,-2.0,1.0,6.0,0.5,26164.0,True
without_history,duration_curve,wbv_hdt14,zange2009__wbv__soleus__bed_rest_14__MRI_volume,14.0,-5.8,-5.4083,0.3917,1.2465,1.7626,-8.0,0.0,1.0,8.0,-14.0,2.0,1.0,16.0,,,
without_history,jev,wbv_hdt14,zange2009__ctrl__soleus__bed_rest_14__MRI_volume,14.0,-6.5,-5.64,0.86,1.4968,2.5257,-6.0,-4.0,0.0,2.0,-6.0,-4.0,0.0,2.0,0.82,26054.0,True
without_history,duration_curve,wbv_hdt14,zange2009__ctrl__soleus__bed_rest_14__MRI_volume,14.0,-6.5,-5.4083,1.0917,1.6607,2.1095,-8.0,0.0,1.0,8.0,-14.0,2.0,1.0,16.0,,,
without_history,jev,berlin_bbr1,belavy2009__ctrl__flexor_digitorum_longus__bed_rest_14__MRI_volume,14.0,2.9,-4.6,7.5,6.8772,4.6052,-6.0,-4.0,0.0,2.0,-8.0,-4.0,0.0,4.0,0.76,26193.0,True
without_history,duration_curve,berlin_bbr1,belavy2009__ctrl__flexor_digitorum_longus__bed_rest_14__MRI_volume,14.0,2.9,-5.7415,8.6415,5.5262,3.2857,-8.0,0.0,0.0,8.0,-14.0,2.0,0.0,16.0,,,
without_history,jev,berlin_bbr1,belavy2009__ctrl__flexor_digitorum_longus__bed_rest_28__MRI_volume,28.0,-4.1,-10.44,6.34,4.5752,4.6052,-12.0,-10.0,0.0,2.0,-14.0,-8.0,0.0,6.0,0.51,26237.0,True
without_history,duration_curve,berlin_bbr1,belavy2009__ctrl__flexor_digitorum_longus__bed_rest_28__MRI_volume,28.0,-4.1,-8.2245,4.1245,1.862,2.02,-12.0,-4.0,1.0,8.0,-16.0,0.0,1.0,16.0,,,
without_history,jev,berlin_bbr1,belavy2009__ctrl__flexor_digitorum_longus__bed_rest_42__MRI_volume,42.0,-2.3,-10.2323,7.9323,5.9304,13.8155,-10.0,-8.0,0.0,2.0,-14.0,-8.0,0.0,6.0,0.49,26112.0,True
without_history,duration_curve,berlin_bbr1,belavy2009__ctrl__flexor_digitorum_longus__bed_rest_42__MRI_volume,42.0,-2.3,-9.619,7.319,3.8975,2.5055,-12.0,-4.0,0.0,8.0,-18.0,-2.0,1.0,16.0,,,
without_history,jev,berlin_bbr1,belavy2009__ctrl__flexor_digitorum_longus__bed_rest_56__MRI_volume,56.0,-8.7,-14.5,5.8,4.283,3.2189,-18.0,-14.0,0.0,4.0,-18.0,-10.0,0.0,8.0,0.4,26146.0,True
without_history,duration_curve,berlin_bbr1,belavy2009__ctrl__flexor_digitorum_longus__bed_rest_56__MRI_volume,56.0,-8.7,-10.7279,2.0279,1.4186,1.8549,-14.0,-6.0,1.0,8.0,-20.0,-2.0,1.0,18.0,,,
without_history,jev,berlin_bbr1,belavy2009__ctrl__tibialis_posterior__bed_rest_14__MRI_volume,14.0,-4.2,-4.76,0.56,0.1276,0.3425,-6.0,-4.0,1.0,2.0,-8.0,-2.0,1.0,6.0,0.69,26190.0,True
without_history,duration_curve,berlin_bbr1,belavy2009__ctrl__tibialis_posterior__bed_rest_14__MRI_volume,14.0,-4.2,-5.7415,1.5415,1.2541,1.7133,-8.0,0.0,1.0,8.0,-14.0,2.0,1.0,16.0,,,
without_history,jev,berlin_bbr1,belavy2009__ctrl__tibialis_posterior__bed_rest_28__MRI_volume,28.0,-6.1,-11.7879,5.6879,3.6549,2.5157,-14.0,-12.0,0.0,2.0,-14.0,-8.0,0.0,6.0,0.51,26234.0,True
without_history,duration_curve,berlin_bbr1,belavy2009__ctrl__tibialis_posterior__bed_rest_28__MRI_volume,28.0,-6.1,-8.2245,2.1245,1.3313,1.8769,-12.0,-4.0,1.0,8.0,-16.0,0.0,1.0,16.0,,,
without_history,jev,berlin_bbr1,belavy2009__ctrl__tibialis_posterior__bed_rest_42__MRI_volume,42.0,-6.2,-11.12,4.92,2.4956,2.9957,-12.0,-8.0,0.0,4.0,-16.0,-8.0,0.0,8.0,0.39,26109.0,True
without_history,duration_curve,berlin_bbr1,belavy2009__ctrl__tibialis_posterior__bed_rest_42__MRI_volume,42.0,-6.2,-9.619,3.419,1.6526,1.9947,-12.0,-4.0,1.0,8.0,-18.0,-2.0,1.0,16.0,,,
without_history,jev,berlin_bbr1,belavy2009__ctrl__tibialis_posterior__bed_rest_56__MRI_volume,56.0,-10.2,-13.34,3.14,1.3258,1.1712,-18.0,-12.0,0.0,6.0,-18.0,-10.0,1.0,8.0,0.26,26143.0,True
without_history,duration_curve,berlin_bbr1,belavy2009__ctrl__tibialis_posterior__bed_rest_56__MRI_volume,56.0,-10.2,-10.7279,0.5279,1.3233,1.7918,-14.0,-6.0,1.0,8.0,-20.0,-2.0,1.0,18.0,,,
without_history,jev,berlin_bbr1,belavy2009__ctrl__gastrocnemius_lateralis__bed_rest_14__MRI_volume,14.0,-7.7,-4.7,3.0,1.7642,2.8134,-6.0,-4.0,0.0,2.0,-6.0,-4.0,0.0,2.0,0.81,26193.0,True
without_history,duration_curve,berlin_bbr1,belavy2009__ctrl__gastrocnemius_lateralis__bed_rest_14__MRI_volume,14.0,-7.7,-5.7415,1.9585,1.5806,2.1001,-8.0,0.0,1.0,8.0,-14.0,2.0,1.0,16.0,,,
without_history,jev,berlin_bbr1,belavy2009__ctrl__gastrocnemius_lateralis__bed_rest_28__MRI_volume,28.0,-11.2,-10.26,0.94,0.5846,1.204,-12.0,-8.0,1.0,4.0,-14.0,-8.0,1.0,6.0,0.25,26237.0,True
without_history,duration_curve,berlin_bbr1,belavy2009__ctrl__gastrocnemius_lateralis__bed_rest_28__MRI_volume,28.0,-11.2,-8.2245,2.9755,2.1069,2.3877,-12.0,-4.0,1.0,8.0,-16.0,0.0,1.0,16.0,,,
without_history,jev,berlin_bbr1,belavy2009__ctrl__gastrocnemius_lateralis__bed_rest_42__MRI_volume,42.0,-10.5,-11.5455,1.0455,0.8115,1.4171,-12.0,-8.0,1.0,4.0,-16.0,-6.0,1.0,10.0,0.35,26112.0,True
without_history,duration_curve,berlin_bbr1,belavy2009__ctrl__gastrocnemius_lateralis__bed_rest_42__MRI_volume,42.0,-10.5,-9.619,0.881,1.5845,2.1001,-12.0,-4.0,1.0,8.0,-18.0,-2.0,1.0,16.0,,,
without_history,jev,berlin_bbr1,belavy2009__ctrl__gastrocnemius_lateralis__bed_rest_56__MRI_volume,56.0,-14.4,-15.2,0.8,1.652,2.6593,-22.0,-14.0,1.0,8.0,-22.0,-10.0,1.0,12.0,0.19,26146.0,True
without_history,duration_curve,berlin_bbr1,belavy2009__ctrl__gastrocnemius_lateralis__bed_rest_56__MRI_volume,56.0,-14.4,-10.7279,3.6721,2.9016,2.9755,-14.0,-6.0,0.0,8.0,-20.0,-2.0,1.0,18.0,,,
without_history,jev,berlin_bbr1,belavy2009__ctrl__gastrocnemius_medialis__bed_rest_14__MRI_volume,14.0,-9.4,-4.06,5.34,3.697,13.8155,-6.0,-4.0,0.0,2.0,-8.0,-2.0,0.0,6.0,0.64,26193.0,True
without_history,duration_curve,berlin_bbr1,belavy2009__ctrl__gastrocnemius_medialis__bed_rest_14__MRI_volume,14.0,-9.4,-5.7415,3.6585,2.3969,2.5925,-8.0,0.0,0.0,8.0,-14.0,2.0,1.0,16.0,,,
without_history,jev,berlin_bbr1,belavy2009__ctrl__gastrocnemius_medialis__bed_rest_28__MRI_volume,28.0,-13.8,-8.18,5.62,3.0242,2.9957,-12.0,-6.0,0.0,6.0,-16.0,-4.0,1.0,12.0,0.2,26237.0,True
without_history,duration_curve,berlin_bbr1,belavy2009__ctrl__gastrocnemius_medialis__bed_rest_28__MRI_volume,28.0,-13.8,-8.2245,5.5755,3.1681,2.7932,-12.0,-4.0,0.0,8.0,-16.0,0.0,1.0,16.0,,,
without_history,jev,berlin_bbr1,belavy2009__ctrl__gastrocnemius_medialis__bed_rest_42__MRI_volume,42.0,-18.1,-10.62,7.48,6.051,3.2189,-12.0,-8.0,0.0,4.0,-20.0,-6.0,1.0,14.0,0.27,26112.0,True
without_history,duration_curve,berlin_bbr1,belavy2009__ctrl__gastrocnemius_medialis__bed_rest_42__MRI_volume,42.0,-18.1,-9.619,8.481,6.4825,3.1987,-12.0,-4.0,0.0,8.0,-18.0,-2.0,0.0,16.0,,,
without_history,jev,berlin_bbr1,belavy2009__ctrl__gastrocnemius_medialis__bed_rest_56__MRI_volume,56.0,-22.3,-12.3,10.0,7.0218,2.6593,-14.0,-8.0,0.0,6.0,-26.0,-8.0,1.0,18.0,0.31,26146.0,True
without_history,duration_curve,berlin_bbr1,belavy2009__ctrl__gastrocnemius_medialis__bed_rest_56__MRI_volume,56.0,-22.3,-10.7279,11.5721,9.0104,4.585,-14.0,-6.0,0.0,8.0,-20.0,-2.0,0.0,18.0,,,
without_history,jev,berlin_bbr1,belavy2009__ctrl__adductor_longus__bed_rest_14__MRI_volume,14.0,2.7,-3.76,6.46,5.806,13.8155,-6.0,-4.0,0.0,2.0,-6.0,0.0,0.0,6.0,0.55,26216.0,True
without_history,duration_curve,berlin_bbr1,belavy2009__ctrl__adductor_longus__bed_rest_14__MRI_volume,14.0,2.7,-5.7415,8.4415,5.5262,3.2857,-8.0,0.0,0.0,8.0,-14.0,2.0,0.0,16.0,,,
without_history,jev,berlin_bbr1,belavy2009__ctrl__adductor_longus__bed_rest_28__MRI_volume,28.0,0.4,-2.36,2.76,2.2848,3.912,-2.0,0.0,0.0,2.0,-4.0,0.0,0.0,4.0,0.57,26219.0,True
without_history,duration_curve,berlin_bbr1,belavy2009__ctrl__adductor_longus__bed_rest_28__MRI_volume,28.0,0.4,-8.2245,8.6245,5.998,3.381,-12.0,-4.0,0.0,8.0,-16.0,0.0,0.0,16.0,,,
without_history,jev,berlin_bbr1,belavy2009__ctrl__adductor_longus__bed_rest_42__MRI_volume,42.0,0.5,-6.697,7.197,5.978,4.5951,-10.0,-4.0,0.0,6.0,-10.0,-2.0,0.0,8.0,0.23,26122.0,True
without_history,duration_curve,berlin_bbr1,belavy2009__ctrl__adductor_longus__bed_rest_42__MRI_volume,42.0,0.5,-9.619,10.119,7.3124,4.0741,-12.0,-4.0,0.0,8.0,-18.0,-2.0,0.0,16.0,,,
without_history,jev,berlin_bbr1,belavy2009__ctrl__adductor_longus__bed_rest_56__MRI_volume,56.0,0.8,-6.56,7.36,6.3388,13.8155,-6.0,-4.0,0.0,2.0,-10.0,-4.0,0.0,6.0,0.48,26108.0,True
without_history,duration_curve,berlin_bbr1,belavy2009__ctrl__adductor_longus__bed_rest_56__MRI_volume,56.0,0.8,-10.7279,11.5279,8.3029,4.0741,-14.0,-6.0,0.0,8.0,-20.0,-2.0,0.0,18.0,,,
without_history,jev,berlin_bbr1,belavy2009__ctrl__adductor_magnus__bed_rest_14__MRI_volume,14.0,-5.1,-4.66,0.44,0.0694,0.2485,-6.0,-4.0,1.0,2.0,-6.0,-2.0,1.0,4.0,0.75,26216.0,True
without_history,duration_curve,berlin_bbr1,belavy2009__ctrl__adductor_magnus__bed_rest_14__MRI_volume,14.0,-5.1,-5.7415,0.6415,1.2541,1.7133,-8.0,0.0,1.0,8.0,-14.0,2.0,1.0,16.0,,,
without_history,jev,berlin_bbr1,belavy2009__ctrl__adductor_magnus__bed_rest_28__MRI_volume,28.0,-5.0,-6.64,1.64,1.1204,1.4271,-8.0,-6.0,0.0,2.0,-8.0,-4.0,1.0,4.0,0.6,26219.0,True
without_history,duration_curve,berlin_bbr1,belavy2009__ctrl__adductor_magnus__bed_rest_28__MRI_volume,28.0,-5.0,-8.2245,3.2245,1.862,2.02,-12.0,-4.0,1.0,8.0,-16.0,0.0,1.0,16.0,,,
without_history,jev,berlin_bbr1,belavy2009__ctrl__adductor_magnus__bed_rest_42__MRI_volume,42.0,-6.2,-8.9394,2.7394,1.5839,2.6492,-10.0,-8.0,0.0,2.0,-12.0,-8.0,0.0,4.0,0.65,26122.0,True
without_history,duration_curve,berlin_bbr1,belavy2009__ctrl__adductor_magnus__bed_rest_42__MRI_volume,42.0,-6.2,-9.619,3.419,1.6526,1.9947,-12.0,-4.0,1.0,8.0,-18.0,-2.0,1.0,16.0,,,
without_history,jev,berlin_bbr1,belavy2009__ctrl__adductor_magnus__bed_rest_56__MRI_volume,56.0,-7.0,-9.6,2.6,2.1388,4.6052,-10.0,-8.0,0.0,2.0,-12.0,-8.0,0.0,4.0,0.62,26108.0,True
without_history,duration_curve,berlin_bbr1,belavy2009__ctrl__adductor_magnus__bed_rest_56__MRI_volume,56.0,-7.0,-10.7279,3.7279,2.1397,2.3163,-14.0,-6.0,1.0,8.0,-20.0,-2.0,1.0,18.0,,,
without_history,jev,berlin_bbr1,belavy2009__ctrl__gracilis__bed_rest_14__MRI_volume,14.0,-2.9,-3.54,0.64,0.9902,2.2073,-6.0,-4.0,0.0,2.0,-6.0,0.0,1.0,6.0,0.59,26214.0,True
without_history,duration_curve,berlin_bbr1,belavy2009__ctrl__gracilis__bed_rest_14__MRI_volume,14.0,-2.9,-5.7415,2.8415,1.6486,1.9947,-8.0,0.0,1.0,8.0,-14.0,2.0,1.0,16.0,,,
without_history,jev,berlin_bbr1,belavy2009__ctrl__gracilis__bed_rest_28__MRI_volume,28.0,-2.7,-0.92,1.78,1.75,2.3026,-2.0,4.0,0.0,6.0,-4.0,,1.0,10.0,0.19,26217.0,True
without_history,duration_curve,berlin_bbr1,belavy2009__ctrl__gracilis__bed_rest_28__MRI_volume,28.0,-2.7,-8.2245,5.5245,2.9232,2.5055,-12.0,-4.0,0.0,8.0,-16.0,0.0,1.0,16.0,,,
without_history,jev,berlin_bbr1,belavy2009__ctrl__gracilis__bed_rest_42__MRI_volume,42.0,-4.0,-5.86,1.86,1.6562,1.5141,-10.0,-2.0,1.0,8.0,-12.0,-2.0,1.0,10.0,0.25,26120.0,True
without_history,duration_curve,berlin_bbr1,belavy2009__ctrl__gracilis__bed_rest_42__MRI_volume,42.0,-4.0,-9.619,5.619,3.8975,2.5055,-12.0,-4.0,0.0,8.0,-18.0,-2.0,1.0,16.0,,,
without_history,jev,berlin_bbr1,belavy2009__ctrl__gracilis__bed_rest_56__MRI_volume,56.0,-4.4,-3.88,0.52,1.4764,2.9957,-4.0,-2.0,0.0,2.0,-6.0,0.0,1.0,6.0,0.48,26106.0,True
without_history,duration_curve,berlin_bbr1,belavy2009__ctrl__gracilis__bed_rest_56__MRI_volume,56.0,-4.4,-10.7279,6.3279,3.2553,2.3877,-14.0,-6.0,0.0,8.0,-20.0,-2.0,1.0,18.0,,,
without_history,jev,berlin_bbr1,belavy2009__ctrl__sartorius__bed_rest_14__MRI_volume,14.0,-3.8,-4.38,0.58,1.2078,2.0402,-6.0,-4.0,0.0,2.0,-6.0,-2.0,1.0,4.0,0.72,26212.0,True
without_history,duration_curve,berlin_bbr1,belavy2009__ctrl__sartorius__bed_rest_14__MRI_volume,14.0,-3.8,-5.7415,1.9415,1.6486,1.9947,-8.0,0.0,1.0,8.0,-14.0,2.0,1.0,16.0,,,
without_history,jev,berlin_bbr1,belavy2009__ctrl__sartorius__bed_rest_28__MRI_volume,28.0,-0.7,-4.32,3.62,2.2072,2.3026,-6.0,-2.0,0.0,4.0,-8.0,-2.0,0.0,6.0,0.36,26210.0,True
without_history,duration_curve,berlin_bbr1,belavy2009__ctrl__sartorius__bed_rest_28__MRI_volume,28.0,-0.7,-8.2245,7.5245,4.3109,2.5925,-12.0,-4.0,0.0,8.0,-16.0,0.0,1.0,16.0,,,
without_history,jev,berlin_bbr1,belavy2009__ctrl__sartorius__bed_rest_42__MRI_volume,42.0,-2.1,-8.18,6.08,4.0902,3.2189,-10.0,-6.0,0.0,4.0,-12.0,-6.0,0.0,6.0,0.43,26118.0,True
without_history,duration_curve,berlin_bbr1,belavy2009__ctrl__sartorius__bed_rest_42__MRI_volume,42.0,-2.1,-9.619,7.519,3.8975,2.5055,-12.0,-4.0,0.0,8.0,-18.0,-2.0,1.0,16.0,,,
without_history,jev,berlin_bbr1,belavy2009__ctrl__sartorius__bed_rest_56__MRI_volume,56.0,-4.9,-8.46,3.56,2.699,3.912,-10.0,-6.0,0.0,4.0,-10.0,-6.0,0.0,4.0,0.44,26108.0,True
without_history,duration_curve,berlin_bbr1,belavy2009__ctrl__sartorius__bed_rest_56__MRI_volume,56.0,-4.9,-10.7279,5.8279,3.2553,2.3877,-14.0,-6.0,0.0,8.0,-20.0,-2.0,1.0,18.0,,,
without_history,jev,berlin_bbr1,belavy2009__ctrl__biceps_femoris_long_head__bed_rest_14__MRI_volume,14.0,-5.2,-4.52,0.68,0.0892,0.2744,-6.0,-4.0,1.0,2.0,-6.0,-2.0,1.0,4.0,0.74,26207.0,True
without_history,duration_curve,berlin_bbr1,belavy2009__ctrl__biceps_femoris_long_head__bed_rest_14__MRI_volume,14.0,-5.2,-5.7415,0.5415,1.2541,1.7133,-8.0,0.0,1.0,8.0,-14.0,2.0,1.0,16.0,,,
without_history,jev,berlin_bbr1,belavy2009__ctrl__biceps_femoris_long_head__bed_rest_28__MRI_volume,28.0,-6.7,-8.6162,1.9162,1.2268,1.7619,-10.0,-8.0,0.0,2.0,-12.0,-6.0,1.0,6.0,0.54,26237.0,True
without_history,duration_curve,berlin_bbr1,belavy2009__ctrl__biceps_femoris_long_head__bed_rest_28__MRI_volume,28.0,-6.7,-8.2245,1.5245,1.3313,1.8769,-12.0,-4.0,1.0,8.0,-16.0,0.0,1.0,16.0,,,
without_history,jev,berlin_bbr1,belavy2009__ctrl__biceps_femoris_long_head__bed_rest_42__MRI_volume,42.0,-10.2,-8.7172,1.4828,1.5556,2.1102,-10.0,-8.0,0.0,2.0,-12.0,-8.0,1.0,4.0,0.66,26132.0,True
without_history,duration_curve,berlin_bbr1,belavy2009__ctrl__biceps_femoris_long_head__bed_rest_42__MRI_volume,42.0,-10.2,-9.619,0.581,1.5845,2.1001,-12.0,-4.0,1.0,8.0,-18.0,-2.0,1.0,16.0,,,
without_history,jev,berlin_bbr1,belavy2009__ctrl__biceps_femoris_long_head__bed_rest_56__MRI_volume,56.0,-12.5,-10.22,2.28,2.0366,3.5066,-12.0,-8.0,0.0,4.0,-12.0,-4.0,0.0,8.0,0.4,26119.0,True
without_history,duration_curve,berlin_bbr1,belavy2009__ctrl__biceps_femoris_long_head__bed_rest_56__MRI_volume,56.0,-12.5,-10.7279,1.7721,1.8948,2.2178,-14.0,-6.0,1.0,8.0,-20.0,-2.0,1.0,18.0,,,
without_history,jev,berlin_bbr1,belavy2009__ctrl__biceps_femoris_short_head__bed_rest_14__MRI_volume,14.0,-3.8,-4.48,0.68,1.19,1.6607,-6.0,-4.0,0.0,2.0,-6.0,-2.0,1.0,4.0,0.72,26209.0,True
without_history,duration_curve,berlin_bbr1,belavy2009__ctrl__biceps_femoris_short_head__bed_rest_14__MRI_volume,14.0,-3.8,-5.7415,1.9415,1.6486,1.9947,-8.0,0.0,1.0,8.0,-14.0,2.0,1.0,16.0,,,
without_history,jev,berlin_bbr1,belavy2009__ctrl__biceps_femoris_short_head__bed_rest_28__MRI_volume,28.0,-2.1,-4.8,2.7,0.7448,0.844,-6.0,-2.0,1.0,4.0,-8.0,-2.0,1.0,6.0,0.39,26239.0,True
without_history,duration_curve,berlin_bbr1,belavy2009__ctrl__biceps_femoris_short_head__bed_rest_28__MRI_volume,28.0,-2.1,-8.2245,6.1245,2.9232,2.5055,-12.0,-4.0,0.0,8.0,-16.0,0.0,1.0,16.0,,,
without_history,jev,berlin_bbr1,belavy2009__ctrl__biceps_femoris_short_head__bed_rest_42__MRI_volume,42.0,-3.3,-8.5,5.2,4.4642,3.5066,-10.0,-8.0,0.0,2.0,-12.0,-6.0,0.0,6.0,0.55,26134.0,True
without_history,duration_curve,berlin_bbr1,belavy2009__ctrl__biceps_femoris_short_head__bed_rest_42__MRI_volume,42.0,-3.3,-9.619,6.319,3.8975,2.5055,-12.0,-4.0,0.0,8.0,-18.0,-2.0,1.0,16.0,,,
without_history,jev,berlin_bbr1,belavy2009__ctrl__biceps_femoris_short_head__bed_rest_56__MRI_volume,56.0,-7.3,-9.2,1.9,1.606,2.3026,-12.0,-8.0,0.0,4.0,-12.0,-4.0,1.0,8.0,0.41,26121.0,True
without_history,duration_curve,berlin_bbr1,belavy2009__ctrl__biceps_femoris_short_head__bed_rest_56__MRI_volume,56.0,-7.3,-10.7279,3.4279,2.1397,2.3163,-14.0,-6.0,1.0,8.0,-20.0,-2.0,1.0,18.0,,,
without_history,jev,berlin_bbr1,belavy2009__ctrl__semimembranosus__bed_rest_14__MRI_volume,14.0,-6.5,-4.56,1.94,1.9884,3.5066,-6.0,-4.0,0.0,2.0,-6.0,-2.0,0.0,4.0,0.72,26205.0,True
without_history,duration_curve,berlin_bbr1,belavy2009__ctrl__semimembranosus__bed_rest_14__MRI_volume,14.0,-6.5,-5.7415,0.7585,1.5806,2.1001,-8.0,0.0,1.0,8.0,-14.0,2.0,1.0,16.0,,,
without_history,jev,berlin_bbr1,belavy2009__ctrl__semimembranosus__bed_rest_28__MRI_volume,28.0,-6.5,-8.62,2.12,1.255,1.9661,-10.0,-8.0,0.0,2.0,-12.0,-6.0,1.0,6.0,0.58,26235.0,True
without_history,duration_curve,berlin_bbr1,belavy2009__ctrl__semimembranosus__bed_rest_28__MRI_volume,28.0,-6.5,-8.2245,1.7245,1.3313,1.8769,-12.0,-4.0,1.0,8.0,-16.0,0.0,1.0,16.0,,,
without_history,jev,berlin_bbr1,belavy2009__ctrl__semimembranosus__bed_rest_42__MRI_volume,42.0,-11.1,-9.02,2.08,1.5474,2.2073,-10.0,-8.0,0.0,2.0,-12.0,-8.0,1.0,4.0,0.73,26130.0,True
without_history,duration_curve,berlin_bbr1,belavy2009__ctrl__semimembranosus__bed_rest_42__MRI_volume,42.0,-11.1,-9.619,1.481,1.5845,2.1001,-12.0,-4.0,1.0,8.0,-18.0,-2.0,1.0,16.0,,,
without_history,jev,berlin_bbr1,belavy2009__ctrl__semimembranosus__bed_rest_56__MRI_volume,56.0,-12.3,-10.28,2.02,1.9328,3.2189,-12.0,-8.0,0.0,4.0,-12.0,-4.0,0.0,8.0,0.43,26117.0,True
without_history,duration_curve,berlin_bbr1,belavy2009__ctrl__semimembranosus__bed_rest_56__MRI_volume,56.0,-12.3,-10.7279,1.5721,1.8948,2.2178,-14.0,-6.0,1.0,8.0,-20.0,-2.0,1.0,18.0,,,
without_history,jev,berlin_bbr1,belavy2009__ctrl__semitendinosus__bed_rest_14__MRI_volume,14.0,-6.5,-4.38,2.12,2.0758,3.5066,-6.0,-4.0,0.0,2.0,-6.0,-2.0,0.0,4.0,0.63,26205.0,True
without_history,duration_curve,berlin_bbr1,belavy2009__ctrl__semitendinosus__bed_rest_14__MRI_volume,14.0,-6.5,-5.7415,0.7585,1.5806,2.1001,-8.0,0.0,1.0,8.0,-14.0,2.0,1.0,16.0,,,
without_history,jev,berlin_bbr1,belavy2009__ctrl__semitendinosus__bed_rest_28__MRI_volume,28.0,-7.6,-5.8,1.8,0.918,1.5606,-6.0,-4.0,0.0,2.0,-10.0,-4.0,1.0,6.0,0.54,26235.0,True
without_history,duration_curve,berlin_bbr1,belavy2009__ctrl__semitendinosus__bed_rest_28__MRI_volume,28.0,-7.6,-8.2245,0.6245,1.3313,1.8769,-12.0,-4.0,1.0,8.0,-16.0,0.0,1.0,16.0,,,
without_history,jev,berlin_bbr1,belavy2009__ctrl__semitendinosus__bed_rest_42__MRI_volume,42.0,-8.7,-8.9,0.2,0.1414,0.4463,-10.0,-8.0,1.0,2.0,-12.0,-6.0,1.0,6.0,0.61,26130.0,True
without_history,duration_curve,berlin_bbr1,belavy2009__ctrl__semitendinosus__bed_rest_42__MRI_volume,42.0,-8.7,-9.619,0.919,1.258,1.7133,-12.0,-4.0,1.0,8.0,-18.0,-2.0,1.0,16.0,,,
without_history,jev,berlin_bbr1,belavy2009__ctrl__semitendinosus__bed_rest_56__MRI_volume,56.0,-10.4,-9.8,0.6,0.516,0.734,-12.0,-8.0,1.0,4.0,-12.0,-6.0,1.0,6.0,0.44,26117.0,True
without_history,duration_curve,berlin_bbr1,belavy2009__ctrl__semitendinosus__bed_rest_56__MRI_volume,56.0,-10.4,-10.7279,0.3279,1.3233,1.7918,-14.0,-6.0,1.0,8.0,-20.0,-2.0,1.0,18.0,,,
without_history,jev,berlin_bbr1,belavy2009__ctrl__rectus_femoris__bed_rest_14__MRI_volume,14.0,-4.1,-5.28,1.18,0.046,0.1863,-6.0,-4.0,1.0,2.0,-6.0,-4.0,1.0,2.0,0.81,26181.0,True
without_history,duration_curve,berlin_bbr1,belavy2009__ctrl__rectus_femoris__bed_rest_14__MRI_volume,14.0,-4.1,-5.7415,1.6415,1.2541,1.7133,-8.0,0.0,1.0,8.0,-14.0,2.0,1.0,16.0,,,
without_history,jev,berlin_bbr1,belavy2009__ctrl__rectus_femoris__bed_rest_28__MRI_volume,28.0,-2.7,-4.86,2.16,0.8646,0.9943,-6.0,-2.0,1.0,4.0,-10.0,-2.0,1.0,8.0,0.32,26144.0,True
without_history,duration_curve,berlin_bbr1,belavy2009__ctrl__rectus_femoris__bed_rest_28__MRI_volume,28.0,-2.7,-8.2245,5.5245,2.9232,2.5055,-12.0,-4.0,0.0,8.0,-16.0,0.0,1.0,16.0,,,
without_history,jev,berlin_bbr1,belavy2009__ctrl__rectus_femoris__bed_rest_42__MRI_volume,42.0,-2.9,-7.9,5.0,3.587,2.6593,-12.0,-8.0,0.0,4.0,-12.0,-4.0,0.0,8.0,0.45,26077.0,True
without_history,duration_curve,berlin_bbr1,belavy2009__ctrl__rectus_femoris__bed_rest_42__MRI_volume,42.0,-2.9,-9.619,6.719,3.8975,2.5055,-12.0,-4.0,0.0,8.0,-18.0,-2.0,1.0,16.0,,,
without_history,jev,berlin_bbr1,belavy2009__ctrl__rectus_femoris__bed_rest_56__MRI_volume,56.0,-5.1,-7.82,2.72,1.4854,1.204,-8.0,-4.0,1.0,4.0,-12.0,-4.0,1.0,8.0,0.25,26107.0,True
without_history,duration_curve,berlin_bbr1,belavy2009__ctrl__rectus_femoris__bed_rest_56__MRI_volume,56.0,-5.1,-10.7279,5.6279,3.2553,2.3877,-14.0,-6.0,0.0,8.0,-20.0,-2.0,1.0,18.0,,,
without_history,jev,berlin_bbr2,miokovic2012__ctrl__adductor_brevis__bed_rest_28__MRI_volume,28.0,0.9,-2.1313,3.0313,2.149,3.902,-2.0,0.0,0.0,2.0,-4.0,0.0,0.0,4.0,0.67,26190.0,True
without_history,duration_curve,berlin_bbr2,miokovic2012__ctrl__adductor_brevis__bed_rest_28__MRI_volume,28.0,0.9,-7.9114,8.8114,5.863,3.3578,-12.0,-4.0,0.0,8.0,-16.0,0.0,0.0,16.0,,,
without_history,jev,berlin_bbr2,miokovic2012__ctrl__adductor_brevis__bed_rest_56__MRI_volume,56.0,-0.18,-6.84,6.66,3.6664,2.1203,-12.0,-6.0,0.0,6.0,-12.0,-2.0,0.0,10.0,0.34,26068.0,True
without_history,duration_curve,berlin_bbr2,miokovic2012__ctrl__adductor_brevis__bed_rest_56__MRI_volume,56.0,-0.18,-10.3987,10.2187,6.3077,3.964,-14.0,-6.0,0.0,8.0,-18.0,-2.0,0.0,16.0,,,
without_history,jev,berlin_bbr2,miokovic2012__ctrl__adductor_longus__bed_rest_28__MRI_volume,28.0,-1.37,-2.18,0.81,0.2514,0.3857,-2.0,0.0,1.0,2.0,-4.0,0.0,1.0,4.0,0.65,26190.0,True
without_history,duration_curve,berlin_bbr2,miokovic2012__ctrl__adductor_longus__bed_rest_28__MRI_volume,28.0,-1.37,-7.9114,6.5414,4.1541,2.5369,-12.0,-4.0,0.0,8.0,-16.0,0.0,1.0,16.0,,,
without_history,jev,berlin_bbr2,miokovic2012__ctrl__adductor_longus__bed_rest_56__MRI_volume,56.0,-5.48,-6.0,0.52,1.8708,3.5066,-14.0,-6.0,0.0,8.0,-12.0,0.0,1.0,12.0,0.25,26068.0,True
without_history,duration_curve,berlin_bbr2,miokovic2012__ctrl__adductor_longus__bed_rest_56__MRI_volume,56.0,-5.48,-10.3987,4.9187,3.0546,2.4235,-14.0,-6.0,0.0,8.0,-18.0,-2.0,1.0,16.0,,,
without_history,jev,berlin_bbr2,miokovic2012__ctrl__adductor_magnus__bed_rest_28__MRI_volume,28.0,-5.57,-7.14,1.57,1.801,2.8134,-8.0,-6.0,0.0,2.0,-8.0,-6.0,0.0,2.0,0.79,26190.0,True
without_history,duration_curve,berlin_bbr2,miokovic2012__ctrl__adductor_magnus__bed_rest_28__MRI_volume,28.0,-5.57,-7.9114,2.3414,1.6858,1.9945,-12.0,-4.0,1.0,8.0,-16.0,0.0,1.0,16.0,,,
without_history,jev,berlin_bbr2,miokovic2012__ctrl__adductor_magnus__bed_rest_56__MRI_volume,56.0,-9.91,-8.88,1.03,0.3684,0.9163,-10.0,-6.0,1.0,4.0,-12.0,-6.0,1.0,6.0,0.36,26068.0,True
without_history,duration_curve,berlin_bbr2,miokovic2012__ctrl__adductor_magnus__bed_rest_56__MRI_volume,56.0,-9.91,-10.3987,0.4887,1.2571,1.7668,-14.0,-6.0,1.0,8.0,-18.0,-2.0,1.0,16.0,,,
without_history,jev,berlin_bbr2,miokovic2012__ctrl__pectineus__bed_rest_28__MRI_volume,28.0,-2.22,-4.98,2.76,1.1858,1.6094,-8.0,-4.0,0.0,4.0,-8.0,0.0,1.0,8.0,0.27,26185.0,True
without_history,duration_curve,berlin_bbr2,miokovic2012__ctrl__pectineus__bed_rest_28__MRI_volume,28.0,-2.22,-7.9114,5.6914,2.7617,2.5369,-12.0,-4.0,0.0,8.0,-16.0,0.0,1.0,16.0,,,
without_history,jev,berlin_bbr2,miokovic2012__ctrl__pectineus__bed_rest_56__MRI_volume,56.0,-1.39,-9.1,7.71,6.437,3.912,-12.0,-8.0,0.0,4.0,-12.0,-4.0,0.0,8.0,0.31,26056.0,True
without_history,duration_curve,berlin_bbr2,miokovic2012__ctrl__pectineus__bed_rest_56__MRI_volume,56.0,-1.39,-10.3987,9.0087,6.3077,3.964,-14.0,-6.0,0.0,8.0,-18.0,-2.0,0.0,16.0,,,
without_history,jev,berlin_bbr2,miokovic2012__ctrl__gracilis__bed_rest_28__MRI_volume,28.0,3.94,-2.12,6.06,3.55,13.8155,-2.0,2.0,0.0,4.0,-4.0,2.0,0.0,6.0,0.4,26188.0,True
without_history,duration_curve,berlin_bbr2,miokovic2012__ctrl__gracilis__bed_rest_28__MRI_volume,28.0,3.94,-7.9114,11.8514,7.7111,4.1463,-12.0,-4.0,0.0,8.0,-16.0,0.0,0.0,16.0,,,
without_history,jev,berlin_bbr2,miokovic2012__ctrl__gracilis__bed_rest_56__MRI_volume,56.0,-2.38,-6.72,4.34,2.2584,2.5257,-10.0,-4.0,0.0,6.0,-12.0,-4.0,0.0,8.0,0.31,26066.0,True
without_history,duration_curve,berlin_bbr2,miokovic2012__ctrl__gracilis__bed_rest_56__MRI_volume,56.0,-2.38,-10.3987,8.0187,4.5356,2.6202,-14.0,-6.0,0.0,8.0,-18.0,-2.0,1.0,16.0,,,
without_history,jev,berlin_bbr2,miokovic2012__ctrl__sartorius__bed_rest_28__MRI_volume,28.0,-1.82,-5.56,3.74,3.9748,4.6052,-6.0,-4.0,0.0,2.0,-8.0,-4.0,0.0,4.0,0.64,26186.0,True
without_history,duration_curve,berlin_bbr2,miokovic2012__ctrl__sartorius__bed_rest_28__MRI_volume,28.0,-1.82,-7.9114,6.0914,4.1541,2.5369,-12.0,-4.0,0.0,8.0,-16.0,0.0,1.0,16.0,,,
without_history,jev,berlin_bbr2,miokovic2012__ctrl__sartorius__bed_rest_56__MRI_volume,56.0,-7.43,-7.54,0.11,0.8498,1.772,-8.0,-4.0,1.0,4.0,-12.0,-4.0,1.0,8.0,0.33,26057.0,True
without_history,duration_curve,berlin_bbr2,miokovic2012__ctrl__sartorius__bed_rest_56__MRI_volume,56.0,-7.43,-10.3987,2.9687,1.928,2.1722,-14.0,-6.0,1.0,8.0,-18.0,-2.0,1.0,16.0,,,
without_history,jev,berlin_bbr2,miokovic2012__ctrl__rectus_femoris__bed_rest_28__MRI_volume,28.0,-1.88,-4.82,2.94,2.9062,4.6052,-6.0,-2.0,0.0,4.0,-6.0,-2.0,0.0,4.0,0.44,26133.0,True
without_history,duration_curve,berlin_bbr2,miokovic2012__ctrl__rectus_femoris__bed_rest_28__MRI_volume,28.0,-1.88,-7.9114,6.0314,4.1541,2.5369,-12.0,-4.0,0.0,8.0,-16.0,0.0,1.0,16.0,,,
without_history,jev,berlin_bbr2,miokovic2012__ctrl__rectus_femoris__bed_rest_56__MRI_volume,56.0,-5.55,-8.58,3.03,2.3482,1.8326,-12.0,-8.0,0.0,4.0,-12.0,-6.0,0.0,6.0,0.32,26133.0,True
without_history,duration_curve,berlin_bbr2,miokovic2012__ctrl__rectus_femoris__bed_rest_56__MRI_volume,56.0,-5.55,-10.3987,4.8487,3.0546,2.4235,-14.0,-6.0,0.0,8.0,-18.0,-2.0,1.0,16.0,,,
without_history,jev,berlin_bbr2,miokovic2012__ctrl__extensor_digitorum_longus__bed_rest_28__MRI_volume,28.0,-3.44,-8.2525,4.8125,4.5526,4.5951,-10.0,-8.0,0.0,2.0,-10.0,-6.0,0.0,4.0,0.54,26184.0,True
without_history,duration_curve,berlin_bbr2,miokovic2012__ctrl__extensor_digitorum_longus__bed_rest_28__MRI_volume,28.0,-3.44,-7.9114,4.4714,2.7617,2.5369,-12.0,-4.0,0.0,8.0,-16.0,0.0,1.0,16.0,,,
without_history,jev,berlin_bbr2,miokovic2012__ctrl__extensor_digitorum_longus__bed_rest_56__MRI_volume,56.0,-5.82,-10.7374,4.9174,4.4567,3.902,-12.0,-10.0,0.0,2.0,-14.0,-8.0,0.0,6.0,0.53,26054.0,True
without_history,duration_curve,berlin_bbr2,miokovic2012__ctrl__extensor_digitorum_longus__bed_rest_56__MRI_volume,56.0,-5.82,-10.3987,4.5787,3.0546,2.4235,-14.0,-6.0,0.0,8.0,-18.0,-2.0,1.0,16.0,,,
without_history,jev,berlin_bbr2,miokovic2012__ctrl__tibialis_anterior__bed_rest_28__MRI_volume,28.0,-7.73,-8.36,0.63,1.0428,1.4271,-10.0,-8.0,0.0,2.0,-10.0,-6.0,1.0,4.0,0.66,26180.0,True
without_history,duration_curve,berlin_bbr2,miokovic2012__ctrl__tibialis_anterior__bed_rest_28__MRI_volume,28.0,-7.73,-7.9114,0.1814,1.1541,1.6782,-12.0,-4.0,1.0,8.0,-16.0,0.0,1.0,16.0,,,
without_history,jev,berlin_bbr2,miokovic2012__ctrl__tibialis_anterior__bed_rest_56__MRI_volume,56.0,-12.11,-11.92,0.19,1.4452,2.9957,-12.0,-10.0,0.0,2.0,-16.0,-8.0,1.0,8.0,0.53,26050.0,True
without_history,duration_curve,berlin_bbr2,miokovic2012__ctrl__tibialis_anterior__bed_rest_56__MRI_volume,56.0,-12.11,-10.3987,1.7113,1.9913,2.2592,-14.0,-6.0,1.0,8.0,-18.0,-2.0,1.0,16.0,,,
without_history,jev,berlin_bbr2,miokovic2012__ctrl__flexor_digitorum_longus__bed_rest_28__MRI_volume,28.0,-11.39,-7.82,3.57,2.3462,3.2189,-10.0,-6.0,0.0,4.0,-10.0,-4.0,0.0,6.0,0.35,26160.0,True
without_history,duration_curve,berlin_bbr2,miokovic2012__ctrl__flexor_digitorum_longus__bed_rest_28__MRI_volume,28.0,-11.39,-7.9114,3.4786,2.2174,2.3884,-12.0,-4.0,1.0,8.0,-16.0,0.0,1.0,16.0,,,
without_history,jev,berlin_bbr2,miokovic2012__ctrl__flexor_digitorum_longus__bed_rest_56__MRI_volume,56.0,-15.82,-9.96,5.86,4.5064,4.6052,-10.0,-8.0,0.0,2.0,-12.0,-8.0,0.0,4.0,0.62,26160.0,True
without_history,duration_curve,berlin_bbr2,miokovic2012__ctrl__flexor_digitorum_longus__bed_rest_56__MRI_volume,56.0,-15.82,-10.3987,5.4213,3.1305,3.1167,-14.0,-6.0,0.0,8.0,-18.0,-2.0,1.0,16.0,,,
without_history,jev,berlin_bbr2,miokovic2012__ctrl__flexor_hallucis_longus__bed_rest_28__MRI_volume,28.0,-10.64,-8.94,1.7,1.853,3.2189,-10.0,-8.0,0.0,2.0,-10.0,-8.0,0.0,2.0,0.88,26160.0,True
without_history,duration_curve,berlin_bbr2,miokovic2012__ctrl__flexor_hallucis_longus__bed_rest_28__MRI_volume,28.0,-10.64,-7.9114,2.7286,2.2174,2.3884,-12.0,-4.0,1.0,8.0,-16.0,0.0,1.0,16.0,,,
without_history,jev,berlin_bbr2,miokovic2012__ctrl__flexor_hallucis_longus__bed_rest_56__MRI_volume,56.0,-17.34,-12.78,4.56,3.3418,2.8134,-12.0,-8.0,0.0,4.0,-20.0,-8.0,1.0,12.0,0.42,26160.0,True
without_history,duration_curve,berlin_bbr2,miokovic2012__ctrl__flexor_hallucis_longus__bed_rest_56__MRI_volume,56.0,-17.34,-10.3987,6.9413,4.447,2.9832,-14.0,-6.0,0.0,8.0,-18.0,-2.0,1.0,16.0,,,
without_history,jev,berlin_bbr2,miokovic2012__ctrl__tibialis_posterior__bed_rest_28__MRI_volume,28.0,-13.16,-7.58,5.58,4.7698,4.6052,-8.0,-6.0,0.0,2.0,-10.0,-6.0,0.0,4.0,0.62,26157.0,True
without_history,duration_curve,berlin_bbr2,miokovic2012__ctrl__tibialis_posterior__bed_rest_28__MRI_volume,28.0,-13.16,-7.9114,5.2486,3.4326,3.0477,-12.0,-4.0,0.0,8.0,-16.0,0.0,1.0,16.0,,,
without_history,jev,berlin_bbr2,miokovic2012__ctrl__tibialis_posterior__bed_rest_56__MRI_volume,56.0,-16.46,-11.16,5.3,5.4148,4.6052,-12.0,-10.0,0.0,2.0,-12.0,-10.0,0.0,2.0,0.77,26157.0,True
without_history,duration_curve,berlin_bbr2,miokovic2012__ctrl__tibialis_posterior__bed_rest_56__MRI_volume,56.0,-16.46,-10.3987,6.0613,4.447,2.9832,-14.0,-6.0,0.0,8.0,-18.0,-2.0,1.0,16.0,,,
without_history,jev,berlin_bbr2,miokovic2012__ctrl__gastrocnemius_lateralis__bed_rest_28__MRI_volume,28.0,-12.44,-10.26,2.18,2.157,3.912,-12.0,-10.0,0.0,2.0,-12.0,-8.0,0.0,4.0,0.61,26160.0,True
without_history,duration_curve,berlin_bbr2,miokovic2012__ctrl__gastrocnemius_lateralis__bed_rest_28__MRI_volume,28.0,-12.44,-7.9114,4.5286,3.4326,3.0477,-12.0,-4.0,0.0,8.0,-16.0,0.0,1.0,16.0,,,
without_history,jev,berlin_bbr2,miokovic2012__ctrl__gastrocnemius_lateralis__bed_rest_56__MRI_volume,56.0,-20.41,-13.7,6.71,5.9978,3.912,-16.0,-12.0,0.0,4.0,-16.0,-10.0,0.0,6.0,0.28,26160.0,True
without_history,duration_curve,berlin_bbr2,miokovic2012__ctrl__gastrocnemius_lateralis__bed_rest_56__MRI_volume,56.0,-20.41,-10.3987,10.0113,7.6748,3.5585,-14.0,-6.0,0.0,8.0,-18.0,-2.0,0.0,16.0,,,
without_history,jev,berlin_bbr2,miokovic2012__ctrl__gastrocnemius_medialis__bed_rest_28__MRI_volume,28.0,-16.5,-13.76,2.74,2.1372,2.9957,-16.0,-14.0,0.0,2.0,-16.0,-12.0,0.0,4.0,0.56,26160.0,True
without_history,duration_curve,berlin_bbr2,miokovic2012__ctrl__gastrocnemius_medialis__bed_rest_28__MRI_volume,28.0,-16.5,-7.9114,8.5886,6.4579,3.3578,-12.0,-4.0,0.0,8.0,-16.0,0.0,0.0,16.0,,,
without_history,jev,berlin_bbr2,miokovic2012__ctrl__gastrocnemius_medialis__bed_rest_56__MRI_volume,56.0,-24.51,-19.3,5.21,3.371,3.5066,-24.0,-20.0,0.0,4.0,-26.0,-14.0,1.0,12.0,0.24,26160.0,True
without_history,duration_curve,berlin_bbr2,miokovic2012__ctrl__gastrocnemius_medialis__bed_rest_56__MRI_volume,56.0,-24.51,-10.3987,14.1113,11.3584,5.0626,-14.0,-6.0,0.0,8.0,-18.0,-2.0,0.0,16.0,,,
without_history,jev,berlin_bbr2,miokovic2012__ctrl__soleus__bed_rest_28__MRI_volume,28.0,-17.22,-14.46,2.76,1.539,1.8971,-16.0,-14.0,0.0,2.0,-18.0,-14.0,1.0,4.0,0.69,26155.0,True
without_history,duration_curve,berlin_bbr2,miokovic2012__ctrl__soleus__bed_rest_28__MRI_volume,28.0,-17.22,-7.9114,9.3086,6.4579,3.3578,-12.0,-4.0,0.0,8.0,-16.0,0.0,0.0,16.0,,,
without_history,jev,berlin_bbr2,miokovic2012__ctrl__soleus__bed_rest_56__MRI_volume,56.0,-23.23,-20.26,2.97,0.8686,0.7985,-24.0,-20.0,1.0,4.0,-24.0,-10.0,1.0,14.0,0.41,26155.0,True
without_history,duration_curve,berlin_bbr2,miokovic2012__ctrl__soleus__bed_rest_56__MRI_volume,56.0,-23.23,-10.3987,12.8313,9.4976,4.6571,-14.0,-6.0,0.0,8.0,-18.0,-2.0,0.0,16.0,,,
without_history,jev,planhab_br10,mekjavic2021__nbr__whole_calf__bed_rest_10__CT_CSA,10.0,-8.0,-4.0,4.0,2.4412,3.912,-4.0,-2.0,0.0,2.0,-6.0,-2.0,0.0,4.0,0.47,26079.0,True
without_history,duration_curve,planhab_br10,mekjavic2021__nbr__whole_calf__bed_rest_10__CT_CSA,10.0,-8.0,-4.1696,3.8304,2.1992,2.4675,-6.0,2.0,0.0,8.0,-10.0,,1.0,16.0,,,
without_history,jev,planhab_br10,mekjavic2021__hbr__whole_calf__bed_rest_10__CT_CSA,10.0,-9.9,-4.0,5.9,4.4412,13.8155,-4.0,-2.0,0.0,2.0,-6.0,-2.0,0.0,4.0,0.47,26079.0,True
without_history,duration_curve,planhab_br10,mekjavic2021__hbr__whole_calf__bed_rest_10__CT_CSA,10.0,-9.9,-4.1696,5.7304,3.322,2.8391,-6.0,2.0,0.0,8.0,-10.0,,1.0,16.0,,,
without_history,jev,planhab_br10,mekjavic2021__nbr_male__whole_calf__bed_rest_10__CT_CSA,10.0,-6.2,-4.08,2.12,2.4232,13.8155,-6.0,-4.0,0.0,2.0,-6.0,-2.0,0.0,4.0,0.5,26079.0,True
without_history,duration_curve,planhab_br10,mekjavic2021__nbr_male__whole_calf__bed_rest_10__CT_CSA,10.0,-6.2,-4.1696,2.0304,2.1992,2.4675,-6.0,2.0,0.0,8.0,-10.0,,1.0,16.0,,,
without_history,jev,planhab_br10,mekjavic2021__hbr_male__whole_calf__bed_rest_10__CT_CSA,10.0,-7.7,-4.08,3.62,2.4232,13.8155,-6.0,-4.0,0.0,2.0,-6.0,-2.0,0.0,4.0,0.5,26079.0,True
without_history,duration_curve,planhab_br10,mekjavic2021__hbr_male__whole_calf__bed_rest_10__CT_CSA,10.0,-7.7,-4.1696,3.5304,2.1992,2.4675,-6.0,2.0,0.0,8.0,-10.0,,1.0,16.0,,,
without_history,jev,planhab_br21,debevec2018__nbr__whole_thigh__bed_rest_21__CT_CSA,21.0,-6.9,-6.3333,0.5667,0.3157,0.5878,-8.0,-6.0,1.0,2.0,-8.0,-4.0,1.0,4.0,0.53,26068.0,True
without_history,duration_curve,planhab_br21,debevec2018__nbr__whole_thigh__bed_rest_21__CT_CSA,21.0,-6.9,-6.7965,0.1035,1.2752,1.6975,-10.0,-2.0,1.0,8.0,-14.0,2.0,1.0,16.0,,,
without_history,jev,planhab_br21,debevec2018__hbr__whole_thigh__bed_rest_21__CT_CSA,21.0,-9.7,-6.3333,3.3667,2.1137,3.2088,-8.0,-6.0,0.0,2.0,-8.0,-4.0,0.0,4.0,0.53,26068.0,True
without_history,duration_curve,planhab_br21,debevec2018__hbr__whole_thigh__bed_rest_21__CT_CSA,21.0,-9.7,-6.7965,2.9035,1.8682,2.2297,-10.0,-2.0,1.0,8.0,-14.0,2.0,1.0,16.0,,,
without_history,jev,cavanagh_br84,cavanagh2016__ex__quadriceps__bed_rest_84__MRI_volume,84.0,-7.2,-7.62,0.42,1.1534,1.8971,-12.0,-6.0,1.0,6.0,-12.0,-2.0,1.0,10.0,0.24,26279.0,True
without_history,duration_curve,cavanagh_br84,cavanagh2016__ex__quadriceps__bed_rest_84__MRI_volume,84.0,-7.2,-11.8198,4.6198,2.713,2.4733,-16.0,-8.0,0.0,8.0,-20.0,-4.0,1.0,16.0,,,
without_history,jev,cavanagh_br84,cavanagh2016__ex__gastrocnemius_total__bed_rest_84__MRI_volume,84.0,-13.8,-10.58,3.22,1.495,1.772,-12.0,-8.0,0.0,4.0,-14.0,-6.0,1.0,8.0,0.27,26237.0,True
without_history,duration_curve,cavanagh_br84,cavanagh2016__ex__gastrocnemius_total__bed_rest_84__MRI_volume,84.0,-13.8,-11.8198,1.9802,1.4456,1.9088,-16.0,-8.0,1.0,8.0,-20.0,-4.0,1.0,16.0,,,
without_history,jev,cook_ulls30,cook2014__ulls__quadriceps__bed_rest_30__MRI_CSA,30.0,-7.0,-9.3,2.3,1.2846,1.8971,-10.0,-8.0,0.0,2.0,-12.0,-6.0,1.0,6.0,0.49,26082.0,True
without_history,duration_curve,cook_ulls30,cook2014__ulls__quadriceps__bed_rest_30__MRI_CSA,30.0,-7.0,-8.1813,1.1813,1.2836,1.7918,-10.0,-2.0,1.0,8.0,-16.0,0.0,1.0,16.0,,,
without_history,jev,cook_ulls30,cook2014__ulls__triceps_surae__bed_rest_30__MRI_CSA,30.0,-8.0,-12.54,4.54,3.0582,2.4079,-16.0,-8.0,0.0,8.0,-20.0,-4.0,1.0,16.0,0.17,26110.0,True
without_history,duration_curve,cook_ulls30,cook2014__ulls__triceps_surae__bed_rest_30__MRI_CSA,30.0,-8.0,-8.1813,0.1813,1.2836,1.7918,-10.0,-2.0,1.0,8.0,-16.0,0.0,1.0,16.0,,,
without_history,jev,cook_ulls30,cook2014__ulls_ex__quadriceps__bed_rest_30__MRI_CSA,30.0,-1.0,-4.98,3.98,2.3334,2.0402,-8.0,-2.0,0.0,6.0,-10.0,0.0,1.0,10.0,0.2,26266.0,True
without_history,duration_curve,cook_ulls30,cook2014__ulls_ex__quadriceps__bed_rest_30__MRI_CSA,30.0,-1.0,-8.1813,7.1813,4.2661,2.6159,-10.0,-2.0,0.0,8.0,-16.0,0.0,1.0,16.0,,,
without_history,jev,cook_ulls30,cook2014__ulls_ex__triceps_surae__bed_rest_30__MRI_CSA,30.0,-5.0,-8.98,3.98,2.0786,2.1203,-10.0,-4.0,1.0,6.0,-16.0,0.0,1.0,16.0,0.2,26215.0,True
without_history,duration_curve,cook_ulls30,cook2014__ulls_ex__triceps_surae__bed_rest_30__MRI_CSA,30.0,-5.0,-8.1813,3.1813,1.8216,2.1212,-10.0,-2.0,1.0,8.0,-16.0,0.0,1.0,16.0,,,
without_history,jev,drummond_br7,drummond2013__ctrl__whole_lower_limb__bed_rest_7__DXA_lean_mass,7.0,-4.0,-2.88,1.12,0.0232,0.1508,-4.0,-2.0,1.0,2.0,-4.0,-2.0,1.0,2.0,0.84,26059.0,True
without_history,duration_curve,drummond_br7,drummond2013__ctrl__whole_lower_limb__bed_rest_7__DXA_lean_mass,7.0,-4.0,-3.0174,0.9826,1.2639,1.7164,-6.0,2.0,1.0,8.0,-8.0,,1.0,14.0,,,
without_history,jev,maastricht_br7_feeding,dirks2019__intermittent__quadriceps__bed_rest_7__CT_CSA,7.0,-1.1,-2.8788,1.7788,1.5547,2.1972,-4.0,-2.0,0.0,2.0,-4.0,-2.0,0.0,2.0,0.77,26199.0,True
without_history,duration_curve,maastricht_br7_feeding,dirks2019__intermittent__quadriceps__bed_rest_7__CT_CSA,7.0,-1.1,-3.0814,1.9814,1.444,2.012,-6.0,2.0,1.0,8.0,-8.0,,1.0,14.0,,,
without_history,jev,maastricht_br7_feeding,dirks2019__continuous__quadriceps__bed_rest_7__CT_CSA,7.0,-0.8,-2.84,2.04,1.458,1.9661,-4.0,-2.0,0.0,2.0,-4.0,0.0,1.0,4.0,0.75,26197.0,True
without_history,duration_curve,maastricht_br7_feeding,dirks2019__continuous__quadriceps__bed_rest_7__CT_CSA,7.0,-0.8,-3.0814,2.2814,1.444,2.012,-6.0,2.0,1.0,8.0,-8.0,,1.0,14.0,,,
without_history,jev,krainski_hdbr35,krainski2014__br__quadriceps__bed_rest_35__MRI_volume,35.0,-9.0,-8.98,0.02,0.005,0.0726,-10.0,-8.0,1.0,2.0,-10.0,-8.0,1.0,2.0,0.92,26093.0,True
without_history,duration_curve,krainski_hdbr35,krainski2014__br__quadriceps__bed_rest_35__MRI_volume,35.0,-9.0,-8.6509,0.3491,1.2708,1.6642,-10.0,-2.0,1.0,8.0,-16.0,0.0,1.0,16.0,,,
without_history,jev,krainski_hdbr35,krainski2014__exbr__quadriceps__bed_rest_35__MRI_volume,35.0,-5.0,-5.54,0.54,1.0234,2.4079,-8.0,-2.0,1.0,6.0,-10.0,-2.0,1.0,8.0,0.21,26242.0,True
without_history,duration_curve,krainski_hdbr35,krainski2014__exbr__quadriceps__bed_rest_35__MRI_volume,35.0,-5.0,-8.6509,3.6509,2.0992,2.3891,-10.0,-2.0,1.0,8.0,-16.0,0.0,1.0,16.0,,,
without_history,jev,krainski_hdbr35,krainski2014__br__hamstrings__bed_rest_35__MRI_volume,35.0,-8.0,-10.02,2.02,1.7362,2.3026,-10.0,-8.0,0.0,2.0,-12.0,-6.0,1.0,6.0,0.67,26075.0,True
without_history,duration_curve,krainski_hdbr35,krainski2014__br__hamstrings__bed_rest_35__MRI_volume,35.0,-8.0,-8.6509,0.6509,1.4009,1.9518,-10.0,-2.0,1.0,8.0,-16.0,0.0,1.0,16.0,,,
without_history,jev,krainski_hdbr35,krainski2014__exbr__hamstrings__bed_rest_35__MRI_volume,35.0,-7.0,-8.14,1.14,0.827,1.5606,-10.0,-4.0,1.0,6.0,-12.0,-2.0,1.0,10.0,0.25,26266.0,True
without_history,duration_curve,krainski_hdbr35,krainski2014__exbr__hamstrings__bed_rest_35__MRI_volume,35.0,-7.0,-8.6509,1.6509,1.4009,1.9518,-10.0,-2.0,1.0,8.0,-16.0,0.0,1.0,16.0,,,
without_history,jev,krainski_hdbr35,krainski2014__br__triceps_surae__bed_rest_35__MRI_volume,35.0,-19.0,-11.96,7.04,5.4228,3.2189,-10.0,-8.0,0.0,2.0,-18.0,-8.0,0.0,10.0,0.51,26115.0,True
without_history,duration_curve,krainski_hdbr35,krainski2014__br__triceps_surae__bed_rest_35__MRI_volume,35.0,-19.0,-8.6509,10.3491,7.3773,3.5205,-10.0,-2.0,0.0,8.0,-16.0,0.0,0.0,16.0,,,
without_history,jev,krainski_hdbr35,krainski2014__exbr__triceps_surae__bed_rest_35__MRI_volume,35.0,-14.0,-7.92,6.08,3.8504,3.5066,-10.0,-6.0,0.0,4.0,-10.0,-4.0,0.0,6.0,0.35,26198.0,True
without_history,duration_curve,krainski_hdbr35,krainski2014__exbr__triceps_surae__bed_rest_35__MRI_volume,35.0,-14.0,-8.6509,5.3491,2.9512,2.8786,-10.0,-2.0,0.0,8.0,-16.0,0.0,1.0,16.0,,,
without_history,jev,krainski_hdbr35,krainski2014__br__anterior_tibial_group__bed_rest_35__MRI_volume,35.0,-9.0,-10.88,1.88,0.5264,0.6162,-10.0,-8.0,1.0,2.0,-16.0,-4.0,1.0,12.0,0.51,26049.0,True
without_history,duration_curve,krainski_hdbr35,krainski2014__br__anterior_tibial_group__bed_rest_35__MRI_volume,35.0,-9.0,-8.6509,0.3491,1.2708,1.6642,-10.0,-2.0,1.0,8.0,-16.0,0.0,1.0,16.0,,,
without_history,jev,krainski_hdbr35,krainski2014__exbr__anterior_tibial_group__bed_rest_35__MRI_volume,35.0,-5.0,-6.4141,1.4141,1.1513,1.7619,-10.0,-6.0,0.0,4.0,-10.0,-2.0,1.0,8.0,0.29,26247.0,True
without_history,duration_curve,krainski_hdbr35,krainski2014__exbr__anterior_tibial_group__bed_rest_35__MRI_volume,35.0,-5.0,-8.6509,3.6509,2.0992,2.3891,-10.0,-2.0,1.0,8.0,-16.0,0.0,1.0,16.0,,,
without_history,jev,tanner_br5,tanner2015__young__whole_lower_limb__bed_rest_5__DXA_lean_mass,5.0,-0.3,-2.8,2.5,1.62,2.3026,-4.0,-2.0,0.0,2.0,-4.0,-2.0,0.0,2.0,0.89,26075.0,True
without_history,duration_curve,tanner_br5,tanner2015__young__whole_lower_limb__bed_rest_5__DXA_lean_mass,5.0,-0.3,-1.9826,1.6826,1.2224,1.7463,-2.0,,1.0,8.0,-8.0,,1.0,14.0,,,
without_history,jev,tanner_br5,tanner2015__old__whole_lower_limb__bed_rest_5__DXA_lean_mass,5.0,-3.8,-2.84,0.96,0.0164,0.1054,-4.0,-2.0,1.0,2.0,-4.0,-2.0,1.0,2.0,0.89,26074.0,True
without_history,duration_curve,tanner_br5,tanner2015__old__whole_lower_limb__bed_rest_5__DXA_lean_mass,5.0,-3.8,-1.9826,1.8174,1.5247,2.012,-2.0,,0.0,8.0,-8.0,,1.0,14.0,,,
without_history,jev,di5_toulouse,lair2026__ctrl__quadriceps__bed_rest_5__MRI_CSA,5.0,-2.8,-2.32,0.48,0.2452,0.4463,-4.0,-2.0,1.0,2.0,-4.0,0.0,1.0,4.0,0.61,26067.0,True
without_history,duration_curve,di5_toulouse,lair2026__ctrl__quadriceps__bed_rest_5__MRI_CSA,5.0,-2.8,-1.9739,0.8261,1.5246,2.0149,-2.0,,0.0,8.0,-8.0,,1.0,14.0,,,
without_history,jev,nasa_utmb_c3,nlsp_mr035g_c3__ctrl__whole_lower_limb__bed_rest_30__DXA_lean_mass,30.0,-15.45,-9.44,6.01,4.9548,3.912,-10.0,-8.0,0.0,2.0,-10.0,-6.0,0.0,4.0,0.71,26074.0,True
without_history,duration_curve,nasa_utmb_c3,nlsp_mr035g_c3__ctrl__whole_lower_limb__bed_rest_30__DXA_lean_mass,30.0,-15.45,-8.076,7.374,4.6998,3.0622,-10.0,-2.0,0.0,8.0,-16.0,0.0,1.0,16.0,,,
without_history,jev,nasa_utmb_c3,nlsp_mr035g_c3__ctrl__whole_lower_limb__bed_rest_45__DXA_lean_mass,45.0,-16.95,-9.8,7.15,6.5076,4.6052,-10.0,-8.0,0.0,2.0,-12.0,-8.0,0.0,4.0,0.71,26095.0,True
without_history,duration_curve,nasa_utmb_c3,nlsp_mr035g_c3__ctrl__whole_lower_limb__bed_rest_45__DXA_lean_mass,45.0,-16.95,-9.462,7.488,5.1388,3.1958,-12.0,-4.0,0.0,8.0,-16.0,0.0,0.0,16.0,,,
without_history,jev,nasa_utmb_c3,nlsp_mr035g_c3__ctrl__whole_lower_limb__bed_rest_58__DXA_lean_mass,58.0,-18.56,-11.5,7.06,6.7826,4.6052,-12.0,-10.0,0.0,2.0,-12.0,-8.0,0.0,4.0,0.7,26129.0,True
without_history,duration_curve,nasa_utmb_c3,nlsp_mr035g_c3__ctrl__whole_lower_limb__bed_rest_58__DXA_lean_mass,58.0,-18.56,-10.4327,8.1273,5.8898,3.0016,-12.0,-4.0,0.0,8.0,-18.0,-2.0,0.0,16.0,,,
without_history,jev,nasa_utmb_c3,nlsp_mr035g_c3__ctrl__whole_lower_limb__bed_rest_63__DXA_lean_mass,63.0,-10.03,-10.76,0.73,0.0316,0.1625,-12.0,-10.0,1.0,2.0,-12.0,-10.0,1.0,2.0,0.83,26145.0,True
without_history,duration_curve,nasa_utmb_c3,nlsp_mr035g_c3__ctrl__whole_lower_limb__bed_rest_63__DXA_lean_mass,63.0,-10.03,-10.655,0.625,1.27,1.6917,-14.0,-6.0,1.0,8.0,-18.0,-2.0,1.0,16.0,,,
with_history,jev,medes_ltbr90,trappe2023__ctrl_men__quadriceps__bed_rest_89__MRI_volume,89.0,-8.84,-4.46,4.38,3.9458,13.8155,-5.0,-4.0,0.0,1.0,-5.0,-4.0,0.0,1.0,0.88,25960.0,True
with_history,last_scan,medes_ltbr90,trappe2023__ctrl_men__quadriceps__bed_rest_89__MRI_volume,89.0,-8.84,-2.6746,6.1654,4.2895,4.1431,-5.0,-1.0,0.0,4.0,-7.0,1.0,0.0,8.0,,,
with_history,last_scan_plus_curve,medes_ltbr90,trappe2023__ctrl_men__quadriceps__bed_rest_89__MRI_volume,89.0,-8.84,-5.0873,3.7527,2.0945,3.0445,-8.0,-4.0,0.0,4.0,-10.0,-2.0,1.0,8.0,,,
with_history,jev,medes_ltbr90,trappe2023__ctrl_men__triceps_surae__bed_rest_89__MRI_volume,89.0,-13.16,-6.86,6.3,4.9734,3.912,-5.0,-4.0,0.0,1.0,-11.0,-4.0,0.0,7.0,0.53,25957.0,True
with_history,last_scan,medes_ltbr90,trappe2023__ctrl_men__triceps_surae__bed_rest_89__MRI_volume,89.0,-13.16,-2.6746,10.4854,9.1625,13.8155,-5.0,-1.0,0.0,4.0,-7.0,1.0,0.0,8.0,,,
with_history,last_scan_plus_curve,medes_ltbr90,trappe2023__ctrl_men__triceps_surae__bed_rest_89__MRI_volume,89.0,-13.16,-5.0873,8.0727,6.7453,13.8155,-8.0,-4.0,0.0,4.0,-10.0,-2.0,0.0,8.0,,,
with_history,jev,medes_ltbr90,belavy2017__fly__flexor_hallucis_longus__bed_rest_89__MRI_volume,89.0,-6.7,-4.55,2.15,1.8099,4.6052,-5.0,-4.0,0.0,1.0,-5.0,-4.0,0.0,1.0,0.85,25965.0,True
with_history,last_scan,medes_ltbr90,belavy2017__fly__flexor_hallucis_longus__bed_rest_89__MRI_volume,89.0,-6.7,-2.6746,4.0254,2.5435,2.5337,-5.0,-1.0,0.0,4.0,-7.0,1.0,1.0,8.0,,,
with_history,last_scan_plus_curve,medes_ltbr90,belavy2017__fly__flexor_hallucis_longus__bed_rest_89__MRI_volume,89.0,-6.7,-5.1349,1.5651,0.9116,2.1972,-8.0,-4.0,1.0,4.0,-9.0,-1.0,1.0,8.0,,,
with_history,jev,medes_ltbr90,belavy2017__fly__gastrocnemius_lateralis__bed_rest_89__MRI_volume,89.0,-8.8,-4.79,4.01,3.3415,3.912,-5.0,-4.0,0.0,1.0,-5.0,-4.0,0.0,1.0,0.78,25965.0,True
with_history,last_scan,medes_ltbr90,belavy2017__fly__gastrocnemius_lateralis__bed_rest_89__MRI_volume,89.0,-8.8,-2.6746,6.1254,4.2895,4.1431,-5.0,-1.0,0.0,4.0,-7.0,1.0,0.0,8.0,,,
with_history,last_scan_plus_curve,medes_ltbr90,belavy2017__fly__gastrocnemius_lateralis__bed_rest_89__MRI_volume,89.0,-8.8,-5.1349,3.6651,2.0862,3.0445,-8.0,-4.0,0.0,4.0,-9.0,-1.0,1.0,8.0,,,
with_history,jev,medes_ltbr90,belavy2017__fly__gastrocnemius_medialis__bed_rest_89__MRI_volume,89.0,-7.7,-4.65,3.05,2.5323,3.912,-5.0,-4.0,0.0,1.0,-5.0,-4.0,0.0,1.0,0.79,25965.0,True
with_history,last_scan,medes_ltbr90,belavy2017__fly__gastrocnemius_medialis__bed_rest_89__MRI_volume,89.0,-7.7,-2.6746,5.0254,3.3847,3.45,-5.0,-1.0,0.0,4.0,-7.0,1.0,0.0,8.0,,,
with_history,last_scan_plus_curve,medes_ltbr90,belavy2017__fly__gastrocnemius_medialis__bed_rest_89__MRI_volume,89.0,-7.7,-5.1349,2.5651,1.3719,2.0637,-8.0,-4.0,1.0,4.0,-9.0,-1.0,1.0,8.0,,,
with_history,jev,medes_ltbr90,belavy2017__fly__soleus__bed_rest_89__MRI_volume,89.0,-9.3,-4.46,4.84,4.85,13.8155,-5.0,-4.0,0.0,1.0,-5.0,-4.0,0.0,1.0,0.85,25962.0,True
with_history,last_scan,medes_ltbr90,belavy2017__fly__soleus__bed_rest_89__MRI_volume,89.0,-9.3,-2.6746,6.6254,5.226,13.8155,-5.0,-1.0,0.0,4.0,-7.0,1.0,0.0,8.0,,,
with_history,last_scan_plus_curve,medes_ltbr90,belavy2017__fly__soleus__bed_rest_89__MRI_volume,89.0,-9.3,-5.1349,4.1651,2.8957,2.7568,-8.0,-4.0,0.0,4.0,-9.0,-1.0,0.0,8.0,,,
with_history,jev,medes_ltbr90,belavy2017__fly__rectus_femoris__bed_rest_89__MRI_volume,89.0,-2.5,-4.4293,1.9293,1.7544,3.902,-5.0,-4.0,0.0,1.0,-5.0,-4.0,0.0,1.0,0.8,25959.0,True
with_history,last_scan,medes_ltbr90,belavy2017__fly__rectus_femoris__bed_rest_89__MRI_volume,89.0,-2.5,-2.6746,0.1746,0.7022,2.5337,-5.0,-1.0,1.0,4.0,-7.0,1.0,1.0,8.0,,,
with_history,last_scan_plus_curve,medes_ltbr90,belavy2017__fly__rectus_femoris__bed_rest_89__MRI_volume,89.0,-2.5,-5.1349,2.6349,1.61,2.7568,-8.0,-4.0,0.0,4.0,-9.0,-1.0,1.0,8.0,,,
with_history,jev,medes_ltbr90,belavy2017__fly__adductor_brevis__bed_rest_89__MRI_volume,89.0,3.4,-4.39,7.79,7.6335,13.8155,-5.0,-4.0,0.0,1.0,-5.0,-4.0,0.0,1.0,0.84,26024.0,True
with_history,last_scan,medes_ltbr90,belavy2017__fly__adductor_brevis__bed_rest_89__MRI_volume,89.0,3.4,-2.6746,6.0746,4.5435,4.1431,-5.0,-1.0,0.0,4.0,-7.0,1.0,0.0,8.0,,,
with_history,last_scan_plus_curve,medes_ltbr90,belavy2017__fly__adductor_brevis__bed_rest_89__MRI_volume,89.0,3.4,-5.1349,8.5349,7.0068,13.8155,-8.0,-4.0,0.0,4.0,-9.0,-1.0,0.0,8.0,,,
with_history,jev,medes_ltbr90,belavy2017__fly__adductor_longus__bed_rest_89__MRI_volume,89.0,-1.5,-4.72,3.22,2.818,4.6052,-5.0,-4.0,0.0,1.0,-6.0,-4.0,0.0,2.0,0.78,26024.0,True
with_history,last_scan,medes_ltbr90,belavy2017__fly__adductor_longus__bed_rest_89__MRI_volume,89.0,-1.5,-2.6746,1.1746,0.7181,1.4351,-5.0,-1.0,1.0,4.0,-7.0,1.0,1.0,8.0,,,
with_history,last_scan_plus_curve,medes_ltbr90,belavy2017__fly__adductor_longus__bed_rest_89__MRI_volume,89.0,-1.5,-5.1349,3.6349,2.3243,2.5337,-8.0,-4.0,0.0,4.0,-9.0,-1.0,1.0,8.0,,,
with_history,jev,medes_ltbr90,belavy2017__fly__adductor_magnus__bed_rest_89__MRI_volume,89.0,-3.1,-4.61,1.51,0.8331,2.6593,-5.0,-4.0,0.0,1.0,-5.0,-3.0,1.0,2.0,0.79,26024.0,True
with_history,last_scan,medes_ltbr90,belavy2017__fly__adductor_magnus__bed_rest_89__MRI_volume,89.0,-3.1,-2.6746,0.4254,0.845,2.1972,-5.0,-1.0,1.0,4.0,-7.0,1.0,1.0,8.0,,,
with_history,last_scan_plus_curve,medes_ltbr90,belavy2017__fly__adductor_magnus__bed_rest_89__MRI_volume,89.0,-3.1,-5.1349,2.0349,1.0227,2.0637,-8.0,-4.0,0.0,4.0,-9.0,-1.0,1.0,8.0,,,
with_history,jev,medes_ltbr90,belavy2017__fly__gracilis__bed_rest_89__MRI_volume,89.0,-4.3,-4.4697,0.1697,0.0203,0.2007,-5.0,-4.0,1.0,1.0,-5.0,-4.0,1.0,1.0,0.79,26022.0,True
with_history,last_scan,medes_ltbr90,belavy2017__fly__gracilis__bed_rest_89__MRI_volume,89.0,-4.3,-2.6746,1.6254,1.2101,1.9459,-5.0,-1.0,1.0,4.0,-7.0,1.0,1.0,8.0,,,
with_history,last_scan_plus_curve,medes_ltbr90,belavy2017__fly__gracilis__bed_rest_89__MRI_volume,89.0,-4.3,-5.1349,0.8349,0.6893,1.8405,-8.0,-4.0,1.0,4.0,-9.0,-1.0,1.0,8.0,,,
with_history,jev,medes_ltbr90,belavy2017__fly__sartorius__bed_rest_89__MRI_volume,89.0,-4.8,-4.45,0.35,0.0307,0.2485,-5.0,-4.0,1.0,1.0,-6.0,-4.0,1.0,2.0,0.76,26028.0,True
with_history,last_scan,medes_ltbr90,belavy2017__fly__sartorius__bed_rest_89__MRI_volume,89.0,-4.8,-2.6746,2.1254,1.2101,1.9459,-5.0,-1.0,1.0,4.0,-7.0,1.0,1.0,8.0,,,
with_history,last_scan_plus_curve,medes_ltbr90,belavy2017__fly__sartorius__bed_rest_89__MRI_volume,89.0,-4.8,-5.1349,0.3349,0.6893,1.8405,-8.0,-4.0,1.0,4.0,-9.0,-1.0,1.0,8.0,,,
with_history,jev,medes_ltbr90,belavy2017__fly__biceps_femoris_long_head__bed_rest_89__MRI_volume,89.0,-9.3,-4.48,4.82,4.8324,13.8155,-5.0,-4.0,0.0,1.0,-5.0,-4.0,0.0,1.0,0.83,25938.0,True
with_history,last_scan,medes_ltbr90,belavy2017__fly__biceps_femoris_long_head__bed_rest_89__MRI_volume,89.0,-9.3,-2.6746,6.6254,5.226,13.8155,-5.0,-1.0,0.0,4.0,-7.0,1.0,0.0,8.0,,,
with_history,last_scan_plus_curve,medes_ltbr90,belavy2017__fly__biceps_femoris_long_head__bed_rest_89__MRI_volume,89.0,-9.3,-5.1349,4.1651,2.8957,2.7568,-8.0,-4.0,0.0,4.0,-9.0,-1.0,0.0,8.0,,,
with_history,jev,medes_ltbr90,belavy2017__fly__biceps_femoris_short_head__bed_rest_89__MRI_volume,89.0,-2.4,-4.66,2.26,1.8316,4.6052,-5.0,-4.0,0.0,1.0,-5.0,-4.0,0.0,1.0,0.8,25938.0,True
with_history,last_scan,medes_ltbr90,belavy2017__fly__biceps_femoris_short_head__bed_rest_89__MRI_volume,89.0,-2.4,-2.6746,0.2746,0.7022,2.5337,-5.0,-1.0,1.0,4.0,-7.0,1.0,1.0,8.0,,,
with_history,last_scan_plus_curve,medes_ltbr90,belavy2017__fly__biceps_femoris_short_head__bed_rest_89__MRI_volume,89.0,-2.4,-5.1349,2.7349,1.61,2.7568,-8.0,-4.0,0.0,4.0,-9.0,-1.0,1.0,8.0,,,
with_history,jev,medes_ltbr90,belavy2017__fly__semimembranosus__bed_rest_89__MRI_volume,89.0,-7.3,-4.4,2.9,2.9294,13.8155,-5.0,-4.0,0.0,1.0,-5.0,-4.0,0.0,1.0,0.87,26041.0,True
with_history,last_scan,medes_ltbr90,belavy2017__fly__semimembranosus__bed_rest_89__MRI_volume,89.0,-7.3,-2.6746,4.6254,3.3847,3.45,-5.0,-1.0,0.0,4.0,-7.0,1.0,0.0,8.0,,,
with_history,last_scan_plus_curve,medes_ltbr90,belavy2017__fly__semimembranosus__bed_rest_89__MRI_volume,89.0,-7.3,-5.1349,2.1651,1.3719,2.0637,-8.0,-4.0,1.0,4.0,-9.0,-1.0,1.0,8.0,,,
with_history,jev,medes_ltbr90,belavy2017__fly__semitendinosus__bed_rest_89__MRI_volume,89.0,-4.1,-4.68,0.58,0.051,0.2744,-5.0,-4.0,1.0,1.0,-6.0,-4.0,1.0,2.0,0.74,26039.0,True
with_history,last_scan,medes_ltbr90,belavy2017__fly__semitendinosus__bed_rest_89__MRI_volume,89.0,-4.1,-2.6746,1.4254,1.2101,1.9459,-5.0,-1.0,1.0,4.0,-7.0,1.0,1.0,8.0,,,
with_history,last_scan_plus_curve,medes_ltbr90,belavy2017__fly__semitendinosus__bed_rest_89__MRI_volume,89.0,-4.1,-5.1349,1.0349,0.6893,1.8405,-8.0,-4.0,1.0,4.0,-9.0,-1.0,1.0,8.0,,,
with_history,jev,medes_ltbr90,belavy2017__fly__popliteus__bed_rest_89__MRI_volume,89.0,-1.4,-4.6818,3.2818,2.7661,4.5951,-5.0,-4.0,0.0,1.0,-5.0,-4.0,0.0,1.0,0.78,26037.0,True
with_history,last_scan,medes_ltbr90,belavy2017__fly__popliteus__bed_rest_89__MRI_volume,89.0,-1.4,-2.6746,1.2746,0.7181,1.4351,-5.0,-1.0,1.0,4.0,-7.0,1.0,1.0,8.0,,,
with_history,last_scan_plus_curve,medes_ltbr90,belavy2017__fly__popliteus__bed_rest_89__MRI_volume,89.0,-1.4,-5.1349,3.7349,2.3243,2.5337,-8.0,-4.0,0.0,4.0,-9.0,-1.0,1.0,8.0,,,
with_history,jev,medes_ltbr90,belavy2017__fly__gluteus_maximus__bed_rest_89__MRI_volume__lower_portion_only,89.0,-0.1,-4.46,4.36,3.77,4.6052,-5.0,-4.0,0.0,1.0,-5.0,-4.0,0.0,1.0,0.86,25959.0,True
with_history,last_scan,medes_ltbr90,belavy2017__fly__gluteus_maximus__bed_rest_89__MRI_volume__lower_portion_only,89.0,-0.1,-2.6746,2.5746,1.2101,2.7568,-5.0,-1.0,0.0,4.0,-7.0,1.0,1.0,8.0,,,
with_history,last_scan_plus_curve,medes_ltbr90,belavy2017__fly__gluteus_maximus__bed_rest_89__MRI_volume__lower_portion_only,89.0,-0.1,-5.1349,5.0349,3.1973,3.45,-8.0,-4.0,0.0,4.0,-9.0,-1.0,0.0,8.0,,,
with_history,jev,medes_ltbr90,belavy2017__fly__obturator_externus__bed_rest_89__MRI_volume,89.0,2.1,-4.42,6.52,6.695,13.8155,-5.0,-4.0,0.0,1.0,-5.0,-4.0,0.0,1.0,0.82,26042.0,True
with_history,last_scan,medes_ltbr90,belavy2017__fly__obturator_externus__bed_rest_89__MRI_volume,89.0,2.1,-2.6746,4.7746,3.607,13.8155,-5.0,-1.0,0.0,4.0,-7.0,1.0,0.0,8.0,,,
with_history,last_scan_plus_curve,medes_ltbr90,belavy2017__fly__obturator_externus__bed_rest_89__MRI_volume,89.0,2.1,-5.1349,7.2349,6.0385,13.8155,-8.0,-4.0,0.0,4.0,-9.0,-1.0,0.0,8.0,,,
with_history,jev,medes_ltbr90,belavy2017__fly__obturator_internus__bed_rest_89__MRI_volume,89.0,3.3,-5.41,8.71,7.9801,13.8155,-5.0,-4.0,0.0,1.0,-6.0,-3.0,0.0,3.0,0.69,26041.0,True
with_history,last_scan,medes_ltbr90,belavy2017__fly__obturator_internus__bed_rest_89__MRI_volume,89.0,3.3,-2.6746,5.9746,4.5435,4.1431,-5.0,-1.0,0.0,4.0,-7.0,1.0,0.0,8.0,,,
with_history,last_scan_plus_curve,medes_ltbr90,belavy2017__fly__obturator_internus__bed_rest_89__MRI_volume,89.0,3.3,-5.1349,8.4349,7.0068,13.8155,-8.0,-4.0,0.0,4.0,-9.0,-1.0,0.0,8.0,,,
with_history,jev,medes_ltbr90,belavy2017__fly__quadratus_femoris__bed_rest_89__MRI_volume,89.0,-2.1,-4.36,2.26,1.792,4.6052,-5.0,-4.0,0.0,1.0,-5.0,-4.0,0.0,1.0,0.86,26041.0,True
with_history,last_scan,medes_ltbr90,belavy2017__fly__quadratus_femoris__bed_rest_89__MRI_volume,89.0,-2.1,-2.6746,0.5746,0.7022,2.5337,-5.0,-1.0,1.0,4.0,-7.0,1.0,1.0,8.0,,,
with_history,last_scan_plus_curve,medes_ltbr90,belavy2017__fly__quadratus_femoris__bed_rest_89__MRI_volume,89.0,-2.1,-5.1349,3.0349,1.61,2.7568,-8.0,-4.0,0.0,4.0,-9.0,-1.0,1.0,8.0,,,
with_history,jev,wise2005,trappe2007__br__quadriceps__bed_rest_57__MRI_volume,57.0,-4.47,-4.36,0.11,1.3148,3.912,-3.0,-2.0,0.0,1.0,-7.0,-1.0,1.0,6.0,0.62,25863.0,True
with_history,last_scan,wise2005,trappe2007__br__quadriceps__bed_rest_57__MRI_volume,57.0,-4.47,-2.8462,1.6238,1.1534,1.9588,-5.0,-1.0,1.0,4.0,-8.0,1.0,1.0,9.0,,,
with_history,last_scan_plus_curve,wise2005,trappe2007__br__quadriceps__bed_rest_57__MRI_volume,57.0,-4.47,-2.7821,1.6879,1.0976,2.4108,-6.0,-1.0,1.0,5.0,-8.0,1.0,1.0,9.0,,,
with_history,jev,wise2005,trappe2007__brn__quadriceps__bed_rest_57__MRI_volume,57.0,-7.39,-3.52,3.87,3.7504,4.6052,-3.0,-2.0,0.0,1.0,-3.0,-1.0,0.0,2.0,0.73,25935.0,True
with_history,last_scan,wise2005,trappe2007__brn__quadriceps__bed_rest_57__MRI_volume,57.0,-7.39,-2.8462,4.5438,3.1277,3.2581,-5.0,-1.0,0.0,4.0,-8.0,1.0,1.0,9.0,,,
with_history,last_scan_plus_curve,wise2005,trappe2007__brn__quadriceps__bed_rest_57__MRI_volume,57.0,-7.39,-2.7821,4.6079,3.0207,2.4108,-6.0,-1.0,0.0,5.0,-8.0,1.0,1.0,9.0,,,
with_history,jev,wise2005,trappe2007__bre__quadriceps__bed_rest_57__MRI_volume,57.0,-1.05,-2.3687,1.3187,0.704,1.8871,-3.0,-2.0,0.0,1.0,-3.0,-2.0,0.0,1.0,0.78,25936.0,True
with_history,last_scan,wise2005,trappe2007__bre__quadriceps__bed_rest_57__MRI_volume,57.0,-1.05,-2.8462,1.7962,0.8457,1.6487,-5.0,-1.0,1.0,4.0,-8.0,1.0,1.0,9.0,,,
with_history,last_scan_plus_curve,wise2005,trappe2007__bre__quadriceps__bed_rest_57__MRI_volume,57.0,-1.05,-2.7821,1.7321,0.9694,2.2773,-6.0,-1.0,1.0,5.0,-8.0,1.0,1.0,9.0,,,
with_history,jev,wise2005,trappe2007__br__triceps_surae__bed_rest_57__MRI_volume,57.0,-10.97,-5.79,5.18,3.3669,3.2189,-6.0,-2.0,0.0,4.0,-10.0,-2.0,0.0,8.0,0.35,25970.0,True
with_history,last_scan,wise2005,trappe2007__br__triceps_surae__bed_rest_57__MRI_volume,57.0,-10.97,-2.8462,8.1238,5.8713,13.8155,-5.0,-1.0,0.0,4.0,-8.0,1.0,0.0,9.0,,,
with_history,last_scan_plus_curve,wise2005,trappe2007__br__triceps_surae__bed_rest_57__MRI_volume,57.0,-10.97,-2.7821,8.1879,5.9438,13.8155,-6.0,-1.0,0.0,5.0,-8.0,1.0,0.0,9.0,,,
with_history,jev,wise2005,trappe2007__brn__triceps_surae__bed_rest_57__MRI_volume,57.0,-10.11,-3.57,6.54,6.1701,4.6052,-3.0,-2.0,0.0,1.0,-4.0,-1.0,0.0,3.0,0.71,25927.0,True
with_history,last_scan,wise2005,trappe2007__brn__triceps_surae__bed_rest_57__MRI_volume,57.0,-10.11,-2.8462,7.2638,5.8713,13.8155,-5.0,-1.0,0.0,4.0,-8.0,1.0,0.0,9.0,,,
with_history,last_scan_plus_curve,wise2005,trappe2007__brn__triceps_surae__bed_rest_57__MRI_volume,57.0,-10.11,-2.7821,7.3279,5.9438,13.8155,-6.0,-1.0,0.0,5.0,-8.0,1.0,0.0,9.0,,,
with_history,jev,wise2005,trappe2007__bre__triceps_surae__bed_rest_57__MRI_volume,57.0,-1.22,-2.65,1.43,0.8671,2.8134,-3.0,-2.0,0.0,1.0,-3.0,-2.0,0.0,1.0,0.79,25928.0,True
with_history,last_scan,wise2005,trappe2007__bre__triceps_surae__bed_rest_57__MRI_volume,57.0,-1.22,-2.8462,1.6262,0.8457,1.6487,-5.0,-1.0,1.0,4.0,-8.0,1.0,1.0,9.0,,,
with_history,last_scan_plus_curve,wise2005,trappe2007__bre__triceps_surae__bed_rest_57__MRI_volume,57.0,-1.22,-2.7821,1.5621,0.9694,2.2773,-6.0,-1.0,1.0,5.0,-8.0,1.0,1.0,9.0,,,
with_history,jev,berlin_bbr1,belavy2009__ctrl__flexor_digitorum_longus__bed_rest_28__MRI_volume,28.0,-7.0,-6.16,0.84,1.7222,3.912,-4.0,-2.0,0.0,2.0,-12.0,-2.0,1.0,10.0,0.39,26078.0,True
with_history,last_scan,berlin_bbr1,belavy2009__ctrl__flexor_digitorum_longus__bed_rest_28__MRI_volume,28.0,-7.0,-4.3,2.7,1.398,2.4204,-5.0,0.0,0.0,5.0,-10.0,-1.0,1.0,9.0,,,
with_history,last_scan_plus_curve,berlin_bbr1,belavy2009__ctrl__flexor_digitorum_longus__bed_rest_28__MRI_volume,28.0,-7.0,-3.6333,3.3667,1.6044,2.4204,-8.0,-2.0,1.0,6.0,-8.0,1.0,1.0,9.0,,,
with_history,jev,berlin_bbr1,belavy2009__ctrl__flexor_digitorum_longus__bed_rest_42__MRI_volume,42.0,1.8,-3.95,5.75,3.6395,13.8155,-2.0,-1.0,0.0,1.0,-8.0,-1.0,0.0,7.0,0.55,26135.0,True
with_history,last_scan,berlin_bbr1,belavy2009__ctrl__flexor_digitorum_longus__bed_rest_42__MRI_volume,42.0,1.8,-4.3,6.1,3.9758,13.8155,-5.0,0.0,0.0,5.0,-10.0,-1.0,0.0,9.0,,,
with_history,last_scan_plus_curve,berlin_bbr1,belavy2009__ctrl__flexor_digitorum_longus__bed_rest_42__MRI_volume,42.0,1.8,-2.5889,4.3889,2.5531,2.7081,-7.0,-2.0,0.0,5.0,-7.0,2.0,1.0,9.0,,,
with_history,jev,berlin_bbr1,belavy2009__ctrl__flexor_digitorum_longus__bed_rest_56__MRI_volume,56.0,-6.4,-2.62,3.78,3.6558,4.6052,-2.0,0.0,0.0,2.0,-2.0,0.0,0.0,2.0,0.41,26220.0,True
with_history,last_scan,berlin_bbr1,belavy2009__ctrl__flexor_digitorum_longus__bed_rest_56__MRI_volume,56.0,-6.4,-4.3,2.1,1.398,2.4204,-5.0,0.0,0.0,5.0,-10.0,-1.0,1.0,9.0,,,
with_history,last_scan_plus_curve,berlin_bbr1,belavy2009__ctrl__flexor_digitorum_longus__bed_rest_56__MRI_volume,56.0,-6.4,-2.1222,4.2778,2.6415,2.4204,-7.0,-1.0,1.0,6.0,-7.0,2.0,1.0,9.0,,,
with_history,jev,berlin_bbr1,belavy2009__ctrl__tibialis_posterior__bed_rest_28__MRI_volume,28.0,-1.9,-4.46,2.56,1.4676,4.6052,-3.0,-2.0,0.0,1.0,-8.0,-2.0,0.0,6.0,0.6,26075.0,True
with_history,last_scan,berlin_bbr1,belavy2009__ctrl__tibialis_posterior__bed_rest_28__MRI_volume,28.0,-1.9,-4.3,2.4,1.6425,1.8608,-5.0,0.0,1.0,5.0,-10.0,-1.0,1.0,9.0,,,
with_history,last_scan_plus_curve,berlin_bbr1,belavy2009__ctrl__tibialis_posterior__bed_rest_28__MRI_volume,28.0,-1.9,-3.6333,1.7333,1.4489,2.4204,-8.0,-2.0,0.0,6.0,-8.0,1.0,1.0,9.0,,,
with_history,jev,berlin_bbr1,belavy2009__ctrl__tibialis_posterior__bed_rest_42__MRI_volume,42.0,-0.1,-3.08,2.98,1.2872,3.912,-2.0,-1.0,0.0,1.0,-5.0,-1.0,0.0,4.0,0.61,26132.0,True
with_history,last_scan,berlin_bbr1,belavy2009__ctrl__tibialis_posterior__bed_rest_42__MRI_volume,42.0,-0.1,-4.3,4.2,2.3758,3.8067,-5.0,0.0,1.0,5.0,-10.0,-1.0,0.0,9.0,,,
with_history,last_scan_plus_curve,berlin_bbr1,belavy2009__ctrl__tibialis_posterior__bed_rest_42__MRI_volume,42.0,-0.1,-2.5889,2.4889,1.3975,2.4204,-7.0,-2.0,0.0,5.0,-7.0,2.0,1.0,9.0,,,
with_history,jev,berlin_bbr1,belavy2009__ctrl__tibialis_posterior__bed_rest_56__MRI_volume,56.0,-4.0,-3.07,0.93,1.4775,3.912,-2.0,0.0,0.0,2.0,-5.0,0.0,1.0,5.0,0.38,26217.0,True
with_history,last_scan,berlin_bbr1,belavy2009__ctrl__tibialis_posterior__bed_rest_56__MRI_volume,56.0,-4.0,-4.3,0.3,0.9758,2.7081,-5.0,0.0,1.0,5.0,-10.0,-1.0,1.0,9.0,,,
with_history,last_scan_plus_curve,berlin_bbr1,belavy2009__ctrl__tibialis_posterior__bed_rest_56__MRI_volume,56.0,-4.0,-2.1222,1.8778,1.1526,3.1135,-7.0,-1.0,1.0,6.0,-7.0,2.0,1.0,9.0,,,
with_history,jev,berlin_bbr1,belavy2009__ctrl__gastrocnemius_lateralis__bed_rest_28__MRI_volume,28.0,-3.5,-4.26,0.76,0.6346,2.6593,-3.0,-2.0,0.0,1.0,-7.0,-2.0,1.0,5.0,0.55,26078.0,True
with_history,last_scan,berlin_bbr1,belavy2009__ctrl__gastrocnemius_lateralis__bed_rest_28__MRI_volume,28.0,-3.5,-4.3,0.8,0.9758,2.7081,-5.0,0.0,1.0,5.0,-10.0,-1.0,1.0,9.0,,,
with_history,last_scan_plus_curve,berlin_bbr1,belavy2009__ctrl__gastrocnemius_lateralis__bed_rest_28__MRI_volume,28.0,-3.5,-3.6333,0.1333,0.96,2.4204,-8.0,-2.0,1.0,6.0,-8.0,1.0,1.0,9.0,,,
with_history,jev,berlin_bbr1,belavy2009__ctrl__gastrocnemius_lateralis__bed_rest_42__MRI_volume,42.0,0.7,-3.9646,4.6646,2.7709,13.8155,-2.0,-1.0,0.0,1.0,-9.0,-1.0,0.0,8.0,0.54,26137.0,True
with_history,last_scan,berlin_bbr1,belavy2009__ctrl__gastrocnemius_lateralis__bed_rest_42__MRI_volume,42.0,0.7,-4.3,5.0,3.1536,3.8067,-5.0,0.0,0.0,5.0,-10.0,-1.0,0.0,9.0,,,
with_history,last_scan_plus_curve,berlin_bbr1,belavy2009__ctrl__gastrocnemius_lateralis__bed_rest_42__MRI_volume,42.0,0.7,-2.5889,3.2889,1.9086,2.7081,-7.0,-2.0,0.0,5.0,-7.0,2.0,1.0,9.0,,,
with_history,jev,berlin_bbr1,belavy2009__ctrl__gastrocnemius_lateralis__bed_rest_56__MRI_volume,56.0,-3.9,-4.47,0.57,1.4511,4.6052,-2.0,0.0,0.0,2.0,-9.0,0.0,1.0,9.0,0.28,26223.0,True
with_history,last_scan,berlin_bbr1,belavy2009__ctrl__gastrocnemius_lateralis__bed_rest_56__MRI_volume,56.0,-3.9,-4.3,0.4,0.9758,2.7081,-5.0,0.0,1.0,5.0,-10.0,-1.0,1.0,9.0,,,
with_history,last_scan_plus_curve,berlin_bbr1,belavy2009__ctrl__gastrocnemius_lateralis__bed_rest_56__MRI_volume,56.0,-3.9,-2.1222,1.7778,1.1526,3.1135,-7.0,-1.0,1.0,6.0,-7.0,2.0,1.0,9.0,,,
with_history,jev,berlin_bbr1,belavy2009__ctrl__gastrocnemius_medialis__bed_rest_28__MRI_volume,28.0,-4.4,-4.99,0.59,1.1023,3.5066,-3.0,-2.0,0.0,1.0,-9.0,-2.0,1.0,7.0,0.5,26078.0,True
with_history,last_scan,berlin_bbr1,belavy2009__ctrl__gastrocnemius_medialis__bed_rest_28__MRI_volume,28.0,-4.4,-4.3,0.1,0.8647,1.7272,-5.0,0.0,1.0,5.0,-10.0,-1.0,1.0,9.0,,,
with_history,last_scan_plus_curve,berlin_bbr1,belavy2009__ctrl__gastrocnemius_medialis__bed_rest_28__MRI_volume,28.0,-4.4,-3.6333,0.7667,0.9822,2.1972,-8.0,-2.0,1.0,6.0,-8.0,1.0,1.0,9.0,,,
with_history,jev,berlin_bbr1,belavy2009__ctrl__gastrocnemius_medialis__bed_rest_42__MRI_volume,42.0,-4.3,-3.9,0.4,1.5424,3.5066,-2.0,-1.0,0.0,1.0,-8.0,-1.0,1.0,7.0,0.55,26137.0,True
with_history,last_scan,berlin_bbr1,belavy2009__ctrl__gastrocnemius_medialis__bed_rest_42__MRI_volume,42.0,-4.3,-4.3,0.0,0.8647,1.7272,-5.0,0.0,1.0,5.0,-10.0,-1.0,1.0,9.0,,,
with_history,last_scan_plus_curve,berlin_bbr1,belavy2009__ctrl__gastrocnemius_medialis__bed_rest_42__MRI_volume,42.0,-4.3,-2.5889,1.7111,1.2198,2.4204,-7.0,-2.0,1.0,5.0,-7.0,2.0,1.0,9.0,,,
with_history,jev,berlin_bbr1,belavy2009__ctrl__gastrocnemius_medialis__bed_rest_56__MRI_volume,56.0,-4.2,-4.11,0.09,1.4813,3.5066,-2.0,0.0,0.0,2.0,-8.0,0.0,1.0,8.0,0.31,26223.0,True
with_history,last_scan,berlin_bbr1,belavy2009__ctrl__gastrocnemius_medialis__bed_rest_56__MRI_volume,56.0,-4.2,-4.3,0.1,0.8647,1.7272,-5.0,0.0,1.0,5.0,-10.0,-1.0,1.0,9.0,,,
with_history,last_scan_plus_curve,berlin_bbr1,belavy2009__ctrl__gastrocnemius_medialis__bed_rest_56__MRI_volume,56.0,-4.2,-2.1222,2.0778,1.4415,2.1972,-7.0,-1.0,1.0,6.0,-7.0,2.0,1.0,9.0,,,
with_history,jev,berlin_bbr1,belavy2009__ctrl__adductor_longus__bed_rest_28__MRI_volume,28.0,-2.3,-3.65,1.35,0.2897,0.4943,-3.0,-2.0,1.0,1.0,-6.0,-2.0,1.0,4.0,0.59,26100.0,True
with_history,last_scan,berlin_bbr1,belavy2009__ctrl__adductor_longus__bed_rest_28__MRI_volume,28.0,-2.3,-4.3,2.0,1.2202,2.4204,-5.0,0.0,1.0,5.0,-10.0,-1.0,1.0,9.0,,,
with_history,last_scan_plus_curve,berlin_bbr1,belavy2009__ctrl__adductor_longus__bed_rest_28__MRI_volume,28.0,-2.3,-3.6333,1.3333,1.1156,2.4204,-8.0,-2.0,1.0,6.0,-8.0,1.0,1.0,9.0,,,
with_history,jev,berlin_bbr1,belavy2009__ctrl__adductor_longus__bed_rest_42__MRI_volume,42.0,0.1,-2.7,2.8,2.3364,13.8155,-2.0,-1.0,0.0,1.0,-5.0,-1.0,0.0,4.0,0.57,26080.0,True
with_history,last_scan,berlin_bbr1,belavy2009__ctrl__adductor_longus__bed_rest_42__MRI_volume,42.0,0.1,-4.3,4.4,3.1536,3.8067,-5.0,0.0,0.0,5.0,-10.0,-1.0,0.0,9.0,,,
with_history,last_scan_plus_curve,berlin_bbr1,belavy2009__ctrl__adductor_longus__bed_rest_42__MRI_volume,42.0,0.1,-2.5889,2.6889,1.9086,2.7081,-7.0,-2.0,0.0,5.0,-7.0,2.0,1.0,9.0,,,
with_history,jev,berlin_bbr1,belavy2009__ctrl__adductor_longus__bed_rest_56__MRI_volume,56.0,0.3,-3.1,3.4,2.4572,13.8155,-3.0,0.0,0.0,3.0,-6.0,0.0,0.0,6.0,0.25,26208.0,True
with_history,last_scan,berlin_bbr1,belavy2009__ctrl__adductor_longus__bed_rest_56__MRI_volume,56.0,0.3,-4.3,4.6,3.1536,3.8067,-5.0,0.0,0.0,5.0,-10.0,-1.0,0.0,9.0,,,
with_history,last_scan_plus_curve,berlin_bbr1,belavy2009__ctrl__adductor_longus__bed_rest_56__MRI_volume,56.0,0.3,-2.1222,2.4222,1.5526,2.0149,-7.0,-1.0,0.0,6.0,-7.0,2.0,1.0,9.0,,,
with_history,jev,berlin_bbr1,belavy2009__ctrl__adductor_magnus__bed_rest_28__MRI_volume,28.0,0.1,-2.91,3.01,3.0381,13.8155,-3.0,-2.0,0.0,1.0,-4.0,-2.0,0.0,2.0,0.77,26100.0,True
with_history,last_scan,berlin_bbr1,belavy2009__ctrl__adductor_magnus__bed_rest_28__MRI_volume,28.0,0.1,-4.3,4.4,3.1536,3.8067,-5.0,0.0,0.0,5.0,-10.0,-1.0,0.0,9.0,,,
with_history,last_scan_plus_curve,berlin_bbr1,belavy2009__ctrl__adductor_magnus__bed_rest_28__MRI_volume,28.0,0.1,-3.6333,3.7333,2.6044,2.7081,-8.0,-2.0,0.0,6.0,-8.0,1.0,1.0,9.0,,,
with_history,jev,berlin_bbr1,belavy2009__ctrl__adductor_magnus__bed_rest_42__MRI_volume,42.0,-1.2,-2.88,1.68,0.5676,0.6931,-2.0,-1.0,1.0,1.0,-5.0,-1.0,1.0,4.0,0.46,26080.0,True
with_history,last_scan,berlin_bbr1,belavy2009__ctrl__adductor_magnus__bed_rest_42__MRI_volume,42.0,-1.2,-4.3,3.1,1.6425,1.8608,-5.0,0.0,1.0,5.0,-10.0,-1.0,1.0,9.0,,,
with_history,last_scan_plus_curve,berlin_bbr1,belavy2009__ctrl__adductor_magnus__bed_rest_42__MRI_volume,42.0,-1.2,-2.5889,1.3889,1.0642,2.4204,-7.0,-2.0,0.0,5.0,-7.0,2.0,1.0,9.0,,,
with_history,jev,berlin_bbr1,belavy2009__ctrl__adductor_magnus__bed_rest_56__MRI_volume,56.0,-0.8,-2.16,1.36,0.8528,1.6094,-2.0,0.0,1.0,2.0,-4.0,0.0,1.0,4.0,0.45,26208.0,True
with_history,last_scan,berlin_bbr1,belavy2009__ctrl__adductor_magnus__bed_rest_56__MRI_volume,56.0,-0.8,-4.3,3.5,2.3758,3.8067,-5.0,0.0,1.0,5.0,-10.0,-1.0,0.0,9.0,,,
with_history,last_scan_plus_curve,berlin_bbr1,belavy2009__ctrl__adductor_magnus__bed_rest_56__MRI_volume,56.0,-0.8,-2.1222,1.3222,1.2193,3.1135,-7.0,-1.0,0.0,6.0,-7.0,2.0,1.0,9.0,,,
with_history,jev,berlin_bbr1,belavy2009__ctrl__gracilis__bed_rest_28__MRI_volume,28.0,0.2,-2.69,2.89,2.5879,4.6052,-3.0,-2.0,0.0,1.0,-6.0,-2.0,0.0,4.0,0.63,26098.0,True
with_history,last_scan,berlin_bbr1,belavy2009__ctrl__gracilis__bed_rest_28__MRI_volume,28.0,0.2,-4.3,4.5,3.1536,3.8067,-5.0,0.0,0.0,5.0,-10.0,-1.0,0.0,9.0,,,
with_history,last_scan_plus_curve,berlin_bbr1,belavy2009__ctrl__gracilis__bed_rest_28__MRI_volume,28.0,0.2,-3.6333,3.8333,2.6044,2.7081,-8.0,-2.0,0.0,6.0,-8.0,1.0,1.0,9.0,,,
with_history,jev,berlin_bbr1,belavy2009__ctrl__gracilis__bed_rest_42__MRI_volume,42.0,-1.3,-1.78,0.48,0.0278,0.1625,-2.0,-1.0,1.0,1.0,-2.0,-1.0,1.0,1.0,0.83,26078.0,True
with_history,last_scan,berlin_bbr1,belavy2009__ctrl__gracilis__bed_rest_42__MRI_volume,42.0,-1.3,-4.3,3.0,1.6425,1.8608,-5.0,0.0,1.0,5.0,-10.0,-1.0,1.0,9.0,,,
with_history,last_scan_plus_curve,berlin_bbr1,belavy2009__ctrl__gracilis__bed_rest_42__MRI_volume,42.0,-1.3,-2.5889,1.2889,1.0642,2.4204,-7.0,-2.0,0.0,5.0,-7.0,2.0,1.0,9.0,,,
with_history,jev,berlin_bbr1,belavy2009__ctrl__gracilis__bed_rest_56__MRI_volume,56.0,-0.4,-1.3586,0.9586,0.4313,1.0688,-2.0,-1.0,0.0,1.0,-2.0,0.0,1.0,2.0,0.52,26206.0,True
with_history,last_scan,berlin_bbr1,belavy2009__ctrl__gracilis__bed_rest_56__MRI_volume,56.0,-0.4,-4.3,3.9,2.3758,3.8067,-5.0,0.0,1.0,5.0,-10.0,-1.0,0.0,9.0,,,
with_history,last_scan_plus_curve,berlin_bbr1,belavy2009__ctrl__gracilis__bed_rest_56__MRI_volume,56.0,-0.4,-2.1222,1.7222,1.2193,3.1135,-7.0,-1.0,0.0,6.0,-7.0,2.0,1.0,9.0,,,
with_history,jev,berlin_bbr1,belavy2009__ctrl__sartorius__bed_rest_28__MRI_volume,28.0,3.1,-3.16,6.26,6.1238,13.8155,-3.0,-2.0,0.0,1.0,-5.0,-2.0,0.0,3.0,0.61,25986.0,True
with_history,last_scan,berlin_bbr1,belavy2009__ctrl__sartorius__bed_rest_28__MRI_volume,28.0,3.1,-4.3,7.4,5.6647,3.1135,-5.0,0.0,0.0,5.0,-10.0,-1.0,0.0,9.0,,,
with_history,last_scan_plus_curve,berlin_bbr1,belavy2009__ctrl__sartorius__bed_rest_28__MRI_volume,28.0,3.1,-3.6333,6.7333,5.0267,3.8067,-8.0,-2.0,0.0,6.0,-8.0,1.0,0.0,9.0,,,
with_history,jev,berlin_bbr1,belavy2009__ctrl__sartorius__bed_rest_42__MRI_volume,42.0,-1.4,-3.03,1.63,0.4901,0.5276,-2.0,-1.0,1.0,1.0,-6.0,-1.0,1.0,5.0,0.56,26071.0,True
with_history,last_scan,berlin_bbr1,belavy2009__ctrl__sartorius__bed_rest_42__MRI_volume,42.0,-1.4,-4.3,2.9,1.6425,1.8608,-5.0,0.0,1.0,5.0,-10.0,-1.0,1.0,9.0,,,
with_history,last_scan_plus_curve,berlin_bbr1,belavy2009__ctrl__sartorius__bed_rest_42__MRI_volume,42.0,-1.4,-2.5889,1.1889,1.0642,2.4204,-7.0,-2.0,0.0,5.0,-7.0,2.0,1.0,9.0,,,
with_history,jev,berlin_bbr1,belavy2009__ctrl__sartorius__bed_rest_56__MRI_volume,56.0,-2.8,-2.51,0.29,0.7075,3.5066,-2.0,0.0,0.0,2.0,-5.0,0.0,1.0,5.0,0.44,26103.0,True
with_history,last_scan,berlin_bbr1,belavy2009__ctrl__sartorius__bed_rest_56__MRI_volume,56.0,-2.8,-4.3,1.5,1.2202,2.4204,-5.0,0.0,1.0,5.0,-10.0,-1.0,1.0,9.0,,,
with_history,last_scan_plus_curve,berlin_bbr1,belavy2009__ctrl__sartorius__bed_rest_56__MRI_volume,56.0,-2.8,-2.1222,0.6778,0.9526,2.1972,-7.0,-1.0,1.0,6.0,-7.0,2.0,1.0,9.0,,,
with_history,jev,berlin_bbr1,belavy2009__ctrl__biceps_femoris_long_head__bed_rest_28__MRI_volume,28.0,-1.5,-2.89,1.39,1.0173,4.6052,-3.0,-2.0,0.0,1.0,-3.0,-2.0,0.0,1.0,0.82,26001.0,True
with_history,last_scan,berlin_bbr1,belavy2009__ctrl__biceps_femoris_long_head__bed_rest_28__MRI_volume,28.0,-1.5,-4.3,2.8,1.6425,1.8608,-5.0,0.0,1.0,5.0,-10.0,-1.0,1.0,9.0,,,
with_history,last_scan_plus_curve,berlin_bbr1,belavy2009__ctrl__biceps_femoris_long_head__bed_rest_28__MRI_volume,28.0,-1.5,-3.6333,2.1333,1.4489,2.4204,-8.0,-2.0,0.0,6.0,-8.0,1.0,1.0,9.0,,,
with_history,jev,berlin_bbr1,belavy2009__ctrl__biceps_femoris_long_head__bed_rest_42__MRI_volume,42.0,-3.5,-1.86,1.64,1.4228,2.9957,-2.0,-1.0,0.0,1.0,-3.0,-1.0,0.0,2.0,0.74,26111.0,True
with_history,last_scan,berlin_bbr1,belavy2009__ctrl__biceps_femoris_long_head__bed_rest_42__MRI_volume,42.0,-3.5,-4.3,0.8,0.9758,2.7081,-5.0,0.0,1.0,5.0,-10.0,-1.0,1.0,9.0,,,
with_history,last_scan_plus_curve,berlin_bbr1,belavy2009__ctrl__biceps_femoris_long_head__bed_rest_42__MRI_volume,42.0,-3.5,-2.5889,0.9111,0.9309,2.0149,-7.0,-2.0,1.0,5.0,-7.0,2.0,1.0,9.0,,,
with_history,jev,berlin_bbr1,belavy2009__ctrl__biceps_femoris_long_head__bed_rest_56__MRI_volume,56.0,-2.3,-1.26,1.04,1.0152,3.912,-2.0,-1.0,0.0,1.0,-2.0,0.0,0.0,2.0,0.54,26115.0,True
with_history,last_scan,berlin_bbr1,belavy2009__ctrl__biceps_femoris_long_head__bed_rest_56__MRI_volume,56.0,-2.3,-4.3,2.0,1.2202,2.4204,-5.0,0.0,1.0,5.0,-10.0,-1.0,1.0,9.0,,,
with_history,last_scan_plus_curve,berlin_bbr1,belavy2009__ctrl__biceps_femoris_long_head__bed_rest_56__MRI_volume,56.0,-2.3,-2.1222,0.1778,0.9526,2.1972,-7.0,-1.0,1.0,6.0,-7.0,2.0,1.0,9.0,,,
with_history,jev,berlin_bbr1,belavy2009__ctrl__biceps_femoris_short_head__bed_rest_28__MRI_volume,28.0,1.7,-2.8,4.5,4.0056,13.8155,-3.0,-2.0,0.0,1.0,-4.0,-2.0,0.0,2.0,0.77,26003.0,True
with_history,last_scan,berlin_bbr1,belavy2009__ctrl__biceps_femoris_short_head__bed_rest_28__MRI_volume,28.0,1.7,-4.3,6.0,3.9758,13.8155,-5.0,0.0,0.0,5.0,-10.0,-1.0,0.0,9.0,,,
with_history,last_scan_plus_curve,berlin_bbr1,belavy2009__ctrl__biceps_femoris_short_head__bed_rest_28__MRI_volume,28.0,1.7,-3.6333,5.3333,3.3822,3.8067,-8.0,-2.0,0.0,6.0,-8.0,1.0,0.0,9.0,,,
with_history,jev,berlin_bbr1,belavy2009__ctrl__biceps_femoris_short_head__bed_rest_42__MRI_volume,42.0,-1.2,-1.82,0.62,0.0288,0.1625,-2.0,-1.0,1.0,1.0,-2.0,-1.0,1.0,1.0,0.84,26113.0,True
with_history,last_scan,berlin_bbr1,belavy2009__ctrl__biceps_femoris_short_head__bed_rest_42__MRI_volume,42.0,-1.2,-4.3,3.1,1.6425,1.8608,-5.0,0.0,1.0,5.0,-10.0,-1.0,1.0,9.0,,,
with_history,last_scan_plus_curve,berlin_bbr1,belavy2009__ctrl__biceps_femoris_short_head__bed_rest_42__MRI_volume,42.0,-1.2,-2.5889,1.3889,1.0642,2.4204,-7.0,-2.0,0.0,5.0,-7.0,2.0,1.0,9.0,,,
with_history,jev,berlin_bbr1,belavy2009__ctrl__biceps_femoris_short_head__bed_rest_56__MRI_volume,56.0,-4.0,-1.13,2.87,2.0757,4.6052,-2.0,-1.0,0.0,1.0,-2.0,0.0,0.0,2.0,0.48,26115.0,True
with_history,last_scan,berlin_bbr1,belavy2009__ctrl__biceps_femoris_short_head__bed_rest_56__MRI_volume,56.0,-4.0,-4.3,0.3,0.9758,2.7081,-5.0,0.0,1.0,5.0,-10.0,-1.0,1.0,9.0,,,
with_history,last_scan_plus_curve,berlin_bbr1,belavy2009__ctrl__biceps_femoris_short_head__bed_rest_56__MRI_volume,56.0,-4.0,-2.1222,1.8778,1.1526,3.1135,-7.0,-1.0,1.0,6.0,-7.0,2.0,1.0,9.0,,,
with_history,jev,berlin_bbr1,belavy2009__ctrl__semimembranosus__bed_rest_28__MRI_volume,28.0,0.0,-2.9,2.9,3.0016,13.8155,-3.0,-2.0,0.0,1.0,-3.0,-2.0,0.0,1.0,0.81,25999.0,True
with_history,last_scan,berlin_bbr1,belavy2009__ctrl__semimembranosus__bed_rest_28__MRI_volume,28.0,0.0,-4.3,4.3,3.1536,3.8067,-5.0,0.0,0.0,5.0,-10.0,-1.0,0.0,9.0,,,
with_history,last_scan_plus_curve,berlin_bbr1,belavy2009__ctrl__semimembranosus__bed_rest_28__MRI_volume,28.0,0.0,-3.6333,3.6333,2.6044,2.7081,-8.0,-2.0,0.0,6.0,-8.0,1.0,1.0,9.0,,,
with_history,jev,berlin_bbr1,belavy2009__ctrl__semimembranosus__bed_rest_42__MRI_volume,42.0,-4.6,-1.94,2.66,2.2534,3.5066,-2.0,-1.0,0.0,1.0,-3.0,-1.0,0.0,2.0,0.72,26109.0,True
with_history,last_scan,berlin_bbr1,belavy2009__ctrl__semimembranosus__bed_rest_42__MRI_volume,42.0,-4.6,-4.3,0.3,0.8647,1.7272,-5.0,0.0,1.0,5.0,-10.0,-1.0,1.0,9.0,,,
with_history,last_scan_plus_curve,berlin_bbr1,belavy2009__ctrl__semimembranosus__bed_rest_42__MRI_volume,42.0,-4.6,-2.5889,2.0111,1.2198,2.4204,-7.0,-2.0,1.0,5.0,-7.0,2.0,1.0,9.0,,,
with_history,jev,berlin_bbr1,belavy2009__ctrl__semimembranosus__bed_rest_56__MRI_volume,56.0,-1.2,-1.31,0.11,0.1093,0.4943,-2.0,-1.0,1.0,1.0,-2.0,0.0,1.0,2.0,0.57,26215.0,True
with_history,last_scan,berlin_bbr1,belavy2009__ctrl__semimembranosus__bed_rest_56__MRI_volume,56.0,-1.2,-4.3,3.1,1.6425,1.8608,-5.0,0.0,1.0,5.0,-10.0,-1.0,1.0,9.0,,,
with_history,last_scan_plus_curve,berlin_bbr1,belavy2009__ctrl__semimembranosus__bed_rest_56__MRI_volume,56.0,-1.2,-2.1222,0.9222,0.9748,2.1972,-7.0,-1.0,1.0,6.0,-7.0,2.0,1.0,9.0,,,
with_history,jev,berlin_bbr1,belavy2009__ctrl__semitendinosus__bed_rest_28__MRI_volume,28.0,-1.1,-2.63,1.53,0.8803,2.6593,-3.0,-2.0,0.0,1.0,-3.0,-2.0,0.0,1.0,0.81,25999.0,True
with_history,last_scan,berlin_bbr1,belavy2009__ctrl__semitendinosus__bed_rest_28__MRI_volume,28.0,-1.1,-4.3,3.2,1.6425,1.8608,-5.0,0.0,1.0,5.0,-10.0,-1.0,1.0,9.0,,,
with_history,last_scan_plus_curve,berlin_bbr1,belavy2009__ctrl__semitendinosus__bed_rest_28__MRI_volume,28.0,-1.1,-3.6333,2.5333,1.4489,2.4204,-8.0,-2.0,0.0,6.0,-8.0,1.0,1.0,9.0,,,
with_history,jev,berlin_bbr1,belavy2009__ctrl__semitendinosus__bed_rest_42__MRI_volume,42.0,-1.1,-1.58,0.48,0.0058,0.0943,-2.0,-1.0,1.0,1.0,-2.0,-1.0,1.0,1.0,0.89,26109.0,True
with_history,last_scan,berlin_bbr1,belavy2009__ctrl__semitendinosus__bed_rest_42__MRI_volume,42.0,-1.1,-4.3,3.2,1.6425,1.8608,-5.0,0.0,1.0,5.0,-10.0,-1.0,1.0,9.0,,,
with_history,last_scan_plus_curve,berlin_bbr1,belavy2009__ctrl__semitendinosus__bed_rest_42__MRI_volume,42.0,-1.1,-2.5889,1.4889,1.0642,2.4204,-7.0,-2.0,0.0,5.0,-7.0,2.0,1.0,9.0,,,
with_history,jev,berlin_bbr1,belavy2009__ctrl__semitendinosus__bed_rest_56__MRI_volume,56.0,-1.7,-1.23,0.47,0.1177,0.478,-2.0,-1.0,1.0,1.0,-2.0,0.0,1.0,2.0,0.59,26213.0,True
with_history,last_scan,berlin_bbr1,belavy2009__ctrl__semitendinosus__bed_rest_56__MRI_volume,56.0,-1.7,-4.3,2.6,1.6425,1.8608,-5.0,0.0,1.0,5.0,-10.0,-1.0,1.0,9.0,,,
with_history,last_scan_plus_curve,berlin_bbr1,belavy2009__ctrl__semitendinosus__bed_rest_56__MRI_volume,56.0,-1.7,-2.1222,0.4222,0.9748,2.1972,-7.0,-1.0,1.0,6.0,-7.0,2.0,1.0,9.0,,,
with_history,jev,berlin_bbr1,belavy2009__ctrl__rectus_femoris__bed_rest_28__MRI_volume,28.0,1.4,-2.76,4.16,4.0044,13.8155,-3.0,-2.0,0.0,1.0,-4.0,-2.0,0.0,2.0,0.75,26089.0,True
with_history,last_scan,berlin_bbr1,belavy2009__ctrl__rectus_femoris__bed_rest_28__MRI_volume,28.0,1.4,-4.3,5.7,3.9758,13.8155,-5.0,0.0,0.0,5.0,-10.0,-1.0,0.0,9.0,,,
with_history,last_scan_plus_curve,berlin_bbr1,belavy2009__ctrl__rectus_femoris__bed_rest_28__MRI_volume,28.0,1.4,-3.6333,5.0333,3.3822,3.8067,-8.0,-2.0,0.0,6.0,-8.0,1.0,0.0,9.0,,,
with_history,jev,berlin_bbr1,belavy2009__ctrl__rectus_femoris__bed_rest_42__MRI_volume,42.0,-0.2,-2.0758,1.8758,1.114,4.5951,-2.0,-1.0,0.0,1.0,-4.0,-1.0,0.0,3.0,0.66,26060.0,True
with_history,last_scan,berlin_bbr1,belavy2009__ctrl__rectus_femoris__bed_rest_42__MRI_volume,42.0,-0.2,-4.3,4.1,2.3758,3.8067,-5.0,0.0,1.0,5.0,-10.0,-1.0,0.0,9.0,,,
with_history,last_scan_plus_curve,berlin_bbr1,belavy2009__ctrl__rectus_femoris__bed_rest_42__MRI_volume,42.0,-0.2,-2.5889,2.3889,1.3975,2.4204,-7.0,-2.0,0.0,5.0,-7.0,2.0,1.0,9.0,,,
with_history,jev,berlin_bbr1,belavy2009__ctrl__rectus_femoris__bed_rest_56__MRI_volume,56.0,-2.2,-1.9,0.3,0.5562,2.2073,-2.0,-1.0,0.0,1.0,-3.0,0.0,1.0,3.0,0.46,26067.0,True
with_history,last_scan,berlin_bbr1,belavy2009__ctrl__rectus_femoris__bed_rest_56__MRI_volume,56.0,-2.2,-4.3,2.1,1.2202,2.4204,-5.0,0.0,1.0,5.0,-10.0,-1.0,1.0,9.0,,,
with_history,last_scan_plus_curve,berlin_bbr1,belavy2009__ctrl__rectus_femoris__bed_rest_56__MRI_volume,56.0,-2.2,-2.1222,0.0778,0.9526,2.1972,-7.0,-1.0,1.0,6.0,-7.0,2.0,1.0,9.0,,,
with_history,jev,berlin_bbr2,miokovic2012__ctrl__adductor_brevis__bed_rest_56__MRI_volume,56.0,-1.08,-3.09,2.01,0.9599,2.8134,-3.0,-2.0,0.0,1.0,-4.0,-2.0,0.0,2.0,0.65,26071.0,True
with_history,last_scan,berlin_bbr2,miokovic2012__ctrl__adductor_brevis__bed_rest_56__MRI_volume,56.0,-1.08,-2.7319,1.6519,0.7379,1.4615,-5.0,-1.0,1.0,4.0,-8.0,2.0,1.0,10.0,,,
with_history,last_scan_plus_curve,berlin_bbr2,miokovic2012__ctrl__adductor_brevis__bed_rest_56__MRI_volume,56.0,-1.08,-2.8043,1.7243,0.8897,1.9315,-6.0,-1.0,1.0,5.0,-8.0,1.0,1.0,9.0,,,
with_history,jev,berlin_bbr2,miokovic2012__ctrl__adductor_longus__bed_rest_56__MRI_volume,56.0,-4.11,-2.78,1.33,1.6124,3.912,-3.0,-2.0,0.0,1.0,-3.0,-1.0,0.0,2.0,0.74,26071.0,True
with_history,last_scan,berlin_bbr2,miokovic2012__ctrl__adductor_longus__bed_rest_56__MRI_volume,56.0,-4.11,-2.7319,1.3781,1.3611,2.1547,-5.0,-1.0,1.0,4.0,-8.0,2.0,1.0,10.0,,,
with_history,last_scan_plus_curve,berlin_bbr2,miokovic2012__ctrl__adductor_longus__bed_rest_56__MRI_volume,56.0,-4.11,-2.8043,1.3057,1.2231,2.8478,-6.0,-1.0,1.0,5.0,-8.0,1.0,1.0,9.0,,,
with_history,jev,berlin_bbr2,miokovic2012__ctrl__adductor_magnus__bed_rest_56__MRI_volume,56.0,-4.34,-2.92,1.42,1.3566,2.5257,-3.0,-2.0,0.0,1.0,-4.0,-2.0,0.0,2.0,0.7,26071.0,True
with_history,last_scan,berlin_bbr2,miokovic2012__ctrl__adductor_magnus__bed_rest_56__MRI_volume,56.0,-4.34,-2.7319,1.6081,1.3611,2.1547,-5.0,-1.0,1.0,4.0,-8.0,2.0,1.0,10.0,,,
with_history,last_scan_plus_curve,berlin_bbr2,miokovic2012__ctrl__adductor_magnus__bed_rest_56__MRI_volume,56.0,-4.34,-2.8043,1.5357,1.2231,2.8478,-6.0,-1.0,1.0,5.0,-8.0,1.0,1.0,9.0,,,
with_history,jev,berlin_bbr2,miokovic2012__ctrl__pectineus__bed_rest_56__MRI_volume,56.0,0.83,-2.8636,3.6936,2.9406,13.8155,-3.0,-2.0,0.0,1.0,-3.0,-2.0,0.0,1.0,0.78,25963.0,True
with_history,last_scan,berlin_bbr2,miokovic2012__ctrl__pectineus__bed_rest_56__MRI_volume,56.0,0.83,-2.7319,3.5619,1.7813,2.4423,-5.0,-1.0,0.0,4.0,-8.0,2.0,1.0,10.0,,,
with_history,last_scan_plus_curve,berlin_bbr2,miokovic2012__ctrl__pectineus__bed_rest_56__MRI_volume,56.0,0.83,-2.8043,3.6343,1.9622,2.6247,-6.0,-1.0,0.0,5.0,-8.0,1.0,1.0,9.0,,,
with_history,jev,berlin_bbr2,miokovic2012__ctrl__gracilis__bed_rest_56__MRI_volume,56.0,-6.32,-5.09,1.23,1.2705,2.3026,-5.0,-2.0,0.0,3.0,-8.0,-2.0,1.0,6.0,0.39,26069.0,True
with_history,last_scan,berlin_bbr2,miokovic2012__ctrl__gracilis__bed_rest_56__MRI_volume,56.0,-6.32,-2.7319,3.5881,2.6074,3.1355,-5.0,-1.0,0.0,4.0,-8.0,2.0,1.0,10.0,,,
with_history,last_scan_plus_curve,berlin_bbr2,miokovic2012__ctrl__gracilis__bed_rest_56__MRI_volume,56.0,-6.32,-2.8043,3.5157,2.3535,4.2341,-6.0,-1.0,0.0,5.0,-8.0,1.0,1.0,9.0,,,
with_history,jev,berlin_bbr2,miokovic2012__ctrl__sartorius__bed_rest_56__MRI_volume,56.0,-5.61,-2.92,2.69,2.352,3.912,-3.0,-2.0,0.0,1.0,-4.0,-2.0,0.0,2.0,0.76,25964.0,True
with_history,last_scan,berlin_bbr2,miokovic2012__ctrl__sartorius__bed_rest_56__MRI_volume,56.0,-5.61,-2.7319,2.8781,1.9842,13.8155,-5.0,-1.0,0.0,4.0,-8.0,2.0,1.0,10.0,,,
with_history,last_scan_plus_curve,berlin_bbr2,miokovic2012__ctrl__sartorius__bed_rest_56__MRI_volume,56.0,-5.61,-2.8043,2.8057,1.6723,2.1547,-6.0,-1.0,1.0,5.0,-8.0,1.0,1.0,9.0,,,
with_history,jev,berlin_bbr2,miokovic2012__ctrl__rectus_femoris__bed_rest_56__MRI_volume,56.0,-3.67,-3.06,0.61,0.6272,2.4079,-3.0,-2.0,0.0,1.0,-4.0,-2.0,1.0,2.0,0.71,25906.0,True
with_history,last_scan,berlin_bbr2,miokovic2012__ctrl__rectus_femoris__bed_rest_56__MRI_volume,56.0,-3.67,-2.7319,0.9381,0.9698,2.4423,-5.0,-1.0,1.0,4.0,-8.0,2.0,1.0,10.0,,,
with_history,last_scan_plus_curve,berlin_bbr2,miokovic2012__ctrl__rectus_femoris__bed_rest_56__MRI_volume,56.0,-3.67,-2.8043,0.8657,0.8897,2.4423,-6.0,-1.0,1.0,5.0,-8.0,1.0,1.0,9.0,,,
with_history,jev,berlin_bbr2,miokovic2012__ctrl__extensor_digitorum_longus__bed_rest_56__MRI_volume,56.0,-2.38,-3.39,1.01,0.1469,0.3011,-3.0,-2.0,1.0,1.0,-5.0,-2.0,1.0,3.0,0.71,25968.0,True
with_history,last_scan,berlin_bbr2,miokovic2012__ctrl__extensor_digitorum_longus__bed_rest_56__MRI_volume,56.0,-2.38,-2.7319,0.3519,0.7524,2.2882,-5.0,-1.0,1.0,4.0,-8.0,2.0,1.0,10.0,,,
with_history,last_scan_plus_curve,berlin_bbr2,miokovic2012__ctrl__extensor_digitorum_longus__bed_rest_56__MRI_volume,56.0,-2.38,-2.8043,0.4243,0.7303,1.8362,-6.0,-1.0,1.0,5.0,-8.0,1.0,1.0,9.0,,,
with_history,jev,berlin_bbr2,miokovic2012__ctrl__tibialis_anterior__bed_rest_56__MRI_volume,56.0,-4.38,-2.65,1.73,1.7513,3.912,-3.0,-2.0,0.0,1.0,-3.0,-2.0,0.0,1.0,0.86,25964.0,True
with_history,last_scan,berlin_bbr2,miokovic2012__ctrl__tibialis_anterior__bed_rest_56__MRI_volume,56.0,-4.38,-2.7319,1.6481,1.3611,2.1547,-5.0,-1.0,1.0,4.0,-8.0,2.0,1.0,10.0,,,
with_history,last_scan_plus_curve,berlin_bbr2,miokovic2012__ctrl__tibialis_anterior__bed_rest_56__MRI_volume,56.0,-4.38,-2.8043,1.5757,1.2231,2.8478,-6.0,-1.0,1.0,5.0,-8.0,1.0,1.0,9.0,,,
with_history,jev,berlin_bbr2,miokovic2012__ctrl__flexor_digitorum_longus__bed_rest_56__MRI_volume,56.0,-4.43,-3.19,1.24,1.4729,3.912,-3.0,-2.0,0.0,1.0,-3.0,-2.0,0.0,1.0,0.78,25990.0,True
with_history,last_scan,berlin_bbr2,miokovic2012__ctrl__flexor_digitorum_longus__bed_rest_56__MRI_volume,56.0,-4.43,-2.7319,1.6981,1.3611,2.1547,-5.0,-1.0,1.0,4.0,-8.0,2.0,1.0,10.0,,,
with_history,last_scan_plus_curve,berlin_bbr2,miokovic2012__ctrl__flexor_digitorum_longus__bed_rest_56__MRI_volume,56.0,-4.43,-2.8043,1.6257,1.2231,2.8478,-6.0,-1.0,1.0,5.0,-8.0,1.0,1.0,9.0,,,
with_history,jev,berlin_bbr2,miokovic2012__ctrl__flexor_hallucis_longus__bed_rest_56__MRI_volume,56.0,-6.7,-3.65,3.05,2.8153,3.912,-3.0,-2.0,0.0,1.0,-4.0,-2.0,0.0,2.0,0.75,25990.0,True
with_history,last_scan,berlin_bbr2,miokovic2012__ctrl__flexor_hallucis_longus__bed_rest_56__MRI_volume,56.0,-6.7,-2.7319,3.9681,2.6074,3.1355,-5.0,-1.0,0.0,4.0,-8.0,2.0,1.0,10.0,,,
with_history,last_scan_plus_curve,berlin_bbr2,miokovic2012__ctrl__flexor_hallucis_longus__bed_rest_56__MRI_volume,56.0,-6.7,-2.8043,3.8957,2.3535,4.2341,-6.0,-1.0,0.0,5.0,-8.0,1.0,1.0,9.0,,,
with_history,jev,berlin_bbr2,miokovic2012__ctrl__tibialis_posterior__bed_rest_56__MRI_volume,56.0,-3.3,-3.96,0.66,0.621,2.5257,-3.0,-2.0,0.0,1.0,-7.0,-2.0,1.0,5.0,0.6,25987.0,True
with_history,last_scan,berlin_bbr2,miokovic2012__ctrl__tibialis_posterior__bed_rest_56__MRI_volume,56.0,-3.3,-2.7319,0.5681,0.9698,2.4423,-5.0,-1.0,1.0,4.0,-8.0,2.0,1.0,10.0,,,
with_history,last_scan_plus_curve,berlin_bbr2,miokovic2012__ctrl__tibialis_posterior__bed_rest_56__MRI_volume,56.0,-3.3,-2.8043,0.4957,0.8897,2.4423,-6.0,-1.0,1.0,5.0,-8.0,1.0,1.0,9.0,,,
with_history,jev,berlin_bbr2,miokovic2012__ctrl__gastrocnemius_lateralis__bed_rest_56__MRI_volume,56.0,-7.97,-3.51,4.46,3.5037,3.912,-3.0,-2.0,0.0,1.0,-5.0,-2.0,0.0,3.0,0.66,25990.0,True
with_history,last_scan,berlin_bbr2,miokovic2012__ctrl__gastrocnemius_lateralis__bed_rest_56__MRI_volume,56.0,-7.97,-2.7319,5.2381,3.3176,3.1355,-5.0,-1.0,0.0,4.0,-8.0,2.0,1.0,10.0,,,
with_history,last_scan_plus_curve,berlin_bbr2,miokovic2012__ctrl__gastrocnemius_lateralis__bed_rest_56__MRI_volume,56.0,-7.97,-2.8043,5.1657,3.0636,2.2882,-6.0,-1.0,0.0,5.0,-8.0,1.0,1.0,9.0,,,
with_history,jev,berlin_bbr2,miokovic2012__ctrl__gastrocnemius_medialis__bed_rest_56__MRI_volume,56.0,-8.01,-5.74,2.27,1.9732,3.2189,-5.0,-2.0,0.0,3.0,-9.0,-2.0,1.0,7.0,0.33,25990.0,True
with_history,last_scan,berlin_bbr2,miokovic2012__ctrl__gastrocnemius_medialis__bed_rest_56__MRI_volume,56.0,-8.01,-2.7319,5.2781,4.1147,3.541,-5.0,-1.0,0.0,4.0,-8.0,2.0,0.0,10.0,,,
with_history,last_scan_plus_curve,berlin_bbr2,miokovic2012__ctrl__gastrocnemius_medialis__bed_rest_56__MRI_volume,56.0,-8.01,-2.8043,5.2057,3.9767,13.8155,-6.0,-1.0,0.0,5.0,-8.0,1.0,0.0,9.0,,,
with_history,jev,berlin_bbr2,miokovic2012__ctrl__soleus__bed_rest_56__MRI_volume,56.0,-6.01,-8.18,2.17,1.6904,3.912,-13.0,-9.0,0.0,4.0,-12.0,-2.0,1.0,10.0,0.17,25985.0,True
with_history,last_scan,berlin_bbr2,miokovic2012__ctrl__soleus__bed_rest_56__MRI_volume,56.0,-6.01,-2.7319,3.2781,2.6074,3.1355,-5.0,-1.0,0.0,4.0,-8.0,2.0,1.0,10.0,,,
with_history,last_scan_plus_curve,berlin_bbr2,miokovic2012__ctrl__soleus__bed_rest_56__MRI_volume,56.0,-6.01,-2.8043,3.2057,2.3535,4.2341,-6.0,-1.0,0.0,5.0,-8.0,1.0,1.0,9.0,,,
with_history,jev,nasa_utmb_c3,nlsp_mr035g_c3__ctrl__whole_lower_limb__bed_rest_45__DXA_lean_mass,45.0,-1.5,-2.52,1.02,0.1396,0.2877,-2.0,-1.0,1.0,1.0,-3.0,-1.0,1.0,2.0,0.73,25921.0,True
with_history,last_scan,nasa_utmb_c3,nlsp_mr035g_c3__ctrl__whole_lower_limb__bed_rest_45__DXA_lean_mass,45.0,-1.5,-3.2037,1.7037,0.9529,1.6864,-5.0,-1.0,1.0,4.0,-8.0,1.0,1.0,9.0,,,
with_history,last_scan_plus_curve,nasa_utmb_c3,nlsp_mr035g_c3__ctrl__whole_lower_limb__bed_rest_45__DXA_lean_mass,45.0,-1.5,-2.1667,0.6667,0.7846,1.9966,-5.0,0.0,1.0,5.0,-7.0,2.0,1.0,9.0,,,
with_history,jev,nasa_utmb_c3,nlsp_mr035g_c3__ctrl__whole_lower_limb__bed_rest_58__DXA_lean_mass,58.0,-1.61,-1.8232,0.2132,0.1859,0.745,-2.0,0.0,1.0,2.0,-2.0,0.0,1.0,2.0,0.43,25963.0,True
with_history,last_scan,nasa_utmb_c3,nlsp_mr035g_c3__ctrl__whole_lower_limb__bed_rest_58__DXA_lean_mass,58.0,-1.61,-3.2037,1.5937,0.9529,1.6864,-5.0,-1.0,1.0,4.0,-8.0,1.0,1.0,9.0,,,
with_history,last_scan_plus_curve,nasa_utmb_c3,nlsp_mr035g_c3__ctrl__whole_lower_limb__bed_rest_58__DXA_lean_mass,58.0,-1.61,-1.6111,0.0011,0.8034,2.6027,-3.0,2.0,1.0,5.0,-7.0,2.0,1.0,9.0,,,
with_history,jev,nasa_utmb_c3,nlsp_mr035g_c3__ctrl__whole_lower_limb__bed_rest_63__DXA_lean_mass,63.0,8.53,-1.1061,9.6361,5.1969,13.8155,-1.0,0.0,0.0,1.0,-2.0,0.0,0.0,2.0,0.53,25955.0,True
with_history,last_scan,nasa_utmb_c3,nlsp_mr035g_c3__ctrl__whole_lower_limb__bed_rest_63__DXA_lean_mass,63.0,8.53,-3.2037,11.7337,5.7924,13.8155,-5.0,-1.0,0.0,4.0,-8.0,1.0,0.0,9.0,,,
with_history,last_scan_plus_curve,nasa_utmb_c3,nlsp_mr035g_c3__ctrl__whole_lower_limb__bed_rest_63__DXA_lean_mass,63.0,8.53,-1.0679,9.5979,3.7889,3.0082,-4.0,1.0,0.0,5.0,-6.0,3.0,0.0,9.0,,,
