row_id,study_id,cohort_id,campaign_name,registry_id,first_author,year,doi,source_file,design,hdt_angle_deg,duration_days,phase,timepoint_days,days_from_unloading_end,exposure_flag,arm_id,arm_type,cm_modality,cm_dose,n_arm,n_analysed,sex,pct_female,age_mean,age_sd,age_min,age_max,population,bmi_mean,body_mass_mean_kg,nutrition_controlled,muscle,muscle_function_class,is_composite,composite_of,laterality,measurement_site,outcome_type,modality,unit_original,value_baseline_original,value_followup_original,unit_si,value_baseline,value_followup,change_absolute,pct_change,variance_of,variance_type,variance_value,p_value,data_source,digitizer_tool,page_ref,extractor,extraction_date,extraction_confidence,double_extracted,qc_flag,notes
tran2021__ctrl__gluteus_maximus__bed_rest_59,tran2021,agbresa,AGBRESA,NA,Tran,2021,10.3389/fphys.2021.745811,tranv2021_scopus_00673.xml,HDBR_-6,-6,60,bed_rest,59,NA,analogue,ctrl,control,none,NA,8,7,mixed,25.0,34,8,NA,NA,healthy_young,25,NA,NA,gluteus_maximus,NA,FALSE,NA,NA,whole muscle,volume,MRI,cm3,3051,2756,cm3,3051,2756,-295,-9.4,baseline,SD,956,NA,table,NA,Tables 2 and 3,falk,2026-09-04,high,FALSE,pct_of_individual_means;laterality_unstated,printed relative change is the mean of individual percent changes; group-mean recomputation differs. Laterality not stated in the paper. n_analysed reduced by imaging artefacts per Table 1 footnotes
tran2021__cag__gluteus_maximus__bed_rest_59,tran2021,agbresa,AGBRESA,NA,Tran,2021,10.3389/fphys.2021.745811,tranv2021_scopus_00673.xml,HDBR_-6,-6,60,bed_rest,59,NA,analogue,cag,countermeasure,artificial_gravity,30 min continuous centrifugation daily,8,8,mixed,37.5,32,10,NA,NA,healthy_young,24,NA,NA,gluteus_maximus,NA,FALSE,NA,NA,whole muscle,volume,MRI,cm3,3158,2835,cm3,3158,2835,-323,-10.4,baseline,SD,892,NA,table,NA,Tables 2 and 3,falk,2026-09-04,high,FALSE,pct_of_individual_means;laterality_unstated,printed relative change is the mean of individual percent changes; group-mean recomputation differs. Laterality not stated in the paper. n_analysed reduced by imaging artefacts per Table 1 footnotes
tran2021__iag__gluteus_maximus__bed_rest_59,tran2021,agbresa,AGBRESA,NA,Tran,2021,10.3389/fphys.2021.745811,tranv2021_scopus_00673.xml,HDBR_-6,-6,60,bed_rest,59,NA,analogue,iag,countermeasure,artificial_gravity,6 x 5 min intermittent centrifugation daily,8,8,mixed,37.5,34,11,NA,NA,healthy_young,22,NA,NA,gluteus_maximus,NA,FALSE,NA,NA,whole muscle,volume,MRI,cm3,2662,2439,cm3,2662,2439,-223,-7.9,baseline,SD,750,NA,table,NA,Tables 2 and 3,falk,2026-09-04,high,FALSE,pct_of_individual_means;laterality_unstated,printed relative change is the mean of individual percent changes; group-mean recomputation differs. Laterality not stated in the paper. n_analysed reduced by imaging artefacts per Table 1 footnotes
tran2021__ctrl__gluteus_medius__bed_rest_59,tran2021,agbresa,AGBRESA,NA,Tran,2021,10.3389/fphys.2021.745811,tranv2021_scopus_00673.xml,HDBR_-6,-6,60,bed_rest,59,NA,analogue,ctrl,control,none,NA,8,7,mixed,25.0,34,8,NA,NA,healthy_young,25,NA,NA,gluteus_medius,NA,FALSE,NA,NA,whole muscle,volume,MRI,cm3,551,512,cm3,551,512,-39,-4.6,baseline,SD,282,NA,table,NA,Tables 2 and 3,falk,2026-09-04,high,FALSE,pct_of_individual_means;laterality_unstated,printed relative change is the mean of individual percent changes; group-mean recomputation differs. Laterality not stated in the paper. n_analysed reduced by imaging artefacts per Table 1 footnotes
tran2021__cag__gluteus_medius__bed_rest_59,tran2021,agbresa,AGBRESA,NA,Tran,2021,10.3389/fphys.2021.745811,tranv2021_scopus_00673.xml,HDBR_-6,-6,60,bed_rest,59,NA,analogue,cag,countermeasure,artificial_gravity,30 min continuous centrifugation daily,8,7,mixed,37.5,32,10,NA,NA,healthy_young,24,NA,NA,gluteus_medius,NA,FALSE,NA,NA,whole muscle,volume,MRI,cm3,681,600,cm3,681,600,-81,-12.1,baseline,SD,177,NA,table,NA,Tables 2 and 3,falk,2026-09-04,high,FALSE,pct_of_individual_means;laterality_unstated,printed relative change is the mean of individual percent changes; group-mean recomputation differs. Laterality not stated in the paper. n_analysed reduced by imaging artefacts per Table 1 footnotes
tran2021__iag__gluteus_medius__bed_rest_59,tran2021,agbresa,AGBRESA,NA,Tran,2021,10.3389/fphys.2021.745811,tranv2021_scopus_00673.xml,HDBR_-6,-6,60,bed_rest,59,NA,analogue,iag,countermeasure,artificial_gravity,6 x 5 min intermittent centrifugation daily,8,7,mixed,37.5,34,11,NA,NA,healthy_young,22,NA,NA,gluteus_medius,NA,FALSE,NA,NA,whole muscle,volume,MRI,cm3,504,476,cm3,504,476,-28,-7.2,baseline,SD,205,NA,table,NA,Tables 2 and 3,falk,2026-09-04,high,FALSE,pct_of_individual_means;laterality_unstated,printed relative change is the mean of individual percent changes; group-mean recomputation differs. Laterality not stated in the paper. n_analysed reduced by imaging artefacts per Table 1 footnotes
tran2021__ctrl__gluteus_minimus__bed_rest_59,tran2021,agbresa,AGBRESA,NA,Tran,2021,10.3389/fphys.2021.745811,tranv2021_scopus_00673.xml,HDBR_-6,-6,60,bed_rest,59,NA,analogue,ctrl,control,none,NA,8,7,mixed,25.0,34,8,NA,NA,healthy_young,25,NA,NA,gluteus_minimus,NA,FALSE,NA,NA,whole muscle,volume,MRI,cm3,265,210,cm3,265,210,-55,-6.9,baseline,SD,122,NA,table,NA,Tables 2 and 3,falk,2026-09-04,high,FALSE,pct_of_individual_means;laterality_unstated,printed relative change is the mean of individual percent changes; group-mean recomputation differs. Laterality not stated in the paper. n_analysed reduced by imaging artefacts per Table 1 footnotes
tran2021__cag__gluteus_minimus__bed_rest_59,tran2021,agbresa,AGBRESA,NA,Tran,2021,10.3389/fphys.2021.745811,tranv2021_scopus_00673.xml,HDBR_-6,-6,60,bed_rest,59,NA,analogue,cag,countermeasure,artificial_gravity,30 min continuous centrifugation daily,8,7,mixed,37.5,32,10,NA,NA,healthy_young,24,NA,NA,gluteus_minimus,NA,FALSE,NA,NA,whole muscle,volume,MRI,cm3,299,251,cm3,299,251,-48,-16.2,baseline,SD,47,NA,table,NA,Tables 2 and 3,falk,2026-09-04,high,FALSE,pct_of_individual_means;laterality_unstated,printed relative change is the mean of individual percent changes; group-mean recomputation differs. Laterality not stated in the paper. n_analysed reduced by imaging artefacts per Table 1 footnotes
tran2021__iag__gluteus_minimus__bed_rest_59,tran2021,agbresa,AGBRESA,NA,Tran,2021,10.3389/fphys.2021.745811,tranv2021_scopus_00673.xml,HDBR_-6,-6,60,bed_rest,59,NA,analogue,iag,countermeasure,artificial_gravity,6 x 5 min intermittent centrifugation daily,8,6,mixed,37.5,34,11,NA,NA,healthy_young,22,NA,NA,gluteus_minimus,NA,FALSE,NA,NA,whole muscle,volume,MRI,cm3,232,211,cm3,232,211,-21,-8.2,baseline,SD,90,NA,table,NA,Tables 2 and 3,falk,2026-09-04,high,FALSE,pct_of_individual_means;laterality_unstated,printed relative change is the mean of individual percent changes; group-mean recomputation differs. Laterality not stated in the paper. n_analysed reduced by imaging artefacts per Table 1 footnotes
belavy2017__ctrl__anterior_tibial_group__bed_rest_28,belavy2017,medes_ltbr90,"Long Term Bed Rest (LTBR), MEDES Toulouse",NA,Belavy,2017,10.1136/bmjsem-2016-000196,belavýdl2017_scopus_01130.xml,HDBR_-6,-6,90,bed_rest,28,NA,analogue,ctrl,control,none,NA,16,16,M,NA,32.5,3.4,NA,NA,healthy_young,NA,70.3,yes,anterior_tibial_group,NA,TRUE,NA,NA,NA,volume,MRI,cm3,252.1,NA,cm3,252.1,NA,NA,-7.0,change,SD,4.0,NA,table,NA,Tables 1-2,falk,2026-09-04,high,FALSE,laterality_unstated,"baseline SD 24.9 cm3; paper prints percentage change only, so follow-up volume is left NA rather than back-calculated"
belavy2017__ctrl__anterior_tibial_group__bed_rest_89,belavy2017,medes_ltbr90,"Long Term Bed Rest (LTBR), MEDES Toulouse",NA,Belavy,2017,10.1136/bmjsem-2016-000196,belavýdl2017_scopus_01130.xml,HDBR_-6,-6,90,bed_rest,89,NA,analogue,ctrl,control,none,NA,16,16,M,NA,32.5,3.4,NA,NA,healthy_young,NA,70.3,yes,anterior_tibial_group,NA,TRUE,NA,NA,NA,volume,MRI,cm3,252.1,NA,cm3,252.1,NA,NA,-13.6,change,SD,4.9,NA,table,NA,Tables 1-2,falk,2026-09-04,high,FALSE,laterality_unstated,"baseline SD 24.9 cm3; paper prints percentage change only, so follow-up volume is left NA rather than back-calculated"
belavy2017__ctrl__anterior_tibial_group__recovery_103,belavy2017,medes_ltbr90,"Long Term Bed Rest (LTBR), MEDES Toulouse",NA,Belavy,2017,10.1136/bmjsem-2016-000196,belavýdl2017_scopus_01130.xml,HDBR_-6,-6,90,recovery,103,13,analogue,ctrl,control,none,NA,16,16,M,NA,32.5,3.4,NA,NA,healthy_young,NA,70.3,yes,anterior_tibial_group,NA,TRUE,NA,NA,NA,volume,MRI,cm3,252.1,NA,cm3,252.1,NA,NA,-5.1,change,SD,3.9,NA,table,NA,Tables 1-2,falk,2026-09-04,high,FALSE,laterality_unstated,"baseline SD 24.9 cm3; paper prints percentage change only, so follow-up volume is left NA rather than back-calculated"
belavy2017__ctrl__anterior_tibial_group__recovery_180,belavy2017,medes_ltbr90,"Long Term Bed Rest (LTBR), MEDES Toulouse",NA,Belavy,2017,10.1136/bmjsem-2016-000196,belavýdl2017_scopus_01130.xml,HDBR_-6,-6,90,recovery,180,90,analogue,ctrl,control,none,NA,16,16,M,NA,32.5,3.4,NA,NA,healthy_young,NA,70.3,yes,anterior_tibial_group,NA,TRUE,NA,NA,NA,volume,MRI,cm3,252.1,NA,cm3,252.1,NA,NA,-0.3,change,SD,3.9,NA,table,NA,Tables 1-2,falk,2026-09-04,high,FALSE,laterality_unstated,"baseline SD 24.9 cm3; paper prints percentage change only, so follow-up volume is left NA rather than back-calculated"
belavy2017__ctrl__anterior_tibial_group__recovery_270,belavy2017,medes_ltbr90,"Long Term Bed Rest (LTBR), MEDES Toulouse",NA,Belavy,2017,10.1136/bmjsem-2016-000196,belavýdl2017_scopus_01130.xml,HDBR_-6,-6,90,recovery,270,180,analogue,ctrl,control,none,NA,16,16,M,NA,32.5,3.4,NA,NA,healthy_young,NA,70.3,yes,anterior_tibial_group,NA,TRUE,NA,NA,NA,volume,MRI,cm3,252.1,NA,cm3,252.1,NA,NA,0.1,change,SD,3.9,NA,table,NA,Tables 1-2,falk,2026-09-04,high,FALSE,laterality_unstated,"baseline SD 24.9 cm3; paper prints percentage change only, so follow-up volume is left NA rather than back-calculated"
belavy2017__ctrl__anterior_tibial_group__recovery_450,belavy2017,medes_ltbr90,"Long Term Bed Rest (LTBR), MEDES Toulouse",NA,Belavy,2017,10.1136/bmjsem-2016-000196,belavýdl2017_scopus_01130.xml,HDBR_-6,-6,90,recovery,450,360,analogue,ctrl,control,none,NA,16,16,M,NA,32.5,3.4,NA,NA,healthy_young,NA,70.3,yes,anterior_tibial_group,NA,TRUE,NA,NA,NA,volume,MRI,cm3,252.1,NA,cm3,252.1,NA,NA,0.4,change,SD,4.7,NA,table,NA,Tables 1-2,falk,2026-09-04,high,FALSE,laterality_unstated,"baseline SD 24.9 cm3; paper prints percentage change only, so follow-up volume is left NA rather than back-calculated"
belavy2017__fly__anterior_tibial_group__bed_rest_28,belavy2017,medes_ltbr90,"Long Term Bed Rest (LTBR), MEDES Toulouse",NA,Belavy,2017,10.1136/bmjsem-2016-000196,belavýdl2017_scopus_01130.xml,HDBR_-6,-6,90,bed_rest,28,NA,analogue,fly,countermeasure,flywheel,high-intensity concentric-eccentric flywheel resistance exercise every third day,9,9,M,NA,31.0,5.5,NA,NA,healthy_young,NA,70.9,yes,anterior_tibial_group,NA,TRUE,NA,NA,NA,volume,MRI,cm3,246.9,NA,cm3,246.9,NA,NA,-5.1,change,SD,4.0,NA,table,NA,Tables 1-2,falk,2026-09-04,high,FALSE,laterality_unstated,"baseline SD 11.8 cm3; paper prints percentage change only, so follow-up volume is left NA rather than back-calculated"
belavy2017__fly__anterior_tibial_group__bed_rest_89,belavy2017,medes_ltbr90,"Long Term Bed Rest (LTBR), MEDES Toulouse",NA,Belavy,2017,10.1136/bmjsem-2016-000196,belavýdl2017_scopus_01130.xml,HDBR_-6,-6,90,bed_rest,89,NA,analogue,fly,countermeasure,flywheel,high-intensity concentric-eccentric flywheel resistance exercise every third day,9,9,M,NA,31.0,5.5,NA,NA,healthy_young,NA,70.9,yes,anterior_tibial_group,NA,TRUE,NA,NA,NA,volume,MRI,cm3,246.9,NA,cm3,246.9,NA,NA,-11.2,change,SD,4.0,NA,table,NA,Tables 1-2,falk,2026-09-04,high,FALSE,laterality_unstated,"baseline SD 11.8 cm3; paper prints percentage change only, so follow-up volume is left NA rather than back-calculated"
belavy2017__fly__anterior_tibial_group__recovery_103,belavy2017,medes_ltbr90,"Long Term Bed Rest (LTBR), MEDES Toulouse",NA,Belavy,2017,10.1136/bmjsem-2016-000196,belavýdl2017_scopus_01130.xml,HDBR_-6,-6,90,recovery,103,13,analogue,fly,countermeasure,flywheel,high-intensity concentric-eccentric flywheel resistance exercise every third day,9,9,M,NA,31.0,5.5,NA,NA,healthy_young,NA,70.9,yes,anterior_tibial_group,NA,TRUE,NA,NA,NA,volume,MRI,cm3,246.9,NA,cm3,246.9,NA,NA,-3.0,change,SD,4.6,NA,table,NA,Tables 1-2,falk,2026-09-04,high,FALSE,laterality_unstated,"baseline SD 11.8 cm3; paper prints percentage change only, so follow-up volume is left NA rather than back-calculated"
belavy2017__fly__anterior_tibial_group__recovery_180,belavy2017,medes_ltbr90,"Long Term Bed Rest (LTBR), MEDES Toulouse",NA,Belavy,2017,10.1136/bmjsem-2016-000196,belavýdl2017_scopus_01130.xml,HDBR_-6,-6,90,recovery,180,90,analogue,fly,countermeasure,flywheel,high-intensity concentric-eccentric flywheel resistance exercise every third day,9,9,M,NA,31.0,5.5,NA,NA,healthy_young,NA,70.9,yes,anterior_tibial_group,NA,TRUE,NA,NA,NA,volume,MRI,cm3,246.9,NA,cm3,246.9,NA,NA,0.5,change,SD,4.5,NA,table,NA,Tables 1-2,falk,2026-09-04,high,FALSE,laterality_unstated,"baseline SD 11.8 cm3; paper prints percentage change only, so follow-up volume is left NA rather than back-calculated"
belavy2017__fly__anterior_tibial_group__recovery_270,belavy2017,medes_ltbr90,"Long Term Bed Rest (LTBR), MEDES Toulouse",NA,Belavy,2017,10.1136/bmjsem-2016-000196,belavýdl2017_scopus_01130.xml,HDBR_-6,-6,90,recovery,270,180,analogue,fly,countermeasure,flywheel,high-intensity concentric-eccentric flywheel resistance exercise every third day,9,9,M,NA,31.0,5.5,NA,NA,healthy_young,NA,70.9,yes,anterior_tibial_group,NA,TRUE,NA,NA,NA,volume,MRI,cm3,246.9,NA,cm3,246.9,NA,NA,1.2,change,SD,4.2,NA,table,NA,Tables 1-2,falk,2026-09-04,high,FALSE,laterality_unstated,"baseline SD 11.8 cm3; paper prints percentage change only, so follow-up volume is left NA rather than back-calculated"
belavy2017__fly__anterior_tibial_group__recovery_450,belavy2017,medes_ltbr90,"Long Term Bed Rest (LTBR), MEDES Toulouse",NA,Belavy,2017,10.1136/bmjsem-2016-000196,belavýdl2017_scopus_01130.xml,HDBR_-6,-6,90,recovery,450,360,analogue,fly,countermeasure,flywheel,high-intensity concentric-eccentric flywheel resistance exercise every third day,9,9,M,NA,31.0,5.5,NA,NA,healthy_young,NA,70.9,yes,anterior_tibial_group,NA,TRUE,NA,NA,NA,volume,MRI,cm3,246.9,NA,cm3,246.9,NA,NA,0.4,change,SD,4.5,NA,table,NA,Tables 1-2,falk,2026-09-04,high,FALSE,laterality_unstated,"baseline SD 11.8 cm3; paper prints percentage change only, so follow-up volume is left NA rather than back-calculated"
belavy2017__ctrl__flexor_digitorum_with_tibialis_posterior__bed_rest_28,belavy2017,medes_ltbr90,"Long Term Bed Rest (LTBR), MEDES Toulouse",NA,Belavy,2017,10.1136/bmjsem-2016-000196,belavýdl2017_scopus_01130.xml,HDBR_-6,-6,90,bed_rest,28,NA,analogue,ctrl,control,none,NA,16,16,M,NA,32.5,3.4,NA,NA,healthy_young,NA,70.3,yes,flexor_digitorum_with_tibialis_posterior,NA,TRUE,NA,NA,NA,volume,MRI,cm3,136.6,NA,cm3,136.6,NA,NA,-11.4,change,SD,7.4,NA,table,NA,Tables 1-2,falk,2026-09-04,high,FALSE,laterality_unstated,"baseline SD 25.3 cm3; paper prints percentage change only, so follow-up volume is left NA rather than back-calculated"
belavy2017__ctrl__flexor_digitorum_with_tibialis_posterior__bed_rest_89,belavy2017,medes_ltbr90,"Long Term Bed Rest (LTBR), MEDES Toulouse",NA,Belavy,2017,10.1136/bmjsem-2016-000196,belavýdl2017_scopus_01130.xml,HDBR_-6,-6,90,bed_rest,89,NA,analogue,ctrl,control,none,NA,16,16,M,NA,32.5,3.4,NA,NA,healthy_young,NA,70.3,yes,flexor_digitorum_with_tibialis_posterior,NA,TRUE,NA,NA,NA,volume,MRI,cm3,136.6,NA,cm3,136.6,NA,NA,-19.0,change,SD,10.4,NA,table,NA,Tables 1-2,falk,2026-09-04,high,FALSE,laterality_unstated,"baseline SD 25.3 cm3; paper prints percentage change only, so follow-up volume is left NA rather than back-calculated"
belavy2017__ctrl__flexor_digitorum_with_tibialis_posterior__recovery_103,belavy2017,medes_ltbr90,"Long Term Bed Rest (LTBR), MEDES Toulouse",NA,Belavy,2017,10.1136/bmjsem-2016-000196,belavýdl2017_scopus_01130.xml,HDBR_-6,-6,90,recovery,103,13,analogue,ctrl,control,none,NA,16,16,M,NA,32.5,3.4,NA,NA,healthy_young,NA,70.3,yes,flexor_digitorum_with_tibialis_posterior,NA,TRUE,NA,NA,NA,volume,MRI,cm3,136.6,NA,cm3,136.6,NA,NA,-7.3,change,SD,6.7,NA,table,NA,Tables 1-2,falk,2026-09-04,high,FALSE,laterality_unstated,"baseline SD 25.3 cm3; paper prints percentage change only, so follow-up volume is left NA rather than back-calculated"
belavy2017__ctrl__flexor_digitorum_with_tibialis_posterior__recovery_180,belavy2017,medes_ltbr90,"Long Term Bed Rest (LTBR), MEDES Toulouse",NA,Belavy,2017,10.1136/bmjsem-2016-000196,belavýdl2017_scopus_01130.xml,HDBR_-6,-6,90,recovery,180,90,analogue,ctrl,control,none,NA,16,16,M,NA,32.5,3.4,NA,NA,healthy_young,NA,70.3,yes,flexor_digitorum_with_tibialis_posterior,NA,TRUE,NA,NA,NA,volume,MRI,cm3,136.6,NA,cm3,136.6,NA,NA,1.8,change,SD,5.4,NA,table,NA,Tables 1-2,falk,2026-09-04,high,FALSE,laterality_unstated,"baseline SD 25.3 cm3; paper prints percentage change only, so follow-up volume is left NA rather than back-calculated"
belavy2017__ctrl__flexor_digitorum_with_tibialis_posterior__recovery_270,belavy2017,medes_ltbr90,"Long Term Bed Rest (LTBR), MEDES Toulouse",NA,Belavy,2017,10.1136/bmjsem-2016-000196,belavýdl2017_scopus_01130.xml,HDBR_-6,-6,90,recovery,270,180,analogue,ctrl,control,none,NA,16,16,M,NA,32.5,3.4,NA,NA,healthy_young,NA,70.3,yes,flexor_digitorum_with_tibialis_posterior,NA,TRUE,NA,NA,NA,volume,MRI,cm3,136.6,NA,cm3,136.6,NA,NA,0.5,change,SD,4.2,NA,table,NA,Tables 1-2,falk,2026-09-04,high,FALSE,laterality_unstated,"baseline SD 25.3 cm3; paper prints percentage change only, so follow-up volume is left NA rather than back-calculated"
belavy2017__ctrl__flexor_digitorum_with_tibialis_posterior__recovery_450,belavy2017,medes_ltbr90,"Long Term Bed Rest (LTBR), MEDES Toulouse",NA,Belavy,2017,10.1136/bmjsem-2016-000196,belavýdl2017_scopus_01130.xml,HDBR_-6,-6,90,recovery,450,360,analogue,ctrl,control,none,NA,16,16,M,NA,32.5,3.4,NA,NA,healthy_young,NA,70.3,yes,flexor_digitorum_with_tibialis_posterior,NA,TRUE,NA,NA,NA,volume,MRI,cm3,136.6,NA,cm3,136.6,NA,NA,0.9,change,SD,4.0,NA,table,NA,Tables 1-2,falk,2026-09-04,high,FALSE,laterality_unstated,"baseline SD 25.3 cm3; paper prints percentage change only, so follow-up volume is left NA rather than back-calculated"
belavy2017__fly__flexor_digitorum_with_tibialis_posterior__bed_rest_28,belavy2017,medes_ltbr90,"Long Term Bed Rest (LTBR), MEDES Toulouse",NA,Belavy,2017,10.1136/bmjsem-2016-000196,belavýdl2017_scopus_01130.xml,HDBR_-6,-6,90,bed_rest,28,NA,analogue,fly,countermeasure,flywheel,high-intensity concentric-eccentric flywheel resistance exercise every third day,9,9,M,NA,31.0,5.5,NA,NA,healthy_young,NA,70.9,yes,flexor_digitorum_with_tibialis_posterior,NA,TRUE,NA,NA,NA,volume,MRI,cm3,133.5,NA,cm3,133.5,NA,NA,-7.1,change,SD,6.4,NA,table,NA,Tables 1-2,falk,2026-09-04,high,FALSE,laterality_unstated,"baseline SD 28.5 cm3; paper prints percentage change only, so follow-up volume is left NA rather than back-calculated"
belavy2017__fly__flexor_digitorum_with_tibialis_posterior__bed_rest_89,belavy2017,medes_ltbr90,"Long Term Bed Rest (LTBR), MEDES Toulouse",NA,Belavy,2017,10.1136/bmjsem-2016-000196,belavýdl2017_scopus_01130.xml,HDBR_-6,-6,90,bed_rest,89,NA,analogue,fly,countermeasure,flywheel,high-intensity concentric-eccentric flywheel resistance exercise every third day,9,9,M,NA,31.0,5.5,NA,NA,healthy_young,NA,70.9,yes,flexor_digitorum_with_tibialis_posterior,NA,TRUE,NA,NA,NA,volume,MRI,cm3,133.5,NA,cm3,133.5,NA,NA,-13.0,change,SD,7.9,NA,table,NA,Tables 1-2,falk,2026-09-04,high,FALSE,laterality_unstated,"baseline SD 28.5 cm3; paper prints percentage change only, so follow-up volume is left NA rather than back-calculated"
belavy2017__fly__flexor_digitorum_with_tibialis_posterior__recovery_103,belavy2017,medes_ltbr90,"Long Term Bed Rest (LTBR), MEDES Toulouse",NA,Belavy,2017,10.1136/bmjsem-2016-000196,belavýdl2017_scopus_01130.xml,HDBR_-6,-6,90,recovery,103,13,analogue,fly,countermeasure,flywheel,high-intensity concentric-eccentric flywheel resistance exercise every third day,9,9,M,NA,31.0,5.5,NA,NA,healthy_young,NA,70.9,yes,flexor_digitorum_with_tibialis_posterior,NA,TRUE,NA,NA,NA,volume,MRI,cm3,133.5,NA,cm3,133.5,NA,NA,-6.0,change,SD,7.2,NA,table,NA,Tables 1-2,falk,2026-09-04,high,FALSE,laterality_unstated,"baseline SD 28.5 cm3; paper prints percentage change only, so follow-up volume is left NA rather than back-calculated"
belavy2017__fly__flexor_digitorum_with_tibialis_posterior__recovery_180,belavy2017,medes_ltbr90,"Long Term Bed Rest (LTBR), MEDES Toulouse",NA,Belavy,2017,10.1136/bmjsem-2016-000196,belavýdl2017_scopus_01130.xml,HDBR_-6,-6,90,recovery,180,90,analogue,fly,countermeasure,flywheel,high-intensity concentric-eccentric flywheel resistance exercise every third day,9,9,M,NA,31.0,5.5,NA,NA,healthy_young,NA,70.9,yes,flexor_digitorum_with_tibialis_posterior,NA,TRUE,NA,NA,NA,volume,MRI,cm3,133.5,NA,cm3,133.5,NA,NA,-1.2,change,SD,5.0,NA,table,NA,Tables 1-2,falk,2026-09-04,high,FALSE,laterality_unstated,"baseline SD 28.5 cm3; paper prints percentage change only, so follow-up volume is left NA rather than back-calculated"
belavy2017__fly__flexor_digitorum_with_tibialis_posterior__recovery_270,belavy2017,medes_ltbr90,"Long Term Bed Rest (LTBR), MEDES Toulouse",NA,Belavy,2017,10.1136/bmjsem-2016-000196,belavýdl2017_scopus_01130.xml,HDBR_-6,-6,90,recovery,270,180,analogue,fly,countermeasure,flywheel,high-intensity concentric-eccentric flywheel resistance exercise every third day,9,9,M,NA,31.0,5.5,NA,NA,healthy_young,NA,70.9,yes,flexor_digitorum_with_tibialis_posterior,NA,TRUE,NA,NA,NA,volume,MRI,cm3,133.5,NA,cm3,133.5,NA,NA,-0.5,change,SD,4.6,NA,table,NA,Tables 1-2,falk,2026-09-04,high,FALSE,laterality_unstated,"baseline SD 28.5 cm3; paper prints percentage change only, so follow-up volume is left NA rather than back-calculated"
belavy2017__fly__flexor_digitorum_with_tibialis_posterior__recovery_450,belavy2017,medes_ltbr90,"Long Term Bed Rest (LTBR), MEDES Toulouse",NA,Belavy,2017,10.1136/bmjsem-2016-000196,belavýdl2017_scopus_01130.xml,HDBR_-6,-6,90,recovery,450,360,analogue,fly,countermeasure,flywheel,high-intensity concentric-eccentric flywheel resistance exercise every third day,9,9,M,NA,31.0,5.5,NA,NA,healthy_young,NA,70.9,yes,flexor_digitorum_with_tibialis_posterior,NA,TRUE,NA,NA,NA,volume,MRI,cm3,133.5,NA,cm3,133.5,NA,NA,1.0,change,SD,5.1,NA,table,NA,Tables 1-2,falk,2026-09-04,high,FALSE,laterality_unstated,"baseline SD 28.5 cm3; paper prints percentage change only, so follow-up volume is left NA rather than back-calculated"
belavy2017__ctrl__flexor_hallucis_longus__bed_rest_28,belavy2017,medes_ltbr90,"Long Term Bed Rest (LTBR), MEDES Toulouse",NA,Belavy,2017,10.1136/bmjsem-2016-000196,belavýdl2017_scopus_01130.xml,HDBR_-6,-6,90,bed_rest,28,NA,analogue,ctrl,control,none,NA,16,16,M,NA,32.5,3.4,NA,NA,healthy_young,NA,70.3,yes,flexor_hallucis_longus,NA,FALSE,NA,NA,NA,volume,MRI,cm3,80.2,NA,cm3,80.2,NA,NA,-9.5,change,SD,7.0,NA,table,NA,Tables 1-2,falk,2026-09-04,high,FALSE,laterality_unstated,"baseline SD 13.4 cm3; paper prints percentage change only, so follow-up volume is left NA rather than back-calculated"
belavy2017__ctrl__flexor_hallucis_longus__bed_rest_89,belavy2017,medes_ltbr90,"Long Term Bed Rest (LTBR), MEDES Toulouse",NA,Belavy,2017,10.1136/bmjsem-2016-000196,belavýdl2017_scopus_01130.xml,HDBR_-6,-6,90,bed_rest,89,NA,analogue,ctrl,control,none,NA,16,16,M,NA,32.5,3.4,NA,NA,healthy_young,NA,70.3,yes,flexor_hallucis_longus,NA,FALSE,NA,NA,NA,volume,MRI,cm3,80.2,NA,cm3,80.2,NA,NA,-19.6,change,SD,8.9,NA,table,NA,Tables 1-2,falk,2026-09-04,high,FALSE,laterality_unstated,"baseline SD 13.4 cm3; paper prints percentage change only, so follow-up volume is left NA rather than back-calculated"
belavy2017__ctrl__flexor_hallucis_longus__recovery_103,belavy2017,medes_ltbr90,"Long Term Bed Rest (LTBR), MEDES Toulouse",NA,Belavy,2017,10.1136/bmjsem-2016-000196,belavýdl2017_scopus_01130.xml,HDBR_-6,-6,90,recovery,103,13,analogue,ctrl,control,none,NA,16,16,M,NA,32.5,3.4,NA,NA,healthy_young,NA,70.3,yes,flexor_hallucis_longus,NA,FALSE,NA,NA,NA,volume,MRI,cm3,80.2,NA,cm3,80.2,NA,NA,-14.7,change,SD,9.8,NA,table,NA,Tables 1-2,falk,2026-09-04,high,FALSE,laterality_unstated,"baseline SD 13.4 cm3; paper prints percentage change only, so follow-up volume is left NA rather than back-calculated"
belavy2017__ctrl__flexor_hallucis_longus__recovery_180,belavy2017,medes_ltbr90,"Long Term Bed Rest (LTBR), MEDES Toulouse",NA,Belavy,2017,10.1136/bmjsem-2016-000196,belavýdl2017_scopus_01130.xml,HDBR_-6,-6,90,recovery,180,90,analogue,ctrl,control,none,NA,16,16,M,NA,32.5,3.4,NA,NA,healthy_young,NA,70.3,yes,flexor_hallucis_longus,NA,FALSE,NA,NA,NA,volume,MRI,cm3,80.2,NA,cm3,80.2,NA,NA,0.0,change,SD,6.5,NA,table,NA,Tables 1-2,falk,2026-09-04,high,FALSE,laterality_unstated,"baseline SD 13.4 cm3; paper prints percentage change only, so follow-up volume is left NA rather than back-calculated"
belavy2017__ctrl__flexor_hallucis_longus__recovery_270,belavy2017,medes_ltbr90,"Long Term Bed Rest (LTBR), MEDES Toulouse",NA,Belavy,2017,10.1136/bmjsem-2016-000196,belavýdl2017_scopus_01130.xml,HDBR_-6,-6,90,recovery,270,180,analogue,ctrl,control,none,NA,16,16,M,NA,32.5,3.4,NA,NA,healthy_young,NA,70.3,yes,flexor_hallucis_longus,NA,FALSE,NA,NA,NA,volume,MRI,cm3,80.2,NA,cm3,80.2,NA,NA,1.8,change,SD,7.5,NA,table,NA,Tables 1-2,falk,2026-09-04,high,FALSE,laterality_unstated,"baseline SD 13.4 cm3; paper prints percentage change only, so follow-up volume is left NA rather than back-calculated"
belavy2017__ctrl__flexor_hallucis_longus__recovery_450,belavy2017,medes_ltbr90,"Long Term Bed Rest (LTBR), MEDES Toulouse",NA,Belavy,2017,10.1136/bmjsem-2016-000196,belavýdl2017_scopus_01130.xml,HDBR_-6,-6,90,recovery,450,360,analogue,ctrl,control,none,NA,16,16,M,NA,32.5,3.4,NA,NA,healthy_young,NA,70.3,yes,flexor_hallucis_longus,NA,FALSE,NA,NA,NA,volume,MRI,cm3,80.2,NA,cm3,80.2,NA,NA,2.1,change,SD,9.0,NA,table,NA,Tables 1-2,falk,2026-09-04,high,FALSE,laterality_unstated,"baseline SD 13.4 cm3; paper prints percentage change only, so follow-up volume is left NA rather than back-calculated"
belavy2017__fly__flexor_hallucis_longus__bed_rest_28,belavy2017,medes_ltbr90,"Long Term Bed Rest (LTBR), MEDES Toulouse",NA,Belavy,2017,10.1136/bmjsem-2016-000196,belavýdl2017_scopus_01130.xml,HDBR_-6,-6,90,bed_rest,28,NA,analogue,fly,countermeasure,flywheel,high-intensity concentric-eccentric flywheel resistance exercise every third day,9,9,M,NA,31.0,5.5,NA,NA,healthy_young,NA,70.9,yes,flexor_hallucis_longus,NA,FALSE,NA,NA,NA,volume,MRI,cm3,78.3,NA,cm3,78.3,NA,NA,-8.8,change,SD,9.8,NA,table,NA,Tables 1-2,falk,2026-09-04,high,FALSE,laterality_unstated,"baseline SD 8.7 cm3; paper prints percentage change only, so follow-up volume is left NA rather than back-calculated"
belavy2017__fly__flexor_hallucis_longus__bed_rest_89,belavy2017,medes_ltbr90,"Long Term Bed Rest (LTBR), MEDES Toulouse",NA,Belavy,2017,10.1136/bmjsem-2016-000196,belavýdl2017_scopus_01130.xml,HDBR_-6,-6,90,bed_rest,89,NA,analogue,fly,countermeasure,flywheel,high-intensity concentric-eccentric flywheel resistance exercise every third day,9,9,M,NA,31.0,5.5,NA,NA,healthy_young,NA,70.9,yes,flexor_hallucis_longus,NA,FALSE,NA,NA,NA,volume,MRI,cm3,78.3,NA,cm3,78.3,NA,NA,-15.5,change,SD,8.4,NA,table,NA,Tables 1-2,falk,2026-09-04,high,FALSE,laterality_unstated,"baseline SD 8.7 cm3; paper prints percentage change only, so follow-up volume is left NA rather than back-calculated"
belavy2017__fly__flexor_hallucis_longus__recovery_103,belavy2017,medes_ltbr90,"Long Term Bed Rest (LTBR), MEDES Toulouse",NA,Belavy,2017,10.1136/bmjsem-2016-000196,belavýdl2017_scopus_01130.xml,HDBR_-6,-6,90,recovery,103,13,analogue,fly,countermeasure,flywheel,high-intensity concentric-eccentric flywheel resistance exercise every third day,9,9,M,NA,31.0,5.5,NA,NA,healthy_young,NA,70.9,yes,flexor_hallucis_longus,NA,FALSE,NA,NA,NA,volume,MRI,cm3,78.3,NA,cm3,78.3,NA,NA,-10.1,change,SD,8.4,NA,table,NA,Tables 1-2,falk,2026-09-04,high,FALSE,laterality_unstated,"baseline SD 8.7 cm3; paper prints percentage change only, so follow-up volume is left NA rather than back-calculated"
belavy2017__fly__flexor_hallucis_longus__recovery_180,belavy2017,medes_ltbr90,"Long Term Bed Rest (LTBR), MEDES Toulouse",NA,Belavy,2017,10.1136/bmjsem-2016-000196,belavýdl2017_scopus_01130.xml,HDBR_-6,-6,90,recovery,180,90,analogue,fly,countermeasure,flywheel,high-intensity concentric-eccentric flywheel resistance exercise every third day,9,9,M,NA,31.0,5.5,NA,NA,healthy_young,NA,70.9,yes,flexor_hallucis_longus,NA,FALSE,NA,NA,NA,volume,MRI,cm3,78.3,NA,cm3,78.3,NA,NA,-4.8,change,SD,7.1,NA,table,NA,Tables 1-2,falk,2026-09-04,high,FALSE,laterality_unstated,"baseline SD 8.7 cm3; paper prints percentage change only, so follow-up volume is left NA rather than back-calculated"
belavy2017__fly__flexor_hallucis_longus__recovery_270,belavy2017,medes_ltbr90,"Long Term Bed Rest (LTBR), MEDES Toulouse",NA,Belavy,2017,10.1136/bmjsem-2016-000196,belavýdl2017_scopus_01130.xml,HDBR_-6,-6,90,recovery,270,180,analogue,fly,countermeasure,flywheel,high-intensity concentric-eccentric flywheel resistance exercise every third day,9,9,M,NA,31.0,5.5,NA,NA,healthy_young,NA,70.9,yes,flexor_hallucis_longus,NA,FALSE,NA,NA,NA,volume,MRI,cm3,78.3,NA,cm3,78.3,NA,NA,-2.9,change,SD,8.6,NA,table,NA,Tables 1-2,falk,2026-09-04,high,FALSE,laterality_unstated,"baseline SD 8.7 cm3; paper prints percentage change only, so follow-up volume is left NA rather than back-calculated"
belavy2017__fly__flexor_hallucis_longus__recovery_450,belavy2017,medes_ltbr90,"Long Term Bed Rest (LTBR), MEDES Toulouse",NA,Belavy,2017,10.1136/bmjsem-2016-000196,belavýdl2017_scopus_01130.xml,HDBR_-6,-6,90,recovery,450,360,analogue,fly,countermeasure,flywheel,high-intensity concentric-eccentric flywheel resistance exercise every third day,9,9,M,NA,31.0,5.5,NA,NA,healthy_young,NA,70.9,yes,flexor_hallucis_longus,NA,FALSE,NA,NA,NA,volume,MRI,cm3,78.3,NA,cm3,78.3,NA,NA,-2.2,change,SD,9.3,NA,table,NA,Tables 1-2,falk,2026-09-04,high,FALSE,laterality_unstated,"baseline SD 8.7 cm3; paper prints percentage change only, so follow-up volume is left NA rather than back-calculated"
belavy2017__ctrl__gastrocnemius_lateralis__bed_rest_28,belavy2017,medes_ltbr90,"Long Term Bed Rest (LTBR), MEDES Toulouse",NA,Belavy,2017,10.1136/bmjsem-2016-000196,belavýdl2017_scopus_01130.xml,HDBR_-6,-6,90,bed_rest,28,NA,analogue,ctrl,control,none,NA,16,16,M,NA,32.5,3.4,NA,NA,healthy_young,NA,70.3,yes,gastrocnemius_lateralis,NA,FALSE,NA,NA,NA,volume,MRI,cm3,132.6,NA,cm3,132.6,NA,NA,-10.7,change,SD,10.3,NA,table,NA,Tables 1-2,falk,2026-09-04,high,FALSE,laterality_unstated,"baseline SD 20.7 cm3; paper prints percentage change only, so follow-up volume is left NA rather than back-calculated"
belavy2017__ctrl__gastrocnemius_lateralis__bed_rest_89,belavy2017,medes_ltbr90,"Long Term Bed Rest (LTBR), MEDES Toulouse",NA,Belavy,2017,10.1136/bmjsem-2016-000196,belavýdl2017_scopus_01130.xml,HDBR_-6,-6,90,bed_rest,89,NA,analogue,ctrl,control,none,NA,16,16,M,NA,32.5,3.4,NA,NA,healthy_young,NA,70.3,yes,gastrocnemius_lateralis,NA,FALSE,NA,NA,NA,volume,MRI,cm3,132.6,NA,cm3,132.6,NA,NA,-23.3,change,SD,13.0,NA,table,NA,Tables 1-2,falk,2026-09-04,high,FALSE,laterality_unstated,"baseline SD 20.7 cm3; paper prints percentage change only, so follow-up volume is left NA rather than back-calculated"
belavy2017__ctrl__gastrocnemius_lateralis__recovery_103,belavy2017,medes_ltbr90,"Long Term Bed Rest (LTBR), MEDES Toulouse",NA,Belavy,2017,10.1136/bmjsem-2016-000196,belavýdl2017_scopus_01130.xml,HDBR_-6,-6,90,recovery,103,13,analogue,ctrl,control,none,NA,16,16,M,NA,32.5,3.4,NA,NA,healthy_young,NA,70.3,yes,gastrocnemius_lateralis,NA,FALSE,NA,NA,NA,volume,MRI,cm3,132.6,NA,cm3,132.6,NA,NA,-11.8,change,SD,11.6,NA,table,NA,Tables 1-2,falk,2026-09-04,high,FALSE,laterality_unstated,"baseline SD 20.7 cm3; paper prints percentage change only, so follow-up volume is left NA rather than back-calculated"
belavy2017__ctrl__gastrocnemius_lateralis__recovery_180,belavy2017,medes_ltbr90,"Long Term Bed Rest (LTBR), MEDES Toulouse",NA,Belavy,2017,10.1136/bmjsem-2016-000196,belavýdl2017_scopus_01130.xml,HDBR_-6,-6,90,recovery,180,90,analogue,ctrl,control,none,NA,16,16,M,NA,32.5,3.4,NA,NA,healthy_young,NA,70.3,yes,gastrocnemius_lateralis,NA,FALSE,NA,NA,NA,volume,MRI,cm3,132.6,NA,cm3,132.6,NA,NA,2.6,change,SD,9.6,NA,table,NA,Tables 1-2,falk,2026-09-04,high,FALSE,laterality_unstated,"baseline SD 20.7 cm3; paper prints percentage change only, so follow-up volume is left NA rather than back-calculated"
belavy2017__ctrl__gastrocnemius_lateralis__recovery_270,belavy2017,medes_ltbr90,"Long Term Bed Rest (LTBR), MEDES Toulouse",NA,Belavy,2017,10.1136/bmjsem-2016-000196,belavýdl2017_scopus_01130.xml,HDBR_-6,-6,90,recovery,270,180,analogue,ctrl,control,none,NA,16,16,M,NA,32.5,3.4,NA,NA,healthy_young,NA,70.3,yes,gastrocnemius_lateralis,NA,FALSE,NA,NA,NA,volume,MRI,cm3,132.6,NA,cm3,132.6,NA,NA,1.1,change,SD,10.1,NA,table,NA,Tables 1-2,falk,2026-09-04,high,FALSE,laterality_unstated,"baseline SD 20.7 cm3; paper prints percentage change only, so follow-up volume is left NA rather than back-calculated"
belavy2017__ctrl__gastrocnemius_lateralis__recovery_450,belavy2017,medes_ltbr90,"Long Term Bed Rest (LTBR), MEDES Toulouse",NA,Belavy,2017,10.1136/bmjsem-2016-000196,belavýdl2017_scopus_01130.xml,HDBR_-6,-6,90,recovery,450,360,analogue,ctrl,control,none,NA,16,16,M,NA,32.5,3.4,NA,NA,healthy_young,NA,70.3,yes,gastrocnemius_lateralis,NA,FALSE,NA,NA,NA,volume,MRI,cm3,132.6,NA,cm3,132.6,NA,NA,3.0,change,SD,10.5,NA,table,NA,Tables 1-2,falk,2026-09-04,high,FALSE,laterality_unstated,"baseline SD 20.7 cm3; paper prints percentage change only, so follow-up volume is left NA rather than back-calculated"
belavy2017__fly__gastrocnemius_lateralis__bed_rest_28,belavy2017,medes_ltbr90,"Long Term Bed Rest (LTBR), MEDES Toulouse",NA,Belavy,2017,10.1136/bmjsem-2016-000196,belavýdl2017_scopus_01130.xml,HDBR_-6,-6,90,bed_rest,28,NA,analogue,fly,countermeasure,flywheel,high-intensity concentric-eccentric flywheel resistance exercise every third day,9,9,M,NA,31.0,5.5,NA,NA,healthy_young,NA,70.9,yes,gastrocnemius_lateralis,NA,FALSE,NA,NA,NA,volume,MRI,cm3,140.2,NA,cm3,140.2,NA,NA,-4.0,change,SD,8.4,NA,table,NA,Tables 1-2,falk,2026-09-04,high,FALSE,laterality_unstated,"baseline SD 15.2 cm3; paper prints percentage change only, so follow-up volume is left NA rather than back-calculated"
belavy2017__fly__gastrocnemius_lateralis__bed_rest_89,belavy2017,medes_ltbr90,"Long Term Bed Rest (LTBR), MEDES Toulouse",NA,Belavy,2017,10.1136/bmjsem-2016-000196,belavýdl2017_scopus_01130.xml,HDBR_-6,-6,90,bed_rest,89,NA,analogue,fly,countermeasure,flywheel,high-intensity concentric-eccentric flywheel resistance exercise every third day,9,9,M,NA,31.0,5.5,NA,NA,healthy_young,NA,70.9,yes,gastrocnemius_lateralis,NA,FALSE,NA,NA,NA,volume,MRI,cm3,140.2,NA,cm3,140.2,NA,NA,-12.8,change,SD,10.7,NA,table,NA,Tables 1-2,falk,2026-09-04,high,FALSE,laterality_unstated,"baseline SD 15.2 cm3; paper prints percentage change only, so follow-up volume is left NA rather than back-calculated"
belavy2017__fly__gastrocnemius_lateralis__recovery_103,belavy2017,medes_ltbr90,"Long Term Bed Rest (LTBR), MEDES Toulouse",NA,Belavy,2017,10.1136/bmjsem-2016-000196,belavýdl2017_scopus_01130.xml,HDBR_-6,-6,90,recovery,103,13,analogue,fly,countermeasure,flywheel,high-intensity concentric-eccentric flywheel resistance exercise every third day,9,9,M,NA,31.0,5.5,NA,NA,healthy_young,NA,70.9,yes,gastrocnemius_lateralis,NA,FALSE,NA,NA,NA,volume,MRI,cm3,140.2,NA,cm3,140.2,NA,NA,-7.5,change,SD,9.8,NA,table,NA,Tables 1-2,falk,2026-09-04,high,FALSE,laterality_unstated,"baseline SD 15.2 cm3; paper prints percentage change only, so follow-up volume is left NA rather than back-calculated"
belavy2017__fly__gastrocnemius_lateralis__recovery_180,belavy2017,medes_ltbr90,"Long Term Bed Rest (LTBR), MEDES Toulouse",NA,Belavy,2017,10.1136/bmjsem-2016-000196,belavýdl2017_scopus_01130.xml,HDBR_-6,-6,90,recovery,180,90,analogue,fly,countermeasure,flywheel,high-intensity concentric-eccentric flywheel resistance exercise every third day,9,9,M,NA,31.0,5.5,NA,NA,healthy_young,NA,70.9,yes,gastrocnemius_lateralis,NA,FALSE,NA,NA,NA,volume,MRI,cm3,140.2,NA,cm3,140.2,NA,NA,2.3,change,SD,8.4,NA,table,NA,Tables 1-2,falk,2026-09-04,high,FALSE,laterality_unstated,"baseline SD 15.2 cm3; paper prints percentage change only, so follow-up volume is left NA rather than back-calculated"
belavy2017__fly__gastrocnemius_lateralis__recovery_270,belavy2017,medes_ltbr90,"Long Term Bed Rest (LTBR), MEDES Toulouse",NA,Belavy,2017,10.1136/bmjsem-2016-000196,belavýdl2017_scopus_01130.xml,HDBR_-6,-6,90,recovery,270,180,analogue,fly,countermeasure,flywheel,high-intensity concentric-eccentric flywheel resistance exercise every third day,9,9,M,NA,31.0,5.5,NA,NA,healthy_young,NA,70.9,yes,gastrocnemius_lateralis,NA,FALSE,NA,NA,NA,volume,MRI,cm3,140.2,NA,cm3,140.2,NA,NA,-0.8,change,SD,7.0,NA,table,NA,Tables 1-2,falk,2026-09-04,high,FALSE,laterality_unstated,"baseline SD 15.2 cm3; paper prints percentage change only, so follow-up volume is left NA rather than back-calculated"
belavy2017__fly__gastrocnemius_lateralis__recovery_450,belavy2017,medes_ltbr90,"Long Term Bed Rest (LTBR), MEDES Toulouse",NA,Belavy,2017,10.1136/bmjsem-2016-000196,belavýdl2017_scopus_01130.xml,HDBR_-6,-6,90,recovery,450,360,analogue,fly,countermeasure,flywheel,high-intensity concentric-eccentric flywheel resistance exercise every third day,9,9,M,NA,31.0,5.5,NA,NA,healthy_young,NA,70.9,yes,gastrocnemius_lateralis,NA,FALSE,NA,NA,NA,volume,MRI,cm3,140.2,NA,cm3,140.2,NA,NA,-1.4,change,SD,8.2,NA,table,NA,Tables 1-2,falk,2026-09-04,high,FALSE,laterality_unstated,"baseline SD 15.2 cm3; paper prints percentage change only, so follow-up volume is left NA rather than back-calculated"
belavy2017__ctrl__gastrocnemius_medialis__bed_rest_28,belavy2017,medes_ltbr90,"Long Term Bed Rest (LTBR), MEDES Toulouse",NA,Belavy,2017,10.1136/bmjsem-2016-000196,belavýdl2017_scopus_01130.xml,HDBR_-6,-6,90,bed_rest,28,NA,analogue,ctrl,control,none,NA,16,16,M,NA,32.5,3.4,NA,NA,healthy_young,NA,70.3,yes,gastrocnemius_medialis,NA,FALSE,NA,NA,NA,volume,MRI,cm3,222.1,NA,cm3,222.1,NA,NA,-15.6,change,SD,7.6,NA,table,NA,Tables 1-2,falk,2026-09-04,high,FALSE,laterality_unstated,"baseline SD 40.6 cm3; paper prints percentage change only, so follow-up volume is left NA rather than back-calculated"
belavy2017__ctrl__gastrocnemius_medialis__bed_rest_89,belavy2017,medes_ltbr90,"Long Term Bed Rest (LTBR), MEDES Toulouse",NA,Belavy,2017,10.1136/bmjsem-2016-000196,belavýdl2017_scopus_01130.xml,HDBR_-6,-6,90,bed_rest,89,NA,analogue,ctrl,control,none,NA,16,16,M,NA,32.5,3.4,NA,NA,healthy_young,NA,70.3,yes,gastrocnemius_medialis,NA,FALSE,NA,NA,NA,volume,MRI,cm3,222.1,NA,cm3,222.1,NA,NA,-28.0,change,SD,12.3,NA,table,NA,Tables 1-2,falk,2026-09-04,high,FALSE,laterality_unstated,"baseline SD 40.6 cm3; paper prints percentage change only, so follow-up volume is left NA rather than back-calculated"
belavy2017__ctrl__gastrocnemius_medialis__recovery_103,belavy2017,medes_ltbr90,"Long Term Bed Rest (LTBR), MEDES Toulouse",NA,Belavy,2017,10.1136/bmjsem-2016-000196,belavýdl2017_scopus_01130.xml,HDBR_-6,-6,90,recovery,103,13,analogue,ctrl,control,none,NA,16,16,M,NA,32.5,3.4,NA,NA,healthy_young,NA,70.3,yes,gastrocnemius_medialis,NA,FALSE,NA,NA,NA,volume,MRI,cm3,222.1,NA,cm3,222.1,NA,NA,-7.6,change,SD,8.4,NA,table,NA,Tables 1-2,falk,2026-09-04,high,FALSE,laterality_unstated,"baseline SD 40.6 cm3; paper prints percentage change only, so follow-up volume is left NA rather than back-calculated"
belavy2017__ctrl__gastrocnemius_medialis__recovery_180,belavy2017,medes_ltbr90,"Long Term Bed Rest (LTBR), MEDES Toulouse",NA,Belavy,2017,10.1136/bmjsem-2016-000196,belavýdl2017_scopus_01130.xml,HDBR_-6,-6,90,recovery,180,90,analogue,ctrl,control,none,NA,16,16,M,NA,32.5,3.4,NA,NA,healthy_young,NA,70.3,yes,gastrocnemius_medialis,NA,FALSE,NA,NA,NA,volume,MRI,cm3,222.1,NA,cm3,222.1,NA,NA,2.7,change,SD,6.4,NA,table,NA,Tables 1-2,falk,2026-09-04,high,FALSE,laterality_unstated,"baseline SD 40.6 cm3; paper prints percentage change only, so follow-up volume is left NA rather than back-calculated"
belavy2017__ctrl__gastrocnemius_medialis__recovery_270,belavy2017,medes_ltbr90,"Long Term Bed Rest (LTBR), MEDES Toulouse",NA,Belavy,2017,10.1136/bmjsem-2016-000196,belavýdl2017_scopus_01130.xml,HDBR_-6,-6,90,recovery,270,180,analogue,ctrl,control,none,NA,16,16,M,NA,32.5,3.4,NA,NA,healthy_young,NA,70.3,yes,gastrocnemius_medialis,NA,FALSE,NA,NA,NA,volume,MRI,cm3,222.1,NA,cm3,222.1,NA,NA,2.5,change,SD,4.8,NA,table,NA,Tables 1-2,falk,2026-09-04,high,FALSE,laterality_unstated,"baseline SD 40.6 cm3; paper prints percentage change only, so follow-up volume is left NA rather than back-calculated"
belavy2017__ctrl__gastrocnemius_medialis__recovery_450,belavy2017,medes_ltbr90,"Long Term Bed Rest (LTBR), MEDES Toulouse",NA,Belavy,2017,10.1136/bmjsem-2016-000196,belavýdl2017_scopus_01130.xml,HDBR_-6,-6,90,recovery,450,360,analogue,ctrl,control,none,NA,16,16,M,NA,32.5,3.4,NA,NA,healthy_young,NA,70.3,yes,gastrocnemius_medialis,NA,FALSE,NA,NA,NA,volume,MRI,cm3,222.1,NA,cm3,222.1,NA,NA,3.9,change,SD,6.0,NA,table,NA,Tables 1-2,falk,2026-09-04,high,FALSE,laterality_unstated,"baseline SD 40.6 cm3; paper prints percentage change only, so follow-up volume is left NA rather than back-calculated"
belavy2017__fly__gastrocnemius_medialis__bed_rest_28,belavy2017,medes_ltbr90,"Long Term Bed Rest (LTBR), MEDES Toulouse",NA,Belavy,2017,10.1136/bmjsem-2016-000196,belavýdl2017_scopus_01130.xml,HDBR_-6,-6,90,bed_rest,28,NA,analogue,fly,countermeasure,flywheel,high-intensity concentric-eccentric flywheel resistance exercise every third day,9,9,M,NA,31.0,5.5,NA,NA,healthy_young,NA,70.9,yes,gastrocnemius_medialis,NA,FALSE,NA,NA,NA,volume,MRI,cm3,235.2,NA,cm3,235.2,NA,NA,-5.6,change,SD,5.2,NA,table,NA,Tables 1-2,falk,2026-09-04,high,FALSE,laterality_unstated,"baseline SD 30.6 cm3; paper prints percentage change only, so follow-up volume is left NA rather than back-calculated"
belavy2017__fly__gastrocnemius_medialis__bed_rest_89,belavy2017,medes_ltbr90,"Long Term Bed Rest (LTBR), MEDES Toulouse",NA,Belavy,2017,10.1136/bmjsem-2016-000196,belavýdl2017_scopus_01130.xml,HDBR_-6,-6,90,bed_rest,89,NA,analogue,fly,countermeasure,flywheel,high-intensity concentric-eccentric flywheel resistance exercise every third day,9,9,M,NA,31.0,5.5,NA,NA,healthy_young,NA,70.9,yes,gastrocnemius_medialis,NA,FALSE,NA,NA,NA,volume,MRI,cm3,235.2,NA,cm3,235.2,NA,NA,-13.3,change,SD,7.3,NA,table,NA,Tables 1-2,falk,2026-09-04,high,FALSE,laterality_unstated,"baseline SD 30.6 cm3; paper prints percentage change only, so follow-up volume is left NA rather than back-calculated"
belavy2017__fly__gastrocnemius_medialis__recovery_103,belavy2017,medes_ltbr90,"Long Term Bed Rest (LTBR), MEDES Toulouse",NA,Belavy,2017,10.1136/bmjsem-2016-000196,belavýdl2017_scopus_01130.xml,HDBR_-6,-6,90,recovery,103,13,analogue,fly,countermeasure,flywheel,high-intensity concentric-eccentric flywheel resistance exercise every third day,9,9,M,NA,31.0,5.5,NA,NA,healthy_young,NA,70.9,yes,gastrocnemius_medialis,NA,FALSE,NA,NA,NA,volume,MRI,cm3,235.2,NA,cm3,235.2,NA,NA,-5.1,change,SD,6.6,NA,table,NA,Tables 1-2,falk,2026-09-04,high,FALSE,laterality_unstated,"baseline SD 30.6 cm3; paper prints percentage change only, so follow-up volume is left NA rather than back-calculated"
belavy2017__fly__gastrocnemius_medialis__recovery_180,belavy2017,medes_ltbr90,"Long Term Bed Rest (LTBR), MEDES Toulouse",NA,Belavy,2017,10.1136/bmjsem-2016-000196,belavýdl2017_scopus_01130.xml,HDBR_-6,-6,90,recovery,180,90,analogue,fly,countermeasure,flywheel,high-intensity concentric-eccentric flywheel resistance exercise every third day,9,9,M,NA,31.0,5.5,NA,NA,healthy_young,NA,70.9,yes,gastrocnemius_medialis,NA,FALSE,NA,NA,NA,volume,MRI,cm3,235.2,NA,cm3,235.2,NA,NA,1.7,change,SD,4.0,NA,table,NA,Tables 1-2,falk,2026-09-04,high,FALSE,laterality_unstated,"baseline SD 30.6 cm3; paper prints percentage change only, so follow-up volume is left NA rather than back-calculated"
belavy2017__fly__gastrocnemius_medialis__recovery_270,belavy2017,medes_ltbr90,"Long Term Bed Rest (LTBR), MEDES Toulouse",NA,Belavy,2017,10.1136/bmjsem-2016-000196,belavýdl2017_scopus_01130.xml,HDBR_-6,-6,90,recovery,270,180,analogue,fly,countermeasure,flywheel,high-intensity concentric-eccentric flywheel resistance exercise every third day,9,9,M,NA,31.0,5.5,NA,NA,healthy_young,NA,70.9,yes,gastrocnemius_medialis,NA,FALSE,NA,NA,NA,volume,MRI,cm3,235.2,NA,cm3,235.2,NA,NA,0.9,change,SD,3.2,NA,table,NA,Tables 1-2,falk,2026-09-04,high,FALSE,laterality_unstated,"baseline SD 30.6 cm3; paper prints percentage change only, so follow-up volume is left NA rather than back-calculated"
belavy2017__fly__gastrocnemius_medialis__recovery_450,belavy2017,medes_ltbr90,"Long Term Bed Rest (LTBR), MEDES Toulouse",NA,Belavy,2017,10.1136/bmjsem-2016-000196,belavýdl2017_scopus_01130.xml,HDBR_-6,-6,90,recovery,450,360,analogue,fly,countermeasure,flywheel,high-intensity concentric-eccentric flywheel resistance exercise every third day,9,9,M,NA,31.0,5.5,NA,NA,healthy_young,NA,70.9,yes,gastrocnemius_medialis,NA,FALSE,NA,NA,NA,volume,MRI,cm3,235.2,NA,cm3,235.2,NA,NA,0.0,change,SD,3.0,NA,table,NA,Tables 1-2,falk,2026-09-04,high,FALSE,laterality_unstated,"baseline SD 30.6 cm3; paper prints percentage change only, so follow-up volume is left NA rather than back-calculated"
belavy2017__ctrl__peroneals__bed_rest_28,belavy2017,medes_ltbr90,"Long Term Bed Rest (LTBR), MEDES Toulouse",NA,Belavy,2017,10.1136/bmjsem-2016-000196,belavýdl2017_scopus_01130.xml,HDBR_-6,-6,90,bed_rest,28,NA,analogue,ctrl,control,none,NA,16,16,M,NA,32.5,3.4,NA,NA,healthy_young,NA,70.3,yes,peroneals,NA,TRUE,NA,NA,NA,volume,MRI,cm3,136.9,NA,cm3,136.9,NA,NA,-12.1,change,SD,6.4,NA,table,NA,Tables 1-2,falk,2026-09-04,high,FALSE,laterality_unstated,"baseline SD 29.0 cm3; paper prints percentage change only, so follow-up volume is left NA rather than back-calculated"
belavy2017__ctrl__peroneals__bed_rest_89,belavy2017,medes_ltbr90,"Long Term Bed Rest (LTBR), MEDES Toulouse",NA,Belavy,2017,10.1136/bmjsem-2016-000196,belavýdl2017_scopus_01130.xml,HDBR_-6,-6,90,bed_rest,89,NA,analogue,ctrl,control,none,NA,16,16,M,NA,32.5,3.4,NA,NA,healthy_young,NA,70.3,yes,peroneals,NA,TRUE,NA,NA,NA,volume,MRI,cm3,136.9,NA,cm3,136.9,NA,NA,-22.5,change,SD,11.8,NA,table,NA,Tables 1-2,falk,2026-09-04,high,FALSE,laterality_unstated,"baseline SD 29.0 cm3; paper prints percentage change only, so follow-up volume is left NA rather than back-calculated"
belavy2017__ctrl__peroneals__recovery_103,belavy2017,medes_ltbr90,"Long Term Bed Rest (LTBR), MEDES Toulouse",NA,Belavy,2017,10.1136/bmjsem-2016-000196,belavýdl2017_scopus_01130.xml,HDBR_-6,-6,90,recovery,103,13,analogue,ctrl,control,none,NA,16,16,M,NA,32.5,3.4,NA,NA,healthy_young,NA,70.3,yes,peroneals,NA,TRUE,NA,NA,NA,volume,MRI,cm3,136.9,NA,cm3,136.9,NA,NA,-12.8,change,SD,7.7,NA,table,NA,Tables 1-2,falk,2026-09-04,high,FALSE,laterality_unstated,"baseline SD 29.0 cm3; paper prints percentage change only, so follow-up volume is left NA rather than back-calculated"
belavy2017__ctrl__peroneals__recovery_180,belavy2017,medes_ltbr90,"Long Term Bed Rest (LTBR), MEDES Toulouse",NA,Belavy,2017,10.1136/bmjsem-2016-000196,belavýdl2017_scopus_01130.xml,HDBR_-6,-6,90,recovery,180,90,analogue,ctrl,control,none,NA,16,16,M,NA,32.5,3.4,NA,NA,healthy_young,NA,70.3,yes,peroneals,NA,TRUE,NA,NA,NA,volume,MRI,cm3,136.9,NA,cm3,136.9,NA,NA,-0.1,change,SD,4.6,NA,table,NA,Tables 1-2,falk,2026-09-04,high,FALSE,laterality_unstated,"baseline SD 29.0 cm3; paper prints percentage change only, so follow-up volume is left NA rather than back-calculated"
belavy2017__ctrl__peroneals__recovery_270,belavy2017,medes_ltbr90,"Long Term Bed Rest (LTBR), MEDES Toulouse",NA,Belavy,2017,10.1136/bmjsem-2016-000196,belavýdl2017_scopus_01130.xml,HDBR_-6,-6,90,recovery,270,180,analogue,ctrl,control,none,NA,16,16,M,NA,32.5,3.4,NA,NA,healthy_young,NA,70.3,yes,peroneals,NA,TRUE,NA,NA,NA,volume,MRI,cm3,136.9,NA,cm3,136.9,NA,NA,0.7,change,SD,4.2,NA,table,NA,Tables 1-2,falk,2026-09-04,high,FALSE,laterality_unstated,"baseline SD 29.0 cm3; paper prints percentage change only, so follow-up volume is left NA rather than back-calculated"
belavy2017__ctrl__peroneals__recovery_450,belavy2017,medes_ltbr90,"Long Term Bed Rest (LTBR), MEDES Toulouse",NA,Belavy,2017,10.1136/bmjsem-2016-000196,belavýdl2017_scopus_01130.xml,HDBR_-6,-6,90,recovery,450,360,analogue,ctrl,control,none,NA,16,16,M,NA,32.5,3.4,NA,NA,healthy_young,NA,70.3,yes,peroneals,NA,TRUE,NA,NA,NA,volume,MRI,cm3,136.9,NA,cm3,136.9,NA,NA,1.6,change,SD,4.9,NA,table,NA,Tables 1-2,falk,2026-09-04,high,FALSE,laterality_unstated,"baseline SD 29.0 cm3; paper prints percentage change only, so follow-up volume is left NA rather than back-calculated"
belavy2017__fly__peroneals__bed_rest_28,belavy2017,medes_ltbr90,"Long Term Bed Rest (LTBR), MEDES Toulouse",NA,Belavy,2017,10.1136/bmjsem-2016-000196,belavýdl2017_scopus_01130.xml,HDBR_-6,-6,90,bed_rest,28,NA,analogue,fly,countermeasure,flywheel,high-intensity concentric-eccentric flywheel resistance exercise every third day,9,9,M,NA,31.0,5.5,NA,NA,healthy_young,NA,70.9,yes,peroneals,NA,TRUE,NA,NA,NA,volume,MRI,cm3,140.9,NA,cm3,140.9,NA,NA,-10.3,change,SD,4.7,NA,table,NA,Tables 1-2,falk,2026-09-04,high,FALSE,laterality_unstated,"baseline SD 29.2 cm3; paper prints percentage change only, so follow-up volume is left NA rather than back-calculated"
belavy2017__fly__peroneals__bed_rest_89,belavy2017,medes_ltbr90,"Long Term Bed Rest (LTBR), MEDES Toulouse",NA,Belavy,2017,10.1136/bmjsem-2016-000196,belavýdl2017_scopus_01130.xml,HDBR_-6,-6,90,bed_rest,89,NA,analogue,fly,countermeasure,flywheel,high-intensity concentric-eccentric flywheel resistance exercise every third day,9,9,M,NA,31.0,5.5,NA,NA,healthy_young,NA,70.9,yes,peroneals,NA,TRUE,NA,NA,NA,volume,MRI,cm3,140.9,NA,cm3,140.9,NA,NA,-18.4,change,SD,6.3,NA,table,NA,Tables 1-2,falk,2026-09-04,high,FALSE,laterality_unstated,"baseline SD 29.2 cm3; paper prints percentage change only, so follow-up volume is left NA rather than back-calculated"
belavy2017__fly__peroneals__recovery_103,belavy2017,medes_ltbr90,"Long Term Bed Rest (LTBR), MEDES Toulouse",NA,Belavy,2017,10.1136/bmjsem-2016-000196,belavýdl2017_scopus_01130.xml,HDBR_-6,-6,90,recovery,103,13,analogue,fly,countermeasure,flywheel,high-intensity concentric-eccentric flywheel resistance exercise every third day,9,9,M,NA,31.0,5.5,NA,NA,healthy_young,NA,70.9,yes,peroneals,NA,TRUE,NA,NA,NA,volume,MRI,cm3,140.9,NA,cm3,140.9,NA,NA,-9.0,change,SD,6.0,NA,table,NA,Tables 1-2,falk,2026-09-04,high,FALSE,laterality_unstated,"baseline SD 29.2 cm3; paper prints percentage change only, so follow-up volume is left NA rather than back-calculated"
belavy2017__fly__peroneals__recovery_180,belavy2017,medes_ltbr90,"Long Term Bed Rest (LTBR), MEDES Toulouse",NA,Belavy,2017,10.1136/bmjsem-2016-000196,belavýdl2017_scopus_01130.xml,HDBR_-6,-6,90,recovery,180,90,analogue,fly,countermeasure,flywheel,high-intensity concentric-eccentric flywheel resistance exercise every third day,9,9,M,NA,31.0,5.5,NA,NA,healthy_young,NA,70.9,yes,peroneals,NA,TRUE,NA,NA,NA,volume,MRI,cm3,140.9,NA,cm3,140.9,NA,NA,0.1,change,SD,6.7,NA,table,NA,Tables 1-2,falk,2026-09-04,high,FALSE,laterality_unstated,"baseline SD 29.2 cm3; paper prints percentage change only, so follow-up volume is left NA rather than back-calculated"
belavy2017__fly__peroneals__recovery_270,belavy2017,medes_ltbr90,"Long Term Bed Rest (LTBR), MEDES Toulouse",NA,Belavy,2017,10.1136/bmjsem-2016-000196,belavýdl2017_scopus_01130.xml,HDBR_-6,-6,90,recovery,270,180,analogue,fly,countermeasure,flywheel,high-intensity concentric-eccentric flywheel resistance exercise every third day,9,9,M,NA,31.0,5.5,NA,NA,healthy_young,NA,70.9,yes,peroneals,NA,TRUE,NA,NA,NA,volume,MRI,cm3,140.9,NA,cm3,140.9,NA,NA,-2.0,change,SD,8.1,NA,table,NA,Tables 1-2,falk,2026-09-04,high,FALSE,laterality_unstated,"baseline SD 29.2 cm3; paper prints percentage change only, so follow-up volume is left NA rather than back-calculated"
belavy2017__fly__peroneals__recovery_450,belavy2017,medes_ltbr90,"Long Term Bed Rest (LTBR), MEDES Toulouse",NA,Belavy,2017,10.1136/bmjsem-2016-000196,belavýdl2017_scopus_01130.xml,HDBR_-6,-6,90,recovery,450,360,analogue,fly,countermeasure,flywheel,high-intensity concentric-eccentric flywheel resistance exercise every third day,9,9,M,NA,31.0,5.5,NA,NA,healthy_young,NA,70.9,yes,peroneals,NA,TRUE,NA,NA,NA,volume,MRI,cm3,140.9,NA,cm3,140.9,NA,NA,-0.5,change,SD,7.9,NA,table,NA,Tables 1-2,falk,2026-09-04,high,FALSE,laterality_unstated,"baseline SD 29.2 cm3; paper prints percentage change only, so follow-up volume is left NA rather than back-calculated"
belavy2017__ctrl__soleus__bed_rest_28,belavy2017,medes_ltbr90,"Long Term Bed Rest (LTBR), MEDES Toulouse",NA,Belavy,2017,10.1136/bmjsem-2016-000196,belavýdl2017_scopus_01130.xml,HDBR_-6,-6,90,bed_rest,28,NA,analogue,ctrl,control,none,NA,16,16,M,NA,32.5,3.4,NA,NA,healthy_young,NA,70.3,yes,soleus,NA,FALSE,NA,NA,NA,volume,MRI,cm3,449.4,NA,cm3,449.4,NA,NA,-15.6,change,SD,6.1,NA,table,NA,Tables 1-2,falk,2026-09-04,high,FALSE,laterality_unstated,"baseline SD 61.0 cm3; paper prints percentage change only, so follow-up volume is left NA rather than back-calculated"
belavy2017__ctrl__soleus__bed_rest_89,belavy2017,medes_ltbr90,"Long Term Bed Rest (LTBR), MEDES Toulouse",NA,Belavy,2017,10.1136/bmjsem-2016-000196,belavýdl2017_scopus_01130.xml,HDBR_-6,-6,90,bed_rest,89,NA,analogue,ctrl,control,none,NA,16,16,M,NA,32.5,3.4,NA,NA,healthy_young,NA,70.3,yes,soleus,NA,FALSE,NA,NA,NA,volume,MRI,cm3,449.4,NA,cm3,449.4,NA,NA,-28.6,change,SD,8.5,NA,table,NA,Tables 1-2,falk,2026-09-04,high,FALSE,laterality_unstated,"baseline SD 61.0 cm3; paper prints percentage change only, so follow-up volume is left NA rather than back-calculated"
belavy2017__ctrl__soleus__recovery_103,belavy2017,medes_ltbr90,"Long Term Bed Rest (LTBR), MEDES Toulouse",NA,Belavy,2017,10.1136/bmjsem-2016-000196,belavýdl2017_scopus_01130.xml,HDBR_-6,-6,90,recovery,103,13,analogue,ctrl,control,none,NA,16,16,M,NA,32.5,3.4,NA,NA,healthy_young,NA,70.3,yes,soleus,NA,FALSE,NA,NA,NA,volume,MRI,cm3,449.4,NA,cm3,449.4,NA,NA,-5.5,change,SD,6.1,NA,table,NA,Tables 1-2,falk,2026-09-04,high,FALSE,laterality_unstated,"baseline SD 61.0 cm3; paper prints percentage change only, so follow-up volume is left NA rather than back-calculated"
belavy2017__ctrl__soleus__recovery_180,belavy2017,medes_ltbr90,"Long Term Bed Rest (LTBR), MEDES Toulouse",NA,Belavy,2017,10.1136/bmjsem-2016-000196,belavýdl2017_scopus_01130.xml,HDBR_-6,-6,90,recovery,180,90,analogue,ctrl,control,none,NA,16,16,M,NA,32.5,3.4,NA,NA,healthy_young,NA,70.3,yes,soleus,NA,FALSE,NA,NA,NA,volume,MRI,cm3,449.4,NA,cm3,449.4,NA,NA,2.4,change,SD,4.6,NA,table,NA,Tables 1-2,falk,2026-09-04,high,FALSE,laterality_unstated,"baseline SD 61.0 cm3; paper prints percentage change only, so follow-up volume is left NA rather than back-calculated"
belavy2017__ctrl__soleus__recovery_270,belavy2017,medes_ltbr90,"Long Term Bed Rest (LTBR), MEDES Toulouse",NA,Belavy,2017,10.1136/bmjsem-2016-000196,belavýdl2017_scopus_01130.xml,HDBR_-6,-6,90,recovery,270,180,analogue,ctrl,control,none,NA,16,16,M,NA,32.5,3.4,NA,NA,healthy_young,NA,70.3,yes,soleus,NA,FALSE,NA,NA,NA,volume,MRI,cm3,449.4,NA,cm3,449.4,NA,NA,3.9,change,SD,3.2,NA,table,NA,Tables 1-2,falk,2026-09-04,high,FALSE,laterality_unstated,"baseline SD 61.0 cm3; paper prints percentage change only, so follow-up volume is left NA rather than back-calculated"
belavy2017__ctrl__soleus__recovery_450,belavy2017,medes_ltbr90,"Long Term Bed Rest (LTBR), MEDES Toulouse",NA,Belavy,2017,10.1136/bmjsem-2016-000196,belavýdl2017_scopus_01130.xml,HDBR_-6,-6,90,recovery,450,360,analogue,ctrl,control,none,NA,16,16,M,NA,32.5,3.4,NA,NA,healthy_young,NA,70.3,yes,soleus,NA,FALSE,NA,NA,NA,volume,MRI,cm3,449.4,NA,cm3,449.4,NA,NA,4.3,change,SD,5.0,NA,table,NA,Tables 1-2,falk,2026-09-04,high,FALSE,laterality_unstated,"baseline SD 61.0 cm3; paper prints percentage change only, so follow-up volume is left NA rather than back-calculated"
belavy2017__fly__soleus__bed_rest_28,belavy2017,medes_ltbr90,"Long Term Bed Rest (LTBR), MEDES Toulouse",NA,Belavy,2017,10.1136/bmjsem-2016-000196,belavýdl2017_scopus_01130.xml,HDBR_-6,-6,90,bed_rest,28,NA,analogue,fly,countermeasure,flywheel,high-intensity concentric-eccentric flywheel resistance exercise every third day,9,9,M,NA,31.0,5.5,NA,NA,healthy_young,NA,70.9,yes,soleus,NA,FALSE,NA,NA,NA,volume,MRI,cm3,496.4,NA,cm3,496.4,NA,NA,-10.6,change,SD,3.0,NA,table,NA,Tables 1-2,falk,2026-09-04,high,FALSE,laterality_unstated,"baseline SD 64.5 cm3; paper prints percentage change only, so follow-up volume is left NA rather than back-calculated"
belavy2017__fly__soleus__bed_rest_89,belavy2017,medes_ltbr90,"Long Term Bed Rest (LTBR), MEDES Toulouse",NA,Belavy,2017,10.1136/bmjsem-2016-000196,belavýdl2017_scopus_01130.xml,HDBR_-6,-6,90,bed_rest,89,NA,analogue,fly,countermeasure,flywheel,high-intensity concentric-eccentric flywheel resistance exercise every third day,9,9,M,NA,31.0,5.5,NA,NA,healthy_young,NA,70.9,yes,soleus,NA,FALSE,NA,NA,NA,volume,MRI,cm3,496.4,NA,cm3,496.4,NA,NA,-19.9,change,SD,4.5,NA,table,NA,Tables 1-2,falk,2026-09-04,high,FALSE,laterality_unstated,"baseline SD 64.5 cm3; paper prints percentage change only, so follow-up volume is left NA rather than back-calculated"
belavy2017__fly__soleus__recovery_103,belavy2017,medes_ltbr90,"Long Term Bed Rest (LTBR), MEDES Toulouse",NA,Belavy,2017,10.1136/bmjsem-2016-000196,belavýdl2017_scopus_01130.xml,HDBR_-6,-6,90,recovery,103,13,analogue,fly,countermeasure,flywheel,high-intensity concentric-eccentric flywheel resistance exercise every third day,9,9,M,NA,31.0,5.5,NA,NA,healthy_young,NA,70.9,yes,soleus,NA,FALSE,NA,NA,NA,volume,MRI,cm3,496.4,NA,cm3,496.4,NA,NA,-5.5,change,SD,4.7,NA,table,NA,Tables 1-2,falk,2026-09-04,high,FALSE,laterality_unstated,"baseline SD 64.5 cm3; paper prints percentage change only, so follow-up volume is left NA rather than back-calculated"
belavy2017__fly__soleus__recovery_180,belavy2017,medes_ltbr90,"Long Term Bed Rest (LTBR), MEDES Toulouse",NA,Belavy,2017,10.1136/bmjsem-2016-000196,belavýdl2017_scopus_01130.xml,HDBR_-6,-6,90,recovery,180,90,analogue,fly,countermeasure,flywheel,high-intensity concentric-eccentric flywheel resistance exercise every third day,9,9,M,NA,31.0,5.5,NA,NA,healthy_young,NA,70.9,yes,soleus,NA,FALSE,NA,NA,NA,volume,MRI,cm3,496.4,NA,cm3,496.4,NA,NA,1.3,change,SD,3.8,NA,table,NA,Tables 1-2,falk,2026-09-04,high,FALSE,laterality_unstated,"baseline SD 64.5 cm3; paper prints percentage change only, so follow-up volume is left NA rather than back-calculated"
belavy2017__fly__soleus__recovery_270,belavy2017,medes_ltbr90,"Long Term Bed Rest (LTBR), MEDES Toulouse",NA,Belavy,2017,10.1136/bmjsem-2016-000196,belavýdl2017_scopus_01130.xml,HDBR_-6,-6,90,recovery,270,180,analogue,fly,countermeasure,flywheel,high-intensity concentric-eccentric flywheel resistance exercise every third day,9,9,M,NA,31.0,5.5,NA,NA,healthy_young,NA,70.9,yes,soleus,NA,FALSE,NA,NA,NA,volume,MRI,cm3,496.4,NA,cm3,496.4,NA,NA,0.7,change,SD,4.5,NA,table,NA,Tables 1-2,falk,2026-09-04,high,FALSE,laterality_unstated,"baseline SD 64.5 cm3; paper prints percentage change only, so follow-up volume is left NA rather than back-calculated"
belavy2017__fly__soleus__recovery_450,belavy2017,medes_ltbr90,"Long Term Bed Rest (LTBR), MEDES Toulouse",NA,Belavy,2017,10.1136/bmjsem-2016-000196,belavýdl2017_scopus_01130.xml,HDBR_-6,-6,90,recovery,450,360,analogue,fly,countermeasure,flywheel,high-intensity concentric-eccentric flywheel resistance exercise every third day,9,9,M,NA,31.0,5.5,NA,NA,healthy_young,NA,70.9,yes,soleus,NA,FALSE,NA,NA,NA,volume,MRI,cm3,496.4,NA,cm3,496.4,NA,NA,1.2,change,SD,3.5,NA,table,NA,Tables 1-2,falk,2026-09-04,high,FALSE,laterality_unstated,"baseline SD 64.5 cm3; paper prints percentage change only, so follow-up volume is left NA rather than back-calculated"
belavy2017__ctrl__vasti__bed_rest_28,belavy2017,medes_ltbr90,"Long Term Bed Rest (LTBR), MEDES Toulouse",NA,Belavy,2017,10.1136/bmjsem-2016-000196,belavýdl2017_scopus_01130.xml,HDBR_-6,-6,90,bed_rest,28,NA,analogue,ctrl,control,none,NA,16,16,M,NA,32.5,3.4,NA,NA,healthy_young,NA,70.3,yes,vasti,NA,TRUE,NA,NA,NA,volume,MRI,cm3,1688.8,NA,cm3,1688.8,NA,NA,-12.1,change,SD,6.0,NA,table,NA,Tables 1-2,falk,2026-09-04,high,FALSE,laterality_unstated,"baseline SD 203.7 cm3; paper prints percentage change only, so follow-up volume is left NA rather than back-calculated"
belavy2017__ctrl__vasti__bed_rest_89,belavy2017,medes_ltbr90,"Long Term Bed Rest (LTBR), MEDES Toulouse",NA,Belavy,2017,10.1136/bmjsem-2016-000196,belavýdl2017_scopus_01130.xml,HDBR_-6,-6,90,bed_rest,89,NA,analogue,ctrl,control,none,NA,16,16,M,NA,32.5,3.4,NA,NA,healthy_young,NA,70.3,yes,vasti,NA,TRUE,NA,NA,NA,volume,MRI,cm3,1688.8,NA,cm3,1688.8,NA,NA,-20.3,change,SD,7.3,NA,table,NA,Tables 1-2,falk,2026-09-04,high,FALSE,laterality_unstated,"baseline SD 203.7 cm3; paper prints percentage change only, so follow-up volume is left NA rather than back-calculated"
belavy2017__ctrl__vasti__recovery_103,belavy2017,medes_ltbr90,"Long Term Bed Rest (LTBR), MEDES Toulouse",NA,Belavy,2017,10.1136/bmjsem-2016-000196,belavýdl2017_scopus_01130.xml,HDBR_-6,-6,90,recovery,103,13,analogue,ctrl,control,none,NA,16,16,M,NA,32.5,3.4,NA,NA,healthy_young,NA,70.3,yes,vasti,NA,TRUE,NA,NA,NA,volume,MRI,cm3,1688.8,NA,cm3,1688.8,NA,NA,-10.1,change,SD,6.7,NA,table,NA,Tables 1-2,falk,2026-09-04,high,FALSE,laterality_unstated,"baseline SD 203.7 cm3; paper prints percentage change only, so follow-up volume is left NA rather than back-calculated"
belavy2017__ctrl__vasti__recovery_180,belavy2017,medes_ltbr90,"Long Term Bed Rest (LTBR), MEDES Toulouse",NA,Belavy,2017,10.1136/bmjsem-2016-000196,belavýdl2017_scopus_01130.xml,HDBR_-6,-6,90,recovery,180,90,analogue,ctrl,control,none,NA,16,16,M,NA,32.5,3.4,NA,NA,healthy_young,NA,70.3,yes,vasti,NA,TRUE,NA,NA,NA,volume,MRI,cm3,1688.8,NA,cm3,1688.8,NA,NA,0.9,change,SD,7.5,NA,table,NA,Tables 1-2,falk,2026-09-04,high,FALSE,laterality_unstated,"baseline SD 203.7 cm3; paper prints percentage change only, so follow-up volume is left NA rather than back-calculated"
belavy2017__ctrl__vasti__recovery_270,belavy2017,medes_ltbr90,"Long Term Bed Rest (LTBR), MEDES Toulouse",NA,Belavy,2017,10.1136/bmjsem-2016-000196,belavýdl2017_scopus_01130.xml,HDBR_-6,-6,90,recovery,270,180,analogue,ctrl,control,none,NA,16,16,M,NA,32.5,3.4,NA,NA,healthy_young,NA,70.3,yes,vasti,NA,TRUE,NA,NA,NA,volume,MRI,cm3,1688.8,NA,cm3,1688.8,NA,NA,1.5,change,SD,6.8,NA,table,NA,Tables 1-2,falk,2026-09-04,high,FALSE,laterality_unstated,"baseline SD 203.7 cm3; paper prints percentage change only, so follow-up volume is left NA rather than back-calculated"
belavy2017__ctrl__vasti__recovery_450,belavy2017,medes_ltbr90,"Long Term Bed Rest (LTBR), MEDES Toulouse",NA,Belavy,2017,10.1136/bmjsem-2016-000196,belavýdl2017_scopus_01130.xml,HDBR_-6,-6,90,recovery,450,360,analogue,ctrl,control,none,NA,16,16,M,NA,32.5,3.4,NA,NA,healthy_young,NA,70.3,yes,vasti,NA,TRUE,NA,NA,NA,volume,MRI,cm3,1688.8,NA,cm3,1688.8,NA,NA,3.1,change,SD,8.5,NA,table,NA,Tables 1-2,falk,2026-09-04,high,FALSE,laterality_unstated,"baseline SD 203.7 cm3; paper prints percentage change only, so follow-up volume is left NA rather than back-calculated"
belavy2017__fly__vasti__bed_rest_28,belavy2017,medes_ltbr90,"Long Term Bed Rest (LTBR), MEDES Toulouse",NA,Belavy,2017,10.1136/bmjsem-2016-000196,belavýdl2017_scopus_01130.xml,HDBR_-6,-6,90,bed_rest,28,NA,analogue,fly,countermeasure,flywheel,high-intensity concentric-eccentric flywheel resistance exercise every third day,9,9,M,NA,31.0,5.5,NA,NA,healthy_young,NA,70.9,yes,vasti,NA,TRUE,NA,NA,NA,volume,MRI,cm3,1670.2,NA,cm3,1670.2,NA,NA,-1.5,change,SD,4.3,NA,table,NA,Tables 1-2,falk,2026-09-04,high,FALSE,laterality_unstated,"baseline SD 115.0 cm3; paper prints percentage change only, so follow-up volume is left NA rather than back-calculated"
belavy2017__fly__vasti__bed_rest_89,belavy2017,medes_ltbr90,"Long Term Bed Rest (LTBR), MEDES Toulouse",NA,Belavy,2017,10.1136/bmjsem-2016-000196,belavýdl2017_scopus_01130.xml,HDBR_-6,-6,90,bed_rest,89,NA,analogue,fly,countermeasure,flywheel,high-intensity concentric-eccentric flywheel resistance exercise every third day,9,9,M,NA,31.0,5.5,NA,NA,healthy_young,NA,70.9,yes,vasti,NA,TRUE,NA,NA,NA,volume,MRI,cm3,1670.2,NA,cm3,1670.2,NA,NA,-3.8,change,SD,5.8,NA,table,NA,Tables 1-2,falk,2026-09-04,high,FALSE,laterality_unstated,"baseline SD 115.0 cm3; paper prints percentage change only, so follow-up volume is left NA rather than back-calculated"
belavy2017__fly__vasti__recovery_103,belavy2017,medes_ltbr90,"Long Term Bed Rest (LTBR), MEDES Toulouse",NA,Belavy,2017,10.1136/bmjsem-2016-000196,belavýdl2017_scopus_01130.xml,HDBR_-6,-6,90,recovery,103,13,analogue,fly,countermeasure,flywheel,high-intensity concentric-eccentric flywheel resistance exercise every third day,9,9,M,NA,31.0,5.5,NA,NA,healthy_young,NA,70.9,yes,vasti,NA,TRUE,NA,NA,NA,volume,MRI,cm3,1670.2,NA,cm3,1670.2,NA,NA,-0.5,change,SD,6.1,NA,table,NA,Tables 1-2,falk,2026-09-04,high,FALSE,laterality_unstated,"baseline SD 115.0 cm3; paper prints percentage change only, so follow-up volume is left NA rather than back-calculated"
belavy2017__fly__vasti__recovery_180,belavy2017,medes_ltbr90,"Long Term Bed Rest (LTBR), MEDES Toulouse",NA,Belavy,2017,10.1136/bmjsem-2016-000196,belavýdl2017_scopus_01130.xml,HDBR_-6,-6,90,recovery,180,90,analogue,fly,countermeasure,flywheel,high-intensity concentric-eccentric flywheel resistance exercise every third day,9,9,M,NA,31.0,5.5,NA,NA,healthy_young,NA,70.9,yes,vasti,NA,TRUE,NA,NA,NA,volume,MRI,cm3,1670.2,NA,cm3,1670.2,NA,NA,1.6,change,SD,2.1,NA,table,NA,Tables 1-2,falk,2026-09-04,high,FALSE,laterality_unstated,"baseline SD 115.0 cm3; paper prints percentage change only, so follow-up volume is left NA rather than back-calculated"
belavy2017__fly__vasti__recovery_270,belavy2017,medes_ltbr90,"Long Term Bed Rest (LTBR), MEDES Toulouse",NA,Belavy,2017,10.1136/bmjsem-2016-000196,belavýdl2017_scopus_01130.xml,HDBR_-6,-6,90,recovery,270,180,analogue,fly,countermeasure,flywheel,high-intensity concentric-eccentric flywheel resistance exercise every third day,9,9,M,NA,31.0,5.5,NA,NA,healthy_young,NA,70.9,yes,vasti,NA,TRUE,NA,NA,NA,volume,MRI,cm3,1670.2,NA,cm3,1670.2,NA,NA,1.0,change,SD,3.2,NA,table,NA,Tables 1-2,falk,2026-09-04,high,FALSE,laterality_unstated,"baseline SD 115.0 cm3; paper prints percentage change only, so follow-up volume is left NA rather than back-calculated"
belavy2017__fly__vasti__recovery_450,belavy2017,medes_ltbr90,"Long Term Bed Rest (LTBR), MEDES Toulouse",NA,Belavy,2017,10.1136/bmjsem-2016-000196,belavýdl2017_scopus_01130.xml,HDBR_-6,-6,90,recovery,450,360,analogue,fly,countermeasure,flywheel,high-intensity concentric-eccentric flywheel resistance exercise every third day,9,9,M,NA,31.0,5.5,NA,NA,healthy_young,NA,70.9,yes,vasti,NA,TRUE,NA,NA,NA,volume,MRI,cm3,1670.2,NA,cm3,1670.2,NA,NA,-0.5,change,SD,2.4,NA,table,NA,Tables 1-2,falk,2026-09-04,high,FALSE,laterality_unstated,"baseline SD 115.0 cm3; paper prints percentage change only, so follow-up volume is left NA rather than back-calculated"
belavy2017__ctrl__rectus_femoris__bed_rest_28,belavy2017,medes_ltbr90,"Long Term Bed Rest (LTBR), MEDES Toulouse",NA,Belavy,2017,10.1136/bmjsem-2016-000196,belavýdl2017_scopus_01130.xml,HDBR_-6,-6,90,bed_rest,28,NA,analogue,ctrl,control,none,NA,16,16,M,NA,32.5,3.4,NA,NA,healthy_young,NA,70.3,yes,rectus_femoris,NA,FALSE,NA,NA,NA,volume,MRI,cm3,259.3,NA,cm3,259.3,NA,NA,-3.6,change,SD,5.3,NA,table,NA,Tables 1-2,falk,2026-09-04,high,FALSE,laterality_unstated,"baseline SD 33.0 cm3; paper prints percentage change only, so follow-up volume is left NA rather than back-calculated"
belavy2017__ctrl__rectus_femoris__bed_rest_89,belavy2017,medes_ltbr90,"Long Term Bed Rest (LTBR), MEDES Toulouse",NA,Belavy,2017,10.1136/bmjsem-2016-000196,belavýdl2017_scopus_01130.xml,HDBR_-6,-6,90,bed_rest,89,NA,analogue,ctrl,control,none,NA,16,16,M,NA,32.5,3.4,NA,NA,healthy_young,NA,70.3,yes,rectus_femoris,NA,FALSE,NA,NA,NA,volume,MRI,cm3,259.3,NA,cm3,259.3,NA,NA,-7.9,change,SD,6.2,NA,table,NA,Tables 1-2,falk,2026-09-04,high,FALSE,laterality_unstated,"baseline SD 33.0 cm3; paper prints percentage change only, so follow-up volume is left NA rather than back-calculated"
belavy2017__ctrl__rectus_femoris__recovery_103,belavy2017,medes_ltbr90,"Long Term Bed Rest (LTBR), MEDES Toulouse",NA,Belavy,2017,10.1136/bmjsem-2016-000196,belavýdl2017_scopus_01130.xml,HDBR_-6,-6,90,recovery,103,13,analogue,ctrl,control,none,NA,16,16,M,NA,32.5,3.4,NA,NA,healthy_young,NA,70.3,yes,rectus_femoris,NA,FALSE,NA,NA,NA,volume,MRI,cm3,259.3,NA,cm3,259.3,NA,NA,-4.2,change,SD,6.2,NA,table,NA,Tables 1-2,falk,2026-09-04,high,FALSE,laterality_unstated,"baseline SD 33.0 cm3; paper prints percentage change only, so follow-up volume is left NA rather than back-calculated"
belavy2017__ctrl__rectus_femoris__recovery_180,belavy2017,medes_ltbr90,"Long Term Bed Rest (LTBR), MEDES Toulouse",NA,Belavy,2017,10.1136/bmjsem-2016-000196,belavýdl2017_scopus_01130.xml,HDBR_-6,-6,90,recovery,180,90,analogue,ctrl,control,none,NA,16,16,M,NA,32.5,3.4,NA,NA,healthy_young,NA,70.3,yes,rectus_femoris,NA,FALSE,NA,NA,NA,volume,MRI,cm3,259.3,NA,cm3,259.3,NA,NA,-0.8,change,SD,6.0,NA,table,NA,Tables 1-2,falk,2026-09-04,high,FALSE,laterality_unstated,"baseline SD 33.0 cm3; paper prints percentage change only, so follow-up volume is left NA rather than back-calculated"
belavy2017__ctrl__rectus_femoris__recovery_270,belavy2017,medes_ltbr90,"Long Term Bed Rest (LTBR), MEDES Toulouse",NA,Belavy,2017,10.1136/bmjsem-2016-000196,belavýdl2017_scopus_01130.xml,HDBR_-6,-6,90,recovery,270,180,analogue,ctrl,control,none,NA,16,16,M,NA,32.5,3.4,NA,NA,healthy_young,NA,70.3,yes,rectus_femoris,NA,FALSE,NA,NA,NA,volume,MRI,cm3,259.3,NA,cm3,259.3,NA,NA,-0.1,change,SD,5.4,NA,table,NA,Tables 1-2,falk,2026-09-04,high,FALSE,laterality_unstated,"baseline SD 33.0 cm3; paper prints percentage change only, so follow-up volume is left NA rather than back-calculated"
belavy2017__ctrl__rectus_femoris__recovery_450,belavy2017,medes_ltbr90,"Long Term Bed Rest (LTBR), MEDES Toulouse",NA,Belavy,2017,10.1136/bmjsem-2016-000196,belavýdl2017_scopus_01130.xml,HDBR_-6,-6,90,recovery,450,360,analogue,ctrl,control,none,NA,16,16,M,NA,32.5,3.4,NA,NA,healthy_young,NA,70.3,yes,rectus_femoris,NA,FALSE,NA,NA,NA,volume,MRI,cm3,259.3,NA,cm3,259.3,NA,NA,1.0,change,SD,6.9,NA,table,NA,Tables 1-2,falk,2026-09-04,high,FALSE,laterality_unstated,"baseline SD 33.0 cm3; paper prints percentage change only, so follow-up volume is left NA rather than back-calculated"
belavy2017__fly__rectus_femoris__bed_rest_28,belavy2017,medes_ltbr90,"Long Term Bed Rest (LTBR), MEDES Toulouse",NA,Belavy,2017,10.1136/bmjsem-2016-000196,belavýdl2017_scopus_01130.xml,HDBR_-6,-6,90,bed_rest,28,NA,analogue,fly,countermeasure,flywheel,high-intensity concentric-eccentric flywheel resistance exercise every third day,9,9,M,NA,31.0,5.5,NA,NA,healthy_young,NA,70.9,yes,rectus_femoris,NA,FALSE,NA,NA,NA,volume,MRI,cm3,285.2,NA,cm3,285.2,NA,NA,-0.2,change,SD,3.5,NA,table,NA,Tables 1-2,falk,2026-09-04,high,FALSE,laterality_unstated,"baseline SD 37.3 cm3; paper prints percentage change only, so follow-up volume is left NA rather than back-calculated"
belavy2017__fly__rectus_femoris__bed_rest_89,belavy2017,medes_ltbr90,"Long Term Bed Rest (LTBR), MEDES Toulouse",NA,Belavy,2017,10.1136/bmjsem-2016-000196,belavýdl2017_scopus_01130.xml,HDBR_-6,-6,90,bed_rest,89,NA,analogue,fly,countermeasure,flywheel,high-intensity concentric-eccentric flywheel resistance exercise every third day,9,9,M,NA,31.0,5.5,NA,NA,healthy_young,NA,70.9,yes,rectus_femoris,NA,FALSE,NA,NA,NA,volume,MRI,cm3,285.2,NA,cm3,285.2,NA,NA,-2.7,change,SD,3.7,NA,table,NA,Tables 1-2,falk,2026-09-04,high,FALSE,laterality_unstated,"baseline SD 37.3 cm3; paper prints percentage change only, so follow-up volume is left NA rather than back-calculated"
belavy2017__fly__rectus_femoris__recovery_103,belavy2017,medes_ltbr90,"Long Term Bed Rest (LTBR), MEDES Toulouse",NA,Belavy,2017,10.1136/bmjsem-2016-000196,belavýdl2017_scopus_01130.xml,HDBR_-6,-6,90,recovery,103,13,analogue,fly,countermeasure,flywheel,high-intensity concentric-eccentric flywheel resistance exercise every third day,9,9,M,NA,31.0,5.5,NA,NA,healthy_young,NA,70.9,yes,rectus_femoris,NA,FALSE,NA,NA,NA,volume,MRI,cm3,285.2,NA,cm3,285.2,NA,NA,0.0,change,SD,3.9,NA,table,NA,Tables 1-2,falk,2026-09-04,high,FALSE,laterality_unstated,"baseline SD 37.3 cm3; paper prints percentage change only, so follow-up volume is left NA rather than back-calculated"
belavy2017__fly__rectus_femoris__recovery_180,belavy2017,medes_ltbr90,"Long Term Bed Rest (LTBR), MEDES Toulouse",NA,Belavy,2017,10.1136/bmjsem-2016-000196,belavýdl2017_scopus_01130.xml,HDBR_-6,-6,90,recovery,180,90,analogue,fly,countermeasure,flywheel,high-intensity concentric-eccentric flywheel resistance exercise every third day,9,9,M,NA,31.0,5.5,NA,NA,healthy_young,NA,70.9,yes,rectus_femoris,NA,FALSE,NA,NA,NA,volume,MRI,cm3,285.2,NA,cm3,285.2,NA,NA,0.0,change,SD,3.8,NA,table,NA,Tables 1-2,falk,2026-09-04,high,FALSE,laterality_unstated,"baseline SD 37.3 cm3; paper prints percentage change only, so follow-up volume is left NA rather than back-calculated"
belavy2017__fly__rectus_femoris__recovery_270,belavy2017,medes_ltbr90,"Long Term Bed Rest (LTBR), MEDES Toulouse",NA,Belavy,2017,10.1136/bmjsem-2016-000196,belavýdl2017_scopus_01130.xml,HDBR_-6,-6,90,recovery,270,180,analogue,fly,countermeasure,flywheel,high-intensity concentric-eccentric flywheel resistance exercise every third day,9,9,M,NA,31.0,5.5,NA,NA,healthy_young,NA,70.9,yes,rectus_femoris,NA,FALSE,NA,NA,NA,volume,MRI,cm3,285.2,NA,cm3,285.2,NA,NA,2.8,change,SD,10.4,NA,table,NA,Tables 1-2,falk,2026-09-04,high,FALSE,laterality_unstated,"baseline SD 37.3 cm3; paper prints percentage change only, so follow-up volume is left NA rather than back-calculated"
belavy2017__fly__rectus_femoris__recovery_450,belavy2017,medes_ltbr90,"Long Term Bed Rest (LTBR), MEDES Toulouse",NA,Belavy,2017,10.1136/bmjsem-2016-000196,belavýdl2017_scopus_01130.xml,HDBR_-6,-6,90,recovery,450,360,analogue,fly,countermeasure,flywheel,high-intensity concentric-eccentric flywheel resistance exercise every third day,9,9,M,NA,31.0,5.5,NA,NA,healthy_young,NA,70.9,yes,rectus_femoris,NA,FALSE,NA,NA,NA,volume,MRI,cm3,285.2,NA,cm3,285.2,NA,NA,0.7,change,SD,5.4,NA,table,NA,Tables 1-2,falk,2026-09-04,high,FALSE,laterality_unstated,"baseline SD 37.3 cm3; paper prints percentage change only, so follow-up volume is left NA rather than back-calculated"
belavy2017__ctrl__adductor_brevis__bed_rest_28,belavy2017,medes_ltbr90,"Long Term Bed Rest (LTBR), MEDES Toulouse",NA,Belavy,2017,10.1136/bmjsem-2016-000196,belavýdl2017_scopus_01130.xml,HDBR_-6,-6,90,bed_rest,28,NA,analogue,ctrl,control,none,NA,16,16,M,NA,32.5,3.4,NA,NA,healthy_young,NA,70.3,yes,adductor_brevis,NA,FALSE,NA,NA,NA,volume,MRI,cm3,164.1,NA,cm3,164.1,NA,NA,-1.0,change,SD,6.0,NA,table,NA,Tables 1-2,falk,2026-09-04,high,FALSE,laterality_unstated,"baseline SD 24.1 cm3; paper prints percentage change only, so follow-up volume is left NA rather than back-calculated"
belavy2017__ctrl__adductor_brevis__bed_rest_89,belavy2017,medes_ltbr90,"Long Term Bed Rest (LTBR), MEDES Toulouse",NA,Belavy,2017,10.1136/bmjsem-2016-000196,belavýdl2017_scopus_01130.xml,HDBR_-6,-6,90,bed_rest,89,NA,analogue,ctrl,control,none,NA,16,16,M,NA,32.5,3.4,NA,NA,healthy_young,NA,70.3,yes,adductor_brevis,NA,FALSE,NA,NA,NA,volume,MRI,cm3,164.1,NA,cm3,164.1,NA,NA,-2.5,change,SD,7.3,NA,table,NA,Tables 1-2,falk,2026-09-04,high,FALSE,laterality_unstated,"baseline SD 24.1 cm3; paper prints percentage change only, so follow-up volume is left NA rather than back-calculated"
belavy2017__ctrl__adductor_brevis__recovery_103,belavy2017,medes_ltbr90,"Long Term Bed Rest (LTBR), MEDES Toulouse",NA,Belavy,2017,10.1136/bmjsem-2016-000196,belavýdl2017_scopus_01130.xml,HDBR_-6,-6,90,recovery,103,13,analogue,ctrl,control,none,NA,16,16,M,NA,32.5,3.4,NA,NA,healthy_young,NA,70.3,yes,adductor_brevis,NA,FALSE,NA,NA,NA,volume,MRI,cm3,164.1,NA,cm3,164.1,NA,NA,-0.8,change,SD,8.5,NA,table,NA,Tables 1-2,falk,2026-09-04,high,FALSE,laterality_unstated,"baseline SD 24.1 cm3; paper prints percentage change only, so follow-up volume is left NA rather than back-calculated"
belavy2017__ctrl__adductor_brevis__recovery_180,belavy2017,medes_ltbr90,"Long Term Bed Rest (LTBR), MEDES Toulouse",NA,Belavy,2017,10.1136/bmjsem-2016-000196,belavýdl2017_scopus_01130.xml,HDBR_-6,-6,90,recovery,180,90,analogue,ctrl,control,none,NA,16,16,M,NA,32.5,3.4,NA,NA,healthy_young,NA,70.3,yes,adductor_brevis,NA,FALSE,NA,NA,NA,volume,MRI,cm3,164.1,NA,cm3,164.1,NA,NA,5.6,change,SD,8.9,NA,table,NA,Tables 1-2,falk,2026-09-04,high,FALSE,laterality_unstated,"baseline SD 24.1 cm3; paper prints percentage change only, so follow-up volume is left NA rather than back-calculated"
belavy2017__ctrl__adductor_brevis__recovery_270,belavy2017,medes_ltbr90,"Long Term Bed Rest (LTBR), MEDES Toulouse",NA,Belavy,2017,10.1136/bmjsem-2016-000196,belavýdl2017_scopus_01130.xml,HDBR_-6,-6,90,recovery,270,180,analogue,ctrl,control,none,NA,16,16,M,NA,32.5,3.4,NA,NA,healthy_young,NA,70.3,yes,adductor_brevis,NA,FALSE,NA,NA,NA,volume,MRI,cm3,164.1,NA,cm3,164.1,NA,NA,6.0,change,SD,7.1,NA,table,NA,Tables 1-2,falk,2026-09-04,high,FALSE,laterality_unstated,"baseline SD 24.1 cm3; paper prints percentage change only, so follow-up volume is left NA rather than back-calculated"
belavy2017__ctrl__adductor_brevis__recovery_450,belavy2017,medes_ltbr90,"Long Term Bed Rest (LTBR), MEDES Toulouse",NA,Belavy,2017,10.1136/bmjsem-2016-000196,belavýdl2017_scopus_01130.xml,HDBR_-6,-6,90,recovery,450,360,analogue,ctrl,control,none,NA,16,16,M,NA,32.5,3.4,NA,NA,healthy_young,NA,70.3,yes,adductor_brevis,NA,FALSE,NA,NA,NA,volume,MRI,cm3,164.1,NA,cm3,164.1,NA,NA,4.9,change,SD,7.5,NA,table,NA,Tables 1-2,falk,2026-09-04,high,FALSE,laterality_unstated,"baseline SD 24.1 cm3; paper prints percentage change only, so follow-up volume is left NA rather than back-calculated"
belavy2017__fly__adductor_brevis__bed_rest_28,belavy2017,medes_ltbr90,"Long Term Bed Rest (LTBR), MEDES Toulouse",NA,Belavy,2017,10.1136/bmjsem-2016-000196,belavýdl2017_scopus_01130.xml,HDBR_-6,-6,90,bed_rest,28,NA,analogue,fly,countermeasure,flywheel,high-intensity concentric-eccentric flywheel resistance exercise every third day,9,9,M,NA,31.0,5.5,NA,NA,healthy_young,NA,70.9,yes,adductor_brevis,NA,FALSE,NA,NA,NA,volume,MRI,cm3,186.7,NA,cm3,186.7,NA,NA,-8.2,change,SD,7.6,NA,table,NA,Tables 1-2,falk,2026-09-04,high,FALSE,laterality_unstated,"baseline SD 20.2 cm3; paper prints percentage change only, so follow-up volume is left NA rather than back-calculated"
belavy2017__fly__adductor_brevis__bed_rest_89,belavy2017,medes_ltbr90,"Long Term Bed Rest (LTBR), MEDES Toulouse",NA,Belavy,2017,10.1136/bmjsem-2016-000196,belavýdl2017_scopus_01130.xml,HDBR_-6,-6,90,bed_rest,89,NA,analogue,fly,countermeasure,flywheel,high-intensity concentric-eccentric flywheel resistance exercise every third day,9,9,M,NA,31.0,5.5,NA,NA,healthy_young,NA,70.9,yes,adductor_brevis,NA,FALSE,NA,NA,NA,volume,MRI,cm3,186.7,NA,cm3,186.7,NA,NA,-4.8,change,SD,6.8,NA,table,NA,Tables 1-2,falk,2026-09-04,high,FALSE,laterality_unstated,"baseline SD 20.2 cm3; paper prints percentage change only, so follow-up volume is left NA rather than back-calculated"
belavy2017__fly__adductor_brevis__recovery_103,belavy2017,medes_ltbr90,"Long Term Bed Rest (LTBR), MEDES Toulouse",NA,Belavy,2017,10.1136/bmjsem-2016-000196,belavýdl2017_scopus_01130.xml,HDBR_-6,-6,90,recovery,103,13,analogue,fly,countermeasure,flywheel,high-intensity concentric-eccentric flywheel resistance exercise every third day,9,9,M,NA,31.0,5.5,NA,NA,healthy_young,NA,70.9,yes,adductor_brevis,NA,FALSE,NA,NA,NA,volume,MRI,cm3,186.7,NA,cm3,186.7,NA,NA,-0.4,change,SD,6.0,NA,table,NA,Tables 1-2,falk,2026-09-04,high,FALSE,laterality_unstated,"baseline SD 20.2 cm3; paper prints percentage change only, so follow-up volume is left NA rather than back-calculated"
belavy2017__fly__adductor_brevis__recovery_180,belavy2017,medes_ltbr90,"Long Term Bed Rest (LTBR), MEDES Toulouse",NA,Belavy,2017,10.1136/bmjsem-2016-000196,belavýdl2017_scopus_01130.xml,HDBR_-6,-6,90,recovery,180,90,analogue,fly,countermeasure,flywheel,high-intensity concentric-eccentric flywheel resistance exercise every third day,9,9,M,NA,31.0,5.5,NA,NA,healthy_young,NA,70.9,yes,adductor_brevis,NA,FALSE,NA,NA,NA,volume,MRI,cm3,186.7,NA,cm3,186.7,NA,NA,-0.6,change,SD,5.2,NA,table,NA,Tables 1-2,falk,2026-09-04,high,FALSE,laterality_unstated,"baseline SD 20.2 cm3; paper prints percentage change only, so follow-up volume is left NA rather than back-calculated"
belavy2017__fly__adductor_brevis__recovery_270,belavy2017,medes_ltbr90,"Long Term Bed Rest (LTBR), MEDES Toulouse",NA,Belavy,2017,10.1136/bmjsem-2016-000196,belavýdl2017_scopus_01130.xml,HDBR_-6,-6,90,recovery,270,180,analogue,fly,countermeasure,flywheel,high-intensity concentric-eccentric flywheel resistance exercise every third day,9,9,M,NA,31.0,5.5,NA,NA,healthy_young,NA,70.9,yes,adductor_brevis,NA,FALSE,NA,NA,NA,volume,MRI,cm3,186.7,NA,cm3,186.7,NA,NA,0.5,change,SD,6.5,NA,table,NA,Tables 1-2,falk,2026-09-04,high,FALSE,laterality_unstated,"baseline SD 20.2 cm3; paper prints percentage change only, so follow-up volume is left NA rather than back-calculated"
belavy2017__fly__adductor_brevis__recovery_450,belavy2017,medes_ltbr90,"Long Term Bed Rest (LTBR), MEDES Toulouse",NA,Belavy,2017,10.1136/bmjsem-2016-000196,belavýdl2017_scopus_01130.xml,HDBR_-6,-6,90,recovery,450,360,analogue,fly,countermeasure,flywheel,high-intensity concentric-eccentric flywheel resistance exercise every third day,9,9,M,NA,31.0,5.5,NA,NA,healthy_young,NA,70.9,yes,adductor_brevis,NA,FALSE,NA,NA,NA,volume,MRI,cm3,186.7,NA,cm3,186.7,NA,NA,-2.4,change,SD,7.1,NA,table,NA,Tables 1-2,falk,2026-09-04,high,FALSE,laterality_unstated,"baseline SD 20.2 cm3; paper prints percentage change only, so follow-up volume is left NA rather than back-calculated"
belavy2017__ctrl__adductor_longus__bed_rest_28,belavy2017,medes_ltbr90,"Long Term Bed Rest (LTBR), MEDES Toulouse",NA,Belavy,2017,10.1136/bmjsem-2016-000196,belavýdl2017_scopus_01130.xml,HDBR_-6,-6,90,bed_rest,28,NA,analogue,ctrl,control,none,NA,16,16,M,NA,32.5,3.4,NA,NA,healthy_young,NA,70.3,yes,adductor_longus,NA,FALSE,NA,NA,NA,volume,MRI,cm3,159.0,NA,cm3,159.0,NA,NA,-0.7,change,SD,11.3,NA,table,NA,Tables 1-2,falk,2026-09-04,high,FALSE,laterality_unstated,"baseline SD 32.5 cm3; paper prints percentage change only, so follow-up volume is left NA rather than back-calculated"
belavy2017__ctrl__adductor_longus__bed_rest_89,belavy2017,medes_ltbr90,"Long Term Bed Rest (LTBR), MEDES Toulouse",NA,Belavy,2017,10.1136/bmjsem-2016-000196,belavýdl2017_scopus_01130.xml,HDBR_-6,-6,90,bed_rest,89,NA,analogue,ctrl,control,none,NA,16,16,M,NA,32.5,3.4,NA,NA,healthy_young,NA,70.3,yes,adductor_longus,NA,FALSE,NA,NA,NA,volume,MRI,cm3,159.0,NA,cm3,159.0,NA,NA,-7.1,change,SD,12.6,NA,table,NA,Tables 1-2,falk,2026-09-04,high,FALSE,laterality_unstated,"baseline SD 32.5 cm3; paper prints percentage change only, so follow-up volume is left NA rather than back-calculated"
belavy2017__ctrl__adductor_longus__recovery_103,belavy2017,medes_ltbr90,"Long Term Bed Rest (LTBR), MEDES Toulouse",NA,Belavy,2017,10.1136/bmjsem-2016-000196,belavýdl2017_scopus_01130.xml,HDBR_-6,-6,90,recovery,103,13,analogue,ctrl,control,none,NA,16,16,M,NA,32.5,3.4,NA,NA,healthy_young,NA,70.3,yes,adductor_longus,NA,FALSE,NA,NA,NA,volume,MRI,cm3,159.0,NA,cm3,159.0,NA,NA,-0.9,change,SD,14.0,NA,table,NA,Tables 1-2,falk,2026-09-04,high,FALSE,laterality_unstated,"baseline SD 32.5 cm3; paper prints percentage change only, so follow-up volume is left NA rather than back-calculated"
belavy2017__ctrl__adductor_longus__recovery_180,belavy2017,medes_ltbr90,"Long Term Bed Rest (LTBR), MEDES Toulouse",NA,Belavy,2017,10.1136/bmjsem-2016-000196,belavýdl2017_scopus_01130.xml,HDBR_-6,-6,90,recovery,180,90,analogue,ctrl,control,none,NA,16,16,M,NA,32.5,3.4,NA,NA,healthy_young,NA,70.3,yes,adductor_longus,NA,FALSE,NA,NA,NA,volume,MRI,cm3,159.0,NA,cm3,159.0,NA,NA,2.9,change,SD,9.3,NA,table,NA,Tables 1-2,falk,2026-09-04,high,FALSE,laterality_unstated,"baseline SD 32.5 cm3; paper prints percentage change only, so follow-up volume is left NA rather than back-calculated"
belavy2017__ctrl__adductor_longus__recovery_270,belavy2017,medes_ltbr90,"Long Term Bed Rest (LTBR), MEDES Toulouse",NA,Belavy,2017,10.1136/bmjsem-2016-000196,belavýdl2017_scopus_01130.xml,HDBR_-6,-6,90,recovery,270,180,analogue,ctrl,control,none,NA,16,16,M,NA,32.5,3.4,NA,NA,healthy_young,NA,70.3,yes,adductor_longus,NA,FALSE,NA,NA,NA,volume,MRI,cm3,159.0,NA,cm3,159.0,NA,NA,4.5,change,SD,10.7,NA,table,NA,Tables 1-2,falk,2026-09-04,high,FALSE,laterality_unstated,"baseline SD 32.5 cm3; paper prints percentage change only, so follow-up volume is left NA rather than back-calculated"
belavy2017__ctrl__adductor_longus__recovery_450,belavy2017,medes_ltbr90,"Long Term Bed Rest (LTBR), MEDES Toulouse",NA,Belavy,2017,10.1136/bmjsem-2016-000196,belavýdl2017_scopus_01130.xml,HDBR_-6,-6,90,recovery,450,360,analogue,ctrl,control,none,NA,16,16,M,NA,32.5,3.4,NA,NA,healthy_young,NA,70.3,yes,adductor_longus,NA,FALSE,NA,NA,NA,volume,MRI,cm3,159.0,NA,cm3,159.0,NA,NA,5.8,change,SD,12.7,NA,table,NA,Tables 1-2,falk,2026-09-04,high,FALSE,laterality_unstated,"baseline SD 32.5 cm3; paper prints percentage change only, so follow-up volume is left NA rather than back-calculated"
belavy2017__fly__adductor_longus__bed_rest_28,belavy2017,medes_ltbr90,"Long Term Bed Rest (LTBR), MEDES Toulouse",NA,Belavy,2017,10.1136/bmjsem-2016-000196,belavýdl2017_scopus_01130.xml,HDBR_-6,-6,90,bed_rest,28,NA,analogue,fly,countermeasure,flywheel,high-intensity concentric-eccentric flywheel resistance exercise every third day,9,9,M,NA,31.0,5.5,NA,NA,healthy_young,NA,70.9,yes,adductor_longus,NA,FALSE,NA,NA,NA,volume,MRI,cm3,175.8,NA,cm3,175.8,NA,NA,-1.4,change,SD,7.8,NA,table,NA,Tables 1-2,falk,2026-09-04,high,FALSE,laterality_unstated,"baseline SD 20.7 cm3; paper prints percentage change only, so follow-up volume is left NA rather than back-calculated"
belavy2017__fly__adductor_longus__bed_rest_89,belavy2017,medes_ltbr90,"Long Term Bed Rest (LTBR), MEDES Toulouse",NA,Belavy,2017,10.1136/bmjsem-2016-000196,belavýdl2017_scopus_01130.xml,HDBR_-6,-6,90,bed_rest,89,NA,analogue,fly,countermeasure,flywheel,high-intensity concentric-eccentric flywheel resistance exercise every third day,9,9,M,NA,31.0,5.5,NA,NA,healthy_young,NA,70.9,yes,adductor_longus,NA,FALSE,NA,NA,NA,volume,MRI,cm3,175.8,NA,cm3,175.8,NA,NA,-2.9,change,SD,9.1,NA,table,NA,Tables 1-2,falk,2026-09-04,high,FALSE,laterality_unstated,"baseline SD 20.7 cm3; paper prints percentage change only, so follow-up volume is left NA rather than back-calculated"
belavy2017__fly__adductor_longus__recovery_103,belavy2017,medes_ltbr90,"Long Term Bed Rest (LTBR), MEDES Toulouse",NA,Belavy,2017,10.1136/bmjsem-2016-000196,belavýdl2017_scopus_01130.xml,HDBR_-6,-6,90,recovery,103,13,analogue,fly,countermeasure,flywheel,high-intensity concentric-eccentric flywheel resistance exercise every third day,9,9,M,NA,31.0,5.5,NA,NA,healthy_young,NA,70.9,yes,adductor_longus,NA,FALSE,NA,NA,NA,volume,MRI,cm3,175.8,NA,cm3,175.8,NA,NA,-0.9,change,SD,9.7,NA,table,NA,Tables 1-2,falk,2026-09-04,high,FALSE,laterality_unstated,"baseline SD 20.7 cm3; paper prints percentage change only, so follow-up volume is left NA rather than back-calculated"
belavy2017__fly__adductor_longus__recovery_180,belavy2017,medes_ltbr90,"Long Term Bed Rest (LTBR), MEDES Toulouse",NA,Belavy,2017,10.1136/bmjsem-2016-000196,belavýdl2017_scopus_01130.xml,HDBR_-6,-6,90,recovery,180,90,analogue,fly,countermeasure,flywheel,high-intensity concentric-eccentric flywheel resistance exercise every third day,9,9,M,NA,31.0,5.5,NA,NA,healthy_young,NA,70.9,yes,adductor_longus,NA,FALSE,NA,NA,NA,volume,MRI,cm3,175.8,NA,cm3,175.8,NA,NA,3.2,change,SD,11.1,NA,table,NA,Tables 1-2,falk,2026-09-04,high,FALSE,laterality_unstated,"baseline SD 20.7 cm3; paper prints percentage change only, so follow-up volume is left NA rather than back-calculated"
belavy2017__fly__adductor_longus__recovery_270,belavy2017,medes_ltbr90,"Long Term Bed Rest (LTBR), MEDES Toulouse",NA,Belavy,2017,10.1136/bmjsem-2016-000196,belavýdl2017_scopus_01130.xml,HDBR_-6,-6,90,recovery,270,180,analogue,fly,countermeasure,flywheel,high-intensity concentric-eccentric flywheel resistance exercise every third day,9,9,M,NA,31.0,5.5,NA,NA,healthy_young,NA,70.9,yes,adductor_longus,NA,FALSE,NA,NA,NA,volume,MRI,cm3,175.8,NA,cm3,175.8,NA,NA,-0.6,change,SD,11.5,NA,table,NA,Tables 1-2,falk,2026-09-04,high,FALSE,laterality_unstated,"baseline SD 20.7 cm3; paper prints percentage change only, so follow-up volume is left NA rather than back-calculated"
belavy2017__fly__adductor_longus__recovery_450,belavy2017,medes_ltbr90,"Long Term Bed Rest (LTBR), MEDES Toulouse",NA,Belavy,2017,10.1136/bmjsem-2016-000196,belavýdl2017_scopus_01130.xml,HDBR_-6,-6,90,recovery,450,360,analogue,fly,countermeasure,flywheel,high-intensity concentric-eccentric flywheel resistance exercise every third day,9,9,M,NA,31.0,5.5,NA,NA,healthy_young,NA,70.9,yes,adductor_longus,NA,FALSE,NA,NA,NA,volume,MRI,cm3,175.8,NA,cm3,175.8,NA,NA,-1.3,change,SD,9.9,NA,table,NA,Tables 1-2,falk,2026-09-04,high,FALSE,laterality_unstated,"baseline SD 20.7 cm3; paper prints percentage change only, so follow-up volume is left NA rather than back-calculated"
belavy2017__ctrl__adductor_magnus__bed_rest_28,belavy2017,medes_ltbr90,"Long Term Bed Rest (LTBR), MEDES Toulouse",NA,Belavy,2017,10.1136/bmjsem-2016-000196,belavýdl2017_scopus_01130.xml,HDBR_-6,-6,90,bed_rest,28,NA,analogue,ctrl,control,none,NA,16,16,M,NA,32.5,3.4,NA,NA,healthy_young,NA,70.3,yes,adductor_magnus,NA,FALSE,NA,NA,NA,volume,MRI,cm3,585.8,NA,cm3,585.8,NA,NA,-7.8,change,SD,5.4,NA,table,NA,Tables 1-2,falk,2026-09-04,high,FALSE,laterality_unstated,"baseline SD 78.2 cm3; paper prints percentage change only, so follow-up volume is left NA rather than back-calculated"
belavy2017__ctrl__adductor_magnus__bed_rest_89,belavy2017,medes_ltbr90,"Long Term Bed Rest (LTBR), MEDES Toulouse",NA,Belavy,2017,10.1136/bmjsem-2016-000196,belavýdl2017_scopus_01130.xml,HDBR_-6,-6,90,bed_rest,89,NA,analogue,ctrl,control,none,NA,16,16,M,NA,32.5,3.4,NA,NA,healthy_young,NA,70.3,yes,adductor_magnus,NA,FALSE,NA,NA,NA,volume,MRI,cm3,585.8,NA,cm3,585.8,NA,NA,-13.0,change,SD,6.2,NA,table,NA,Tables 1-2,falk,2026-09-04,high,FALSE,laterality_unstated,"baseline SD 78.2 cm3; paper prints percentage change only, so follow-up volume is left NA rather than back-calculated"
belavy2017__ctrl__adductor_magnus__recovery_103,belavy2017,medes_ltbr90,"Long Term Bed Rest (LTBR), MEDES Toulouse",NA,Belavy,2017,10.1136/bmjsem-2016-000196,belavýdl2017_scopus_01130.xml,HDBR_-6,-6,90,recovery,103,13,analogue,ctrl,control,none,NA,16,16,M,NA,32.5,3.4,NA,NA,healthy_young,NA,70.3,yes,adductor_magnus,NA,FALSE,NA,NA,NA,volume,MRI,cm3,585.8,NA,cm3,585.8,NA,NA,-4.7,change,SD,4.9,NA,table,NA,Tables 1-2,falk,2026-09-04,high,FALSE,laterality_unstated,"baseline SD 78.2 cm3; paper prints percentage change only, so follow-up volume is left NA rather than back-calculated"
belavy2017__ctrl__adductor_magnus__recovery_180,belavy2017,medes_ltbr90,"Long Term Bed Rest (LTBR), MEDES Toulouse",NA,Belavy,2017,10.1136/bmjsem-2016-000196,belavýdl2017_scopus_01130.xml,HDBR_-6,-6,90,recovery,180,90,analogue,ctrl,control,none,NA,16,16,M,NA,32.5,3.4,NA,NA,healthy_young,NA,70.3,yes,adductor_magnus,NA,FALSE,NA,NA,NA,volume,MRI,cm3,585.8,NA,cm3,585.8,NA,NA,1.6,change,SD,5.6,NA,table,NA,Tables 1-2,falk,2026-09-04,high,FALSE,laterality_unstated,"baseline SD 78.2 cm3; paper prints percentage change only, so follow-up volume is left NA rather than back-calculated"
belavy2017__ctrl__adductor_magnus__recovery_270,belavy2017,medes_ltbr90,"Long Term Bed Rest (LTBR), MEDES Toulouse",NA,Belavy,2017,10.1136/bmjsem-2016-000196,belavýdl2017_scopus_01130.xml,HDBR_-6,-6,90,recovery,270,180,analogue,ctrl,control,none,NA,16,16,M,NA,32.5,3.4,NA,NA,healthy_young,NA,70.3,yes,adductor_magnus,NA,FALSE,NA,NA,NA,volume,MRI,cm3,585.8,NA,cm3,585.8,NA,NA,1.4,change,SD,5.2,NA,table,NA,Tables 1-2,falk,2026-09-04,high,FALSE,laterality_unstated,"baseline SD 78.2 cm3; paper prints percentage change only, so follow-up volume is left NA rather than back-calculated"
belavy2017__ctrl__adductor_magnus__recovery_450,belavy2017,medes_ltbr90,"Long Term Bed Rest (LTBR), MEDES Toulouse",NA,Belavy,2017,10.1136/bmjsem-2016-000196,belavýdl2017_scopus_01130.xml,HDBR_-6,-6,90,recovery,450,360,analogue,ctrl,control,none,NA,16,16,M,NA,32.5,3.4,NA,NA,healthy_young,NA,70.3,yes,adductor_magnus,NA,FALSE,NA,NA,NA,volume,MRI,cm3,585.8,NA,cm3,585.8,NA,NA,3.0,change,SD,5.6,NA,table,NA,Tables 1-2,falk,2026-09-04,high,FALSE,laterality_unstated,"baseline SD 78.2 cm3; paper prints percentage change only, so follow-up volume is left NA rather than back-calculated"
belavy2017__fly__adductor_magnus__bed_rest_28,belavy2017,medes_ltbr90,"Long Term Bed Rest (LTBR), MEDES Toulouse",NA,Belavy,2017,10.1136/bmjsem-2016-000196,belavýdl2017_scopus_01130.xml,HDBR_-6,-6,90,bed_rest,28,NA,analogue,fly,countermeasure,flywheel,high-intensity concentric-eccentric flywheel resistance exercise every third day,9,9,M,NA,31.0,5.5,NA,NA,healthy_young,NA,70.9,yes,adductor_magnus,NA,FALSE,NA,NA,NA,volume,MRI,cm3,586.6,NA,cm3,586.6,NA,NA,-3.0,change,SD,4.1,NA,table,NA,Tables 1-2,falk,2026-09-04,high,FALSE,laterality_unstated,"baseline SD 62.5 cm3; paper prints percentage change only, so follow-up volume is left NA rather than back-calculated"
belavy2017__fly__adductor_magnus__bed_rest_89,belavy2017,medes_ltbr90,"Long Term Bed Rest (LTBR), MEDES Toulouse",NA,Belavy,2017,10.1136/bmjsem-2016-000196,belavýdl2017_scopus_01130.xml,HDBR_-6,-6,90,bed_rest,89,NA,analogue,fly,countermeasure,flywheel,high-intensity concentric-eccentric flywheel resistance exercise every third day,9,9,M,NA,31.0,5.5,NA,NA,healthy_young,NA,70.9,yes,adductor_magnus,NA,FALSE,NA,NA,NA,volume,MRI,cm3,586.6,NA,cm3,586.6,NA,NA,-6.1,change,SD,3.8,NA,table,NA,Tables 1-2,falk,2026-09-04,high,FALSE,laterality_unstated,"baseline SD 62.5 cm3; paper prints percentage change only, so follow-up volume is left NA rather than back-calculated"
belavy2017__fly__adductor_magnus__recovery_103,belavy2017,medes_ltbr90,"Long Term Bed Rest (LTBR), MEDES Toulouse",NA,Belavy,2017,10.1136/bmjsem-2016-000196,belavýdl2017_scopus_01130.xml,HDBR_-6,-6,90,recovery,103,13,analogue,fly,countermeasure,flywheel,high-intensity concentric-eccentric flywheel resistance exercise every third day,9,9,M,NA,31.0,5.5,NA,NA,healthy_young,NA,70.9,yes,adductor_magnus,NA,FALSE,NA,NA,NA,volume,MRI,cm3,586.6,NA,cm3,586.6,NA,NA,-1.2,change,SD,3.9,NA,table,NA,Tables 1-2,falk,2026-09-04,high,FALSE,laterality_unstated,"baseline SD 62.5 cm3; paper prints percentage change only, so follow-up volume is left NA rather than back-calculated"
belavy2017__fly__adductor_magnus__recovery_180,belavy2017,medes_ltbr90,"Long Term Bed Rest (LTBR), MEDES Toulouse",NA,Belavy,2017,10.1136/bmjsem-2016-000196,belavýdl2017_scopus_01130.xml,HDBR_-6,-6,90,recovery,180,90,analogue,fly,countermeasure,flywheel,high-intensity concentric-eccentric flywheel resistance exercise every third day,9,9,M,NA,31.0,5.5,NA,NA,healthy_young,NA,70.9,yes,adductor_magnus,NA,FALSE,NA,NA,NA,volume,MRI,cm3,586.6,NA,cm3,586.6,NA,NA,2.2,change,SD,2.3,NA,table,NA,Tables 1-2,falk,2026-09-04,high,FALSE,laterality_unstated,"baseline SD 62.5 cm3; paper prints percentage change only, so follow-up volume is left NA rather than back-calculated"
belavy2017__fly__adductor_magnus__recovery_270,belavy2017,medes_ltbr90,"Long Term Bed Rest (LTBR), MEDES Toulouse",NA,Belavy,2017,10.1136/bmjsem-2016-000196,belavýdl2017_scopus_01130.xml,HDBR_-6,-6,90,recovery,270,180,analogue,fly,countermeasure,flywheel,high-intensity concentric-eccentric flywheel resistance exercise every third day,9,9,M,NA,31.0,5.5,NA,NA,healthy_young,NA,70.9,yes,adductor_magnus,NA,FALSE,NA,NA,NA,volume,MRI,cm3,586.6,NA,cm3,586.6,NA,NA,1.3,change,SD,4.3,NA,table,NA,Tables 1-2,falk,2026-09-04,high,FALSE,laterality_unstated,"baseline SD 62.5 cm3; paper prints percentage change only, so follow-up volume is left NA rather than back-calculated"
belavy2017__fly__adductor_magnus__recovery_450,belavy2017,medes_ltbr90,"Long Term Bed Rest (LTBR), MEDES Toulouse",NA,Belavy,2017,10.1136/bmjsem-2016-000196,belavýdl2017_scopus_01130.xml,HDBR_-6,-6,90,recovery,450,360,analogue,fly,countermeasure,flywheel,high-intensity concentric-eccentric flywheel resistance exercise every third day,9,9,M,NA,31.0,5.5,NA,NA,healthy_young,NA,70.9,yes,adductor_magnus,NA,FALSE,NA,NA,NA,volume,MRI,cm3,586.6,NA,cm3,586.6,NA,NA,-0.2,change,SD,3.8,NA,table,NA,Tables 1-2,falk,2026-09-04,high,FALSE,laterality_unstated,"baseline SD 62.5 cm3; paper prints percentage change only, so follow-up volume is left NA rather than back-calculated"
belavy2017__ctrl__gracilis__bed_rest_28,belavy2017,medes_ltbr90,"Long Term Bed Rest (LTBR), MEDES Toulouse",NA,Belavy,2017,10.1136/bmjsem-2016-000196,belavýdl2017_scopus_01130.xml,HDBR_-6,-6,90,bed_rest,28,NA,analogue,ctrl,control,none,NA,16,16,M,NA,32.5,3.4,NA,NA,healthy_young,NA,70.3,yes,gracilis,NA,FALSE,NA,NA,NA,volume,MRI,cm3,101.6,NA,cm3,101.6,NA,NA,0.2,change,SD,5.4,NA,table,NA,Tables 1-2,falk,2026-09-04,high,FALSE,laterality_unstated,"baseline SD 20.3 cm3; paper prints percentage change only, so follow-up volume is left NA rather than back-calculated"
belavy2017__ctrl__gracilis__bed_rest_89,belavy2017,medes_ltbr90,"Long Term Bed Rest (LTBR), MEDES Toulouse",NA,Belavy,2017,10.1136/bmjsem-2016-000196,belavýdl2017_scopus_01130.xml,HDBR_-6,-6,90,bed_rest,89,NA,analogue,ctrl,control,none,NA,16,16,M,NA,32.5,3.4,NA,NA,healthy_young,NA,70.3,yes,gracilis,NA,FALSE,NA,NA,NA,volume,MRI,cm3,101.6,NA,cm3,101.6,NA,NA,-2.6,change,SD,5.8,NA,table,NA,Tables 1-2,falk,2026-09-04,high,FALSE,laterality_unstated,"baseline SD 20.3 cm3; paper prints percentage change only, so follow-up volume is left NA rather than back-calculated"
belavy2017__ctrl__gracilis__recovery_103,belavy2017,medes_ltbr90,"Long Term Bed Rest (LTBR), MEDES Toulouse",NA,Belavy,2017,10.1136/bmjsem-2016-000196,belavýdl2017_scopus_01130.xml,HDBR_-6,-6,90,recovery,103,13,analogue,ctrl,control,none,NA,16,16,M,NA,32.5,3.4,NA,NA,healthy_young,NA,70.3,yes,gracilis,NA,FALSE,NA,NA,NA,volume,MRI,cm3,101.6,NA,cm3,101.6,NA,NA,1.0,change,SD,7.0,NA,table,NA,Tables 1-2,falk,2026-09-04,high,FALSE,laterality_unstated,"baseline SD 20.3 cm3; paper prints percentage change only, so follow-up volume is left NA rather than back-calculated"
belavy2017__ctrl__gracilis__recovery_180,belavy2017,medes_ltbr90,"Long Term Bed Rest (LTBR), MEDES Toulouse",NA,Belavy,2017,10.1136/bmjsem-2016-000196,belavýdl2017_scopus_01130.xml,HDBR_-6,-6,90,recovery,180,90,analogue,ctrl,control,none,NA,16,16,M,NA,32.5,3.4,NA,NA,healthy_young,NA,70.3,yes,gracilis,NA,FALSE,NA,NA,NA,volume,MRI,cm3,101.6,NA,cm3,101.6,NA,NA,3.5,change,SD,6.4,NA,table,NA,Tables 1-2,falk,2026-09-04,high,FALSE,laterality_unstated,"baseline SD 20.3 cm3; paper prints percentage change only, so follow-up volume is left NA rather than back-calculated"
belavy2017__ctrl__gracilis__recovery_270,belavy2017,medes_ltbr90,"Long Term Bed Rest (LTBR), MEDES Toulouse",NA,Belavy,2017,10.1136/bmjsem-2016-000196,belavýdl2017_scopus_01130.xml,HDBR_-6,-6,90,recovery,270,180,analogue,ctrl,control,none,NA,16,16,M,NA,32.5,3.4,NA,NA,healthy_young,NA,70.3,yes,gracilis,NA,FALSE,NA,NA,NA,volume,MRI,cm3,101.6,NA,cm3,101.6,NA,NA,3.3,change,SD,5.9,NA,table,NA,Tables 1-2,falk,2026-09-04,high,FALSE,laterality_unstated,"baseline SD 20.3 cm3; paper prints percentage change only, so follow-up volume is left NA rather than back-calculated"
belavy2017__ctrl__gracilis__recovery_450,belavy2017,medes_ltbr90,"Long Term Bed Rest (LTBR), MEDES Toulouse",NA,Belavy,2017,10.1136/bmjsem-2016-000196,belavýdl2017_scopus_01130.xml,HDBR_-6,-6,90,recovery,450,360,analogue,ctrl,control,none,NA,16,16,M,NA,32.5,3.4,NA,NA,healthy_young,NA,70.3,yes,gracilis,NA,FALSE,NA,NA,NA,volume,MRI,cm3,101.6,NA,cm3,101.6,NA,NA,6.2,change,SD,9.9,NA,table,NA,Tables 1-2,falk,2026-09-04,high,FALSE,laterality_unstated,"baseline SD 20.3 cm3; paper prints percentage change only, so follow-up volume is left NA rather than back-calculated"
belavy2017__fly__gracilis__bed_rest_28,belavy2017,medes_ltbr90,"Long Term Bed Rest (LTBR), MEDES Toulouse",NA,Belavy,2017,10.1136/bmjsem-2016-000196,belavýdl2017_scopus_01130.xml,HDBR_-6,-6,90,bed_rest,28,NA,analogue,fly,countermeasure,flywheel,high-intensity concentric-eccentric flywheel resistance exercise every third day,9,9,M,NA,31.0,5.5,NA,NA,healthy_young,NA,70.9,yes,gracilis,NA,FALSE,NA,NA,NA,volume,MRI,cm3,115.2,NA,cm3,115.2,NA,NA,-2.5,change,SD,5.0,NA,table,NA,Tables 1-2,falk,2026-09-04,high,FALSE,laterality_unstated,"baseline SD 27.1 cm3; paper prints percentage change only, so follow-up volume is left NA rather than back-calculated"
belavy2017__fly__gracilis__bed_rest_89,belavy2017,medes_ltbr90,"Long Term Bed Rest (LTBR), MEDES Toulouse",NA,Belavy,2017,10.1136/bmjsem-2016-000196,belavýdl2017_scopus_01130.xml,HDBR_-6,-6,90,bed_rest,89,NA,analogue,fly,countermeasure,flywheel,high-intensity concentric-eccentric flywheel resistance exercise every third day,9,9,M,NA,31.0,5.5,NA,NA,healthy_young,NA,70.9,yes,gracilis,NA,FALSE,NA,NA,NA,volume,MRI,cm3,115.2,NA,cm3,115.2,NA,NA,-6.8,change,SD,8.5,NA,table,NA,Tables 1-2,falk,2026-09-04,high,FALSE,laterality_unstated,"baseline SD 27.1 cm3; paper prints percentage change only, so follow-up volume is left NA rather than back-calculated"
belavy2017__fly__gracilis__recovery_103,belavy2017,medes_ltbr90,"Long Term Bed Rest (LTBR), MEDES Toulouse",NA,Belavy,2017,10.1136/bmjsem-2016-000196,belavýdl2017_scopus_01130.xml,HDBR_-6,-6,90,recovery,103,13,analogue,fly,countermeasure,flywheel,high-intensity concentric-eccentric flywheel resistance exercise every third day,9,9,M,NA,31.0,5.5,NA,NA,healthy_young,NA,70.9,yes,gracilis,NA,FALSE,NA,NA,NA,volume,MRI,cm3,115.2,NA,cm3,115.2,NA,NA,1.6,change,SD,7.4,NA,table,NA,Tables 1-2,falk,2026-09-04,high,FALSE,laterality_unstated,"baseline SD 27.1 cm3; paper prints percentage change only, so follow-up volume is left NA rather than back-calculated"
belavy2017__fly__gracilis__recovery_180,belavy2017,medes_ltbr90,"Long Term Bed Rest (LTBR), MEDES Toulouse",NA,Belavy,2017,10.1136/bmjsem-2016-000196,belavýdl2017_scopus_01130.xml,HDBR_-6,-6,90,recovery,180,90,analogue,fly,countermeasure,flywheel,high-intensity concentric-eccentric flywheel resistance exercise every third day,9,9,M,NA,31.0,5.5,NA,NA,healthy_young,NA,70.9,yes,gracilis,NA,FALSE,NA,NA,NA,volume,MRI,cm3,115.2,NA,cm3,115.2,NA,NA,3.9,change,SD,6.8,NA,table,NA,Tables 1-2,falk,2026-09-04,high,FALSE,laterality_unstated,"baseline SD 27.1 cm3; paper prints percentage change only, so follow-up volume is left NA rather than back-calculated"
belavy2017__fly__gracilis__recovery_270,belavy2017,medes_ltbr90,"Long Term Bed Rest (LTBR), MEDES Toulouse",NA,Belavy,2017,10.1136/bmjsem-2016-000196,belavýdl2017_scopus_01130.xml,HDBR_-6,-6,90,recovery,270,180,analogue,fly,countermeasure,flywheel,high-intensity concentric-eccentric flywheel resistance exercise every third day,9,9,M,NA,31.0,5.5,NA,NA,healthy_young,NA,70.9,yes,gracilis,NA,FALSE,NA,NA,NA,volume,MRI,cm3,115.2,NA,cm3,115.2,NA,NA,2.5,change,SD,6.1,NA,table,NA,Tables 1-2,falk,2026-09-04,high,FALSE,laterality_unstated,"baseline SD 27.1 cm3; paper prints percentage change only, so follow-up volume is left NA rather than back-calculated"
belavy2017__fly__gracilis__recovery_450,belavy2017,medes_ltbr90,"Long Term Bed Rest (LTBR), MEDES Toulouse",NA,Belavy,2017,10.1136/bmjsem-2016-000196,belavýdl2017_scopus_01130.xml,HDBR_-6,-6,90,recovery,450,360,analogue,fly,countermeasure,flywheel,high-intensity concentric-eccentric flywheel resistance exercise every third day,9,9,M,NA,31.0,5.5,NA,NA,healthy_young,NA,70.9,yes,gracilis,NA,FALSE,NA,NA,NA,volume,MRI,cm3,115.2,NA,cm3,115.2,NA,NA,0.2,change,SD,5.5,NA,table,NA,Tables 1-2,falk,2026-09-04,high,FALSE,laterality_unstated,"baseline SD 27.1 cm3; paper prints percentage change only, so follow-up volume is left NA rather than back-calculated"
belavy2017__ctrl__sartorius__bed_rest_28,belavy2017,medes_ltbr90,"Long Term Bed Rest (LTBR), MEDES Toulouse",NA,Belavy,2017,10.1136/bmjsem-2016-000196,belavýdl2017_scopus_01130.xml,HDBR_-6,-6,90,bed_rest,28,NA,analogue,ctrl,control,none,NA,16,16,M,NA,32.5,3.4,NA,NA,healthy_young,NA,70.3,yes,sartorius,NA,FALSE,NA,NA,NA,volume,MRI,cm3,162.3,NA,cm3,162.3,NA,NA,-5.9,change,SD,4.9,NA,table,NA,Tables 1-2,falk,2026-09-04,high,FALSE,laterality_unstated,"baseline SD 24.2 cm3; paper prints percentage change only, so follow-up volume is left NA rather than back-calculated"
belavy2017__ctrl__sartorius__bed_rest_89,belavy2017,medes_ltbr90,"Long Term Bed Rest (LTBR), MEDES Toulouse",NA,Belavy,2017,10.1136/bmjsem-2016-000196,belavýdl2017_scopus_01130.xml,HDBR_-6,-6,90,bed_rest,89,NA,analogue,ctrl,control,none,NA,16,16,M,NA,32.5,3.4,NA,NA,healthy_young,NA,70.3,yes,sartorius,NA,FALSE,NA,NA,NA,volume,MRI,cm3,162.3,NA,cm3,162.3,NA,NA,-9.4,change,SD,5.9,NA,table,NA,Tables 1-2,falk,2026-09-04,high,FALSE,laterality_unstated,"baseline SD 24.2 cm3; paper prints percentage change only, so follow-up volume is left NA rather than back-calculated"
belavy2017__ctrl__sartorius__recovery_103,belavy2017,medes_ltbr90,"Long Term Bed Rest (LTBR), MEDES Toulouse",NA,Belavy,2017,10.1136/bmjsem-2016-000196,belavýdl2017_scopus_01130.xml,HDBR_-6,-6,90,recovery,103,13,analogue,ctrl,control,none,NA,16,16,M,NA,32.5,3.4,NA,NA,healthy_young,NA,70.3,yes,sartorius,NA,FALSE,NA,NA,NA,volume,MRI,cm3,162.3,NA,cm3,162.3,NA,NA,-3.8,change,SD,5.8,NA,table,NA,Tables 1-2,falk,2026-09-04,high,FALSE,laterality_unstated,"baseline SD 24.2 cm3; paper prints percentage change only, so follow-up volume is left NA rather than back-calculated"
belavy2017__ctrl__sartorius__recovery_180,belavy2017,medes_ltbr90,"Long Term Bed Rest (LTBR), MEDES Toulouse",NA,Belavy,2017,10.1136/bmjsem-2016-000196,belavýdl2017_scopus_01130.xml,HDBR_-6,-6,90,recovery,180,90,analogue,ctrl,control,none,NA,16,16,M,NA,32.5,3.4,NA,NA,healthy_young,NA,70.3,yes,sartorius,NA,FALSE,NA,NA,NA,volume,MRI,cm3,162.3,NA,cm3,162.3,NA,NA,2.3,change,SD,6.5,NA,table,NA,Tables 1-2,falk,2026-09-04,high,FALSE,laterality_unstated,"baseline SD 24.2 cm3; paper prints percentage change only, so follow-up volume is left NA rather than back-calculated"
belavy2017__ctrl__sartorius__recovery_270,belavy2017,medes_ltbr90,"Long Term Bed Rest (LTBR), MEDES Toulouse",NA,Belavy,2017,10.1136/bmjsem-2016-000196,belavýdl2017_scopus_01130.xml,HDBR_-6,-6,90,recovery,270,180,analogue,ctrl,control,none,NA,16,16,M,NA,32.5,3.4,NA,NA,healthy_young,NA,70.3,yes,sartorius,NA,FALSE,NA,NA,NA,volume,MRI,cm3,162.3,NA,cm3,162.3,NA,NA,3.8,change,SD,5.3,NA,table,NA,Tables 1-2,falk,2026-09-04,high,FALSE,laterality_unstated,"baseline SD 24.2 cm3; paper prints percentage change only, so follow-up volume is left NA rather than back-calculated"
belavy2017__ctrl__sartorius__recovery_450,belavy2017,medes_ltbr90,"Long Term Bed Rest (LTBR), MEDES Toulouse",NA,Belavy,2017,10.1136/bmjsem-2016-000196,belavýdl2017_scopus_01130.xml,HDBR_-6,-6,90,recovery,450,360,analogue,ctrl,control,none,NA,16,16,M,NA,32.5,3.4,NA,NA,healthy_young,NA,70.3,yes,sartorius,NA,FALSE,NA,NA,NA,volume,MRI,cm3,162.3,NA,cm3,162.3,NA,NA,5.0,change,SD,6.3,NA,table,NA,Tables 1-2,falk,2026-09-04,high,FALSE,laterality_unstated,"baseline SD 24.2 cm3; paper prints percentage change only, so follow-up volume is left NA rather than back-calculated"
belavy2017__fly__sartorius__bed_rest_28,belavy2017,medes_ltbr90,"Long Term Bed Rest (LTBR), MEDES Toulouse",NA,Belavy,2017,10.1136/bmjsem-2016-000196,belavýdl2017_scopus_01130.xml,HDBR_-6,-6,90,bed_rest,28,NA,analogue,fly,countermeasure,flywheel,high-intensity concentric-eccentric flywheel resistance exercise every third day,9,9,M,NA,31.0,5.5,NA,NA,healthy_young,NA,70.9,yes,sartorius,NA,FALSE,NA,NA,NA,volume,MRI,cm3,172.8,NA,cm3,172.8,NA,NA,-4.3,change,SD,3.3,NA,table,NA,Tables 1-2,falk,2026-09-04,high,FALSE,laterality_unstated,"baseline SD 11.4 cm3; paper prints percentage change only, so follow-up volume is left NA rather than back-calculated"
belavy2017__fly__sartorius__bed_rest_89,belavy2017,medes_ltbr90,"Long Term Bed Rest (LTBR), MEDES Toulouse",NA,Belavy,2017,10.1136/bmjsem-2016-000196,belavýdl2017_scopus_01130.xml,HDBR_-6,-6,90,bed_rest,89,NA,analogue,fly,countermeasure,flywheel,high-intensity concentric-eccentric flywheel resistance exercise every third day,9,9,M,NA,31.0,5.5,NA,NA,healthy_young,NA,70.9,yes,sartorius,NA,FALSE,NA,NA,NA,volume,MRI,cm3,172.8,NA,cm3,172.8,NA,NA,-9.1,change,SD,4.9,NA,table,NA,Tables 1-2,falk,2026-09-04,high,FALSE,laterality_unstated,"baseline SD 11.4 cm3; paper prints percentage change only, so follow-up volume is left NA rather than back-calculated"
belavy2017__fly__sartorius__recovery_103,belavy2017,medes_ltbr90,"Long Term Bed Rest (LTBR), MEDES Toulouse",NA,Belavy,2017,10.1136/bmjsem-2016-000196,belavýdl2017_scopus_01130.xml,HDBR_-6,-6,90,recovery,103,13,analogue,fly,countermeasure,flywheel,high-intensity concentric-eccentric flywheel resistance exercise every third day,9,9,M,NA,31.0,5.5,NA,NA,healthy_young,NA,70.9,yes,sartorius,NA,FALSE,NA,NA,NA,volume,MRI,cm3,172.8,NA,cm3,172.8,NA,NA,-1.7,change,SD,5.4,NA,table,NA,Tables 1-2,falk,2026-09-04,high,FALSE,laterality_unstated,"baseline SD 11.4 cm3; paper prints percentage change only, so follow-up volume is left NA rather than back-calculated"
belavy2017__fly__sartorius__recovery_180,belavy2017,medes_ltbr90,"Long Term Bed Rest (LTBR), MEDES Toulouse",NA,Belavy,2017,10.1136/bmjsem-2016-000196,belavýdl2017_scopus_01130.xml,HDBR_-6,-6,90,recovery,180,90,analogue,fly,countermeasure,flywheel,high-intensity concentric-eccentric flywheel resistance exercise every third day,9,9,M,NA,31.0,5.5,NA,NA,healthy_young,NA,70.9,yes,sartorius,NA,FALSE,NA,NA,NA,volume,MRI,cm3,172.8,NA,cm3,172.8,NA,NA,0.8,change,SD,4.0,NA,table,NA,Tables 1-2,falk,2026-09-04,high,FALSE,laterality_unstated,"baseline SD 11.4 cm3; paper prints percentage change only, so follow-up volume is left NA rather than back-calculated"
belavy2017__fly__sartorius__recovery_270,belavy2017,medes_ltbr90,"Long Term Bed Rest (LTBR), MEDES Toulouse",NA,Belavy,2017,10.1136/bmjsem-2016-000196,belavýdl2017_scopus_01130.xml,HDBR_-6,-6,90,recovery,270,180,analogue,fly,countermeasure,flywheel,high-intensity concentric-eccentric flywheel resistance exercise every third day,9,9,M,NA,31.0,5.5,NA,NA,healthy_young,NA,70.9,yes,sartorius,NA,FALSE,NA,NA,NA,volume,MRI,cm3,172.8,NA,cm3,172.8,NA,NA,4.9,change,SD,7.0,NA,table,NA,Tables 1-2,falk,2026-09-04,high,FALSE,laterality_unstated,"baseline SD 11.4 cm3; paper prints percentage change only, so follow-up volume is left NA rather than back-calculated"
belavy2017__fly__sartorius__recovery_450,belavy2017,medes_ltbr90,"Long Term Bed Rest (LTBR), MEDES Toulouse",NA,Belavy,2017,10.1136/bmjsem-2016-000196,belavýdl2017_scopus_01130.xml,HDBR_-6,-6,90,recovery,450,360,analogue,fly,countermeasure,flywheel,high-intensity concentric-eccentric flywheel resistance exercise every third day,9,9,M,NA,31.0,5.5,NA,NA,healthy_young,NA,70.9,yes,sartorius,NA,FALSE,NA,NA,NA,volume,MRI,cm3,172.8,NA,cm3,172.8,NA,NA,0.5,change,SD,6.7,NA,table,NA,Tables 1-2,falk,2026-09-04,high,FALSE,laterality_unstated,"baseline SD 11.4 cm3; paper prints percentage change only, so follow-up volume is left NA rather than back-calculated"
belavy2017__ctrl__biceps_femoris_long_head__bed_rest_28,belavy2017,medes_ltbr90,"Long Term Bed Rest (LTBR), MEDES Toulouse",NA,Belavy,2017,10.1136/bmjsem-2016-000196,belavýdl2017_scopus_01130.xml,HDBR_-6,-6,90,bed_rest,28,NA,analogue,ctrl,control,none,NA,16,16,M,NA,32.5,3.4,NA,NA,healthy_young,NA,70.3,yes,biceps_femoris_long_head,NA,FALSE,NA,NA,NA,volume,MRI,cm3,190.2,NA,cm3,190.2,NA,NA,-10.5,change,SD,6.4,NA,table,NA,Tables 1-2,falk,2026-09-04,high,FALSE,laterality_unstated,"baseline SD 24.0 cm3; paper prints percentage change only, so follow-up volume is left NA rather than back-calculated"
belavy2017__ctrl__biceps_femoris_long_head__bed_rest_89,belavy2017,medes_ltbr90,"Long Term Bed Rest (LTBR), MEDES Toulouse",NA,Belavy,2017,10.1136/bmjsem-2016-000196,belavýdl2017_scopus_01130.xml,HDBR_-6,-6,90,bed_rest,89,NA,analogue,ctrl,control,none,NA,16,16,M,NA,32.5,3.4,NA,NA,healthy_young,NA,70.3,yes,biceps_femoris_long_head,NA,FALSE,NA,NA,NA,volume,MRI,cm3,190.2,NA,cm3,190.2,NA,NA,-20.0,change,SD,7.8,NA,table,NA,Tables 1-2,falk,2026-09-04,high,FALSE,laterality_unstated,"baseline SD 24.0 cm3; paper prints percentage change only, so follow-up volume is left NA rather than back-calculated"
belavy2017__ctrl__biceps_femoris_long_head__recovery_103,belavy2017,medes_ltbr90,"Long Term Bed Rest (LTBR), MEDES Toulouse",NA,Belavy,2017,10.1136/bmjsem-2016-000196,belavýdl2017_scopus_01130.xml,HDBR_-6,-6,90,recovery,103,13,analogue,ctrl,control,none,NA,16,16,M,NA,32.5,3.4,NA,NA,healthy_young,NA,70.3,yes,biceps_femoris_long_head,NA,FALSE,NA,NA,NA,volume,MRI,cm3,190.2,NA,cm3,190.2,NA,NA,-10.5,change,SD,7.0,NA,table,NA,Tables 1-2,falk,2026-09-04,high,FALSE,laterality_unstated,"baseline SD 24.0 cm3; paper prints percentage change only, so follow-up volume is left NA rather than back-calculated"
belavy2017__ctrl__biceps_femoris_long_head__recovery_180,belavy2017,medes_ltbr90,"Long Term Bed Rest (LTBR), MEDES Toulouse",NA,Belavy,2017,10.1136/bmjsem-2016-000196,belavýdl2017_scopus_01130.xml,HDBR_-6,-6,90,recovery,180,90,analogue,ctrl,control,none,NA,16,16,M,NA,32.5,3.4,NA,NA,healthy_young,NA,70.3,yes,biceps_femoris_long_head,NA,FALSE,NA,NA,NA,volume,MRI,cm3,190.2,NA,cm3,190.2,NA,NA,2.7,change,SD,6.9,NA,table,NA,Tables 1-2,falk,2026-09-04,high,FALSE,laterality_unstated,"baseline SD 24.0 cm3; paper prints percentage change only, so follow-up volume is left NA rather than back-calculated"
belavy2017__ctrl__biceps_femoris_long_head__recovery_270,belavy2017,medes_ltbr90,"Long Term Bed Rest (LTBR), MEDES Toulouse",NA,Belavy,2017,10.1136/bmjsem-2016-000196,belavýdl2017_scopus_01130.xml,HDBR_-6,-6,90,recovery,270,180,analogue,ctrl,control,none,NA,16,16,M,NA,32.5,3.4,NA,NA,healthy_young,NA,70.3,yes,biceps_femoris_long_head,NA,FALSE,NA,NA,NA,volume,MRI,cm3,190.2,NA,cm3,190.2,NA,NA,1.7,change,SD,4.9,NA,table,NA,Tables 1-2,falk,2026-09-04,high,FALSE,laterality_unstated,"baseline SD 24.0 cm3; paper prints percentage change only, so follow-up volume is left NA rather than back-calculated"
belavy2017__ctrl__biceps_femoris_long_head__recovery_450,belavy2017,medes_ltbr90,"Long Term Bed Rest (LTBR), MEDES Toulouse",NA,Belavy,2017,10.1136/bmjsem-2016-000196,belavýdl2017_scopus_01130.xml,HDBR_-6,-6,90,recovery,450,360,analogue,ctrl,control,none,NA,16,16,M,NA,32.5,3.4,NA,NA,healthy_young,NA,70.3,yes,biceps_femoris_long_head,NA,FALSE,NA,NA,NA,volume,MRI,cm3,190.2,NA,cm3,190.2,NA,NA,2.2,change,SD,6.0,NA,table,NA,Tables 1-2,falk,2026-09-04,high,FALSE,laterality_unstated,"baseline SD 24.0 cm3; paper prints percentage change only, so follow-up volume is left NA rather than back-calculated"
belavy2017__fly__biceps_femoris_long_head__bed_rest_28,belavy2017,medes_ltbr90,"Long Term Bed Rest (LTBR), MEDES Toulouse",NA,Belavy,2017,10.1136/bmjsem-2016-000196,belavýdl2017_scopus_01130.xml,HDBR_-6,-6,90,bed_rest,28,NA,analogue,fly,countermeasure,flywheel,high-intensity concentric-eccentric flywheel resistance exercise every third day,9,9,M,NA,31.0,5.5,NA,NA,healthy_young,NA,70.9,yes,biceps_femoris_long_head,NA,FALSE,NA,NA,NA,volume,MRI,cm3,234.1,NA,cm3,234.1,NA,NA,-11.8,change,SD,3.8,NA,table,NA,Tables 1-2,falk,2026-09-04,high,FALSE,laterality_unstated,"baseline SD 31.3 cm3; paper prints percentage change only, so follow-up volume is left NA rather than back-calculated"
belavy2017__fly__biceps_femoris_long_head__bed_rest_89,belavy2017,medes_ltbr90,"Long Term Bed Rest (LTBR), MEDES Toulouse",NA,Belavy,2017,10.1136/bmjsem-2016-000196,belavýdl2017_scopus_01130.xml,HDBR_-6,-6,90,bed_rest,89,NA,analogue,fly,countermeasure,flywheel,high-intensity concentric-eccentric flywheel resistance exercise every third day,9,9,M,NA,31.0,5.5,NA,NA,healthy_young,NA,70.9,yes,biceps_femoris_long_head,NA,FALSE,NA,NA,NA,volume,MRI,cm3,234.1,NA,cm3,234.1,NA,NA,-21.1,change,SD,5.2,NA,table,NA,Tables 1-2,falk,2026-09-04,high,FALSE,laterality_unstated,"baseline SD 31.3 cm3; paper prints percentage change only, so follow-up volume is left NA rather than back-calculated"
belavy2017__fly__biceps_femoris_long_head__recovery_103,belavy2017,medes_ltbr90,"Long Term Bed Rest (LTBR), MEDES Toulouse",NA,Belavy,2017,10.1136/bmjsem-2016-000196,belavýdl2017_scopus_01130.xml,HDBR_-6,-6,90,recovery,103,13,analogue,fly,countermeasure,flywheel,high-intensity concentric-eccentric flywheel resistance exercise every third day,9,9,M,NA,31.0,5.5,NA,NA,healthy_young,NA,70.9,yes,biceps_femoris_long_head,NA,FALSE,NA,NA,NA,volume,MRI,cm3,234.1,NA,cm3,234.1,NA,NA,-11.7,change,SD,5.9,NA,table,NA,Tables 1-2,falk,2026-09-04,high,FALSE,laterality_unstated,"baseline SD 31.3 cm3; paper prints percentage change only, so follow-up volume is left NA rather than back-calculated"
belavy2017__fly__biceps_femoris_long_head__recovery_180,belavy2017,medes_ltbr90,"Long Term Bed Rest (LTBR), MEDES Toulouse",NA,Belavy,2017,10.1136/bmjsem-2016-000196,belavýdl2017_scopus_01130.xml,HDBR_-6,-6,90,recovery,180,90,analogue,fly,countermeasure,flywheel,high-intensity concentric-eccentric flywheel resistance exercise every third day,9,9,M,NA,31.0,5.5,NA,NA,healthy_young,NA,70.9,yes,biceps_femoris_long_head,NA,FALSE,NA,NA,NA,volume,MRI,cm3,234.1,NA,cm3,234.1,NA,NA,0.9,change,SD,6.6,NA,table,NA,Tables 1-2,falk,2026-09-04,high,FALSE,laterality_unstated,"baseline SD 31.3 cm3; paper prints percentage change only, so follow-up volume is left NA rather than back-calculated"
belavy2017__fly__biceps_femoris_long_head__recovery_270,belavy2017,medes_ltbr90,"Long Term Bed Rest (LTBR), MEDES Toulouse",NA,Belavy,2017,10.1136/bmjsem-2016-000196,belavýdl2017_scopus_01130.xml,HDBR_-6,-6,90,recovery,270,180,analogue,fly,countermeasure,flywheel,high-intensity concentric-eccentric flywheel resistance exercise every third day,9,9,M,NA,31.0,5.5,NA,NA,healthy_young,NA,70.9,yes,biceps_femoris_long_head,NA,FALSE,NA,NA,NA,volume,MRI,cm3,234.1,NA,cm3,234.1,NA,NA,0.9,change,SD,7.2,NA,table,NA,Tables 1-2,falk,2026-09-04,high,FALSE,laterality_unstated,"baseline SD 31.3 cm3; paper prints percentage change only, so follow-up volume is left NA rather than back-calculated"
belavy2017__fly__biceps_femoris_long_head__recovery_450,belavy2017,medes_ltbr90,"Long Term Bed Rest (LTBR), MEDES Toulouse",NA,Belavy,2017,10.1136/bmjsem-2016-000196,belavýdl2017_scopus_01130.xml,HDBR_-6,-6,90,recovery,450,360,analogue,fly,countermeasure,flywheel,high-intensity concentric-eccentric flywheel resistance exercise every third day,9,9,M,NA,31.0,5.5,NA,NA,healthy_young,NA,70.9,yes,biceps_femoris_long_head,NA,FALSE,NA,NA,NA,volume,MRI,cm3,234.1,NA,cm3,234.1,NA,NA,0.5,change,SD,7.3,NA,table,NA,Tables 1-2,falk,2026-09-04,high,FALSE,laterality_unstated,"baseline SD 31.3 cm3; paper prints percentage change only, so follow-up volume is left NA rather than back-calculated"
belavy2017__ctrl__biceps_femoris_short_head__bed_rest_28,belavy2017,medes_ltbr90,"Long Term Bed Rest (LTBR), MEDES Toulouse",NA,Belavy,2017,10.1136/bmjsem-2016-000196,belavýdl2017_scopus_01130.xml,HDBR_-6,-6,90,bed_rest,28,NA,analogue,ctrl,control,none,NA,16,16,M,NA,32.5,3.4,NA,NA,healthy_young,NA,70.3,yes,biceps_femoris_short_head,NA,FALSE,NA,NA,NA,volume,MRI,cm3,97.4,NA,cm3,97.4,NA,NA,-2.8,change,SD,7.5,NA,table,NA,Tables 1-2,falk,2026-09-04,high,FALSE,laterality_unstated,"baseline SD 25.0 cm3; paper prints percentage change only, so follow-up volume is left NA rather than back-calculated"
belavy2017__ctrl__biceps_femoris_short_head__bed_rest_89,belavy2017,medes_ltbr90,"Long Term Bed Rest (LTBR), MEDES Toulouse",NA,Belavy,2017,10.1136/bmjsem-2016-000196,belavýdl2017_scopus_01130.xml,HDBR_-6,-6,90,bed_rest,89,NA,analogue,ctrl,control,none,NA,16,16,M,NA,32.5,3.4,NA,NA,healthy_young,NA,70.3,yes,biceps_femoris_short_head,NA,FALSE,NA,NA,NA,volume,MRI,cm3,97.4,NA,cm3,97.4,NA,NA,-6.3,change,SD,8.6,NA,table,NA,Tables 1-2,falk,2026-09-04,high,FALSE,laterality_unstated,"baseline SD 25.0 cm3; paper prints percentage change only, so follow-up volume is left NA rather than back-calculated"
belavy2017__ctrl__biceps_femoris_short_head__recovery_103,belavy2017,medes_ltbr90,"Long Term Bed Rest (LTBR), MEDES Toulouse",NA,Belavy,2017,10.1136/bmjsem-2016-000196,belavýdl2017_scopus_01130.xml,HDBR_-6,-6,90,recovery,103,13,analogue,ctrl,control,none,NA,16,16,M,NA,32.5,3.4,NA,NA,healthy_young,NA,70.3,yes,biceps_femoris_short_head,NA,FALSE,NA,NA,NA,volume,MRI,cm3,97.4,NA,cm3,97.4,NA,NA,-0.2,change,SD,7.1,NA,table,NA,Tables 1-2,falk,2026-09-04,high,FALSE,laterality_unstated,"baseline SD 25.0 cm3; paper prints percentage change only, so follow-up volume is left NA rather than back-calculated"
belavy2017__ctrl__biceps_femoris_short_head__recovery_180,belavy2017,medes_ltbr90,"Long Term Bed Rest (LTBR), MEDES Toulouse",NA,Belavy,2017,10.1136/bmjsem-2016-000196,belavýdl2017_scopus_01130.xml,HDBR_-6,-6,90,recovery,180,90,analogue,ctrl,control,none,NA,16,16,M,NA,32.5,3.4,NA,NA,healthy_young,NA,70.3,yes,biceps_femoris_short_head,NA,FALSE,NA,NA,NA,volume,MRI,cm3,97.4,NA,cm3,97.4,NA,NA,4.5,change,SD,8.5,NA,table,NA,Tables 1-2,falk,2026-09-04,high,FALSE,laterality_unstated,"baseline SD 25.0 cm3; paper prints percentage change only, so follow-up volume is left NA rather than back-calculated"
belavy2017__ctrl__biceps_femoris_short_head__recovery_270,belavy2017,medes_ltbr90,"Long Term Bed Rest (LTBR), MEDES Toulouse",NA,Belavy,2017,10.1136/bmjsem-2016-000196,belavýdl2017_scopus_01130.xml,HDBR_-6,-6,90,recovery,270,180,analogue,ctrl,control,none,NA,16,16,M,NA,32.5,3.4,NA,NA,healthy_young,NA,70.3,yes,biceps_femoris_short_head,NA,FALSE,NA,NA,NA,volume,MRI,cm3,97.4,NA,cm3,97.4,NA,NA,3.0,change,SD,7.8,NA,table,NA,Tables 1-2,falk,2026-09-04,high,FALSE,laterality_unstated,"baseline SD 25.0 cm3; paper prints percentage change only, so follow-up volume is left NA rather than back-calculated"
belavy2017__ctrl__biceps_femoris_short_head__recovery_450,belavy2017,medes_ltbr90,"Long Term Bed Rest (LTBR), MEDES Toulouse",NA,Belavy,2017,10.1136/bmjsem-2016-000196,belavýdl2017_scopus_01130.xml,HDBR_-6,-6,90,recovery,450,360,analogue,ctrl,control,none,NA,16,16,M,NA,32.5,3.4,NA,NA,healthy_young,NA,70.3,yes,biceps_femoris_short_head,NA,FALSE,NA,NA,NA,volume,MRI,cm3,97.4,NA,cm3,97.4,NA,NA,3.1,change,SD,8.4,NA,table,NA,Tables 1-2,falk,2026-09-04,high,FALSE,laterality_unstated,"baseline SD 25.0 cm3; paper prints percentage change only, so follow-up volume is left NA rather than back-calculated"
belavy2017__fly__biceps_femoris_short_head__bed_rest_28,belavy2017,medes_ltbr90,"Long Term Bed Rest (LTBR), MEDES Toulouse",NA,Belavy,2017,10.1136/bmjsem-2016-000196,belavýdl2017_scopus_01130.xml,HDBR_-6,-6,90,bed_rest,28,NA,analogue,fly,countermeasure,flywheel,high-intensity concentric-eccentric flywheel resistance exercise every third day,9,9,M,NA,31.0,5.5,NA,NA,healthy_young,NA,70.9,yes,biceps_femoris_short_head,NA,FALSE,NA,NA,NA,volume,MRI,cm3,104.7,NA,cm3,104.7,NA,NA,-4.4,change,SD,3.1,NA,table,NA,Tables 1-2,falk,2026-09-04,high,FALSE,laterality_unstated,"baseline SD 14.9 cm3; paper prints percentage change only, so follow-up volume is left NA rather than back-calculated"
belavy2017__fly__biceps_femoris_short_head__bed_rest_89,belavy2017,medes_ltbr90,"Long Term Bed Rest (LTBR), MEDES Toulouse",NA,Belavy,2017,10.1136/bmjsem-2016-000196,belavýdl2017_scopus_01130.xml,HDBR_-6,-6,90,bed_rest,89,NA,analogue,fly,countermeasure,flywheel,high-intensity concentric-eccentric flywheel resistance exercise every third day,9,9,M,NA,31.0,5.5,NA,NA,healthy_young,NA,70.9,yes,biceps_femoris_short_head,NA,FALSE,NA,NA,NA,volume,MRI,cm3,104.7,NA,cm3,104.7,NA,NA,-6.8,change,SD,7.6,NA,table,NA,Tables 1-2,falk,2026-09-04,high,FALSE,laterality_unstated,"baseline SD 14.9 cm3; paper prints percentage change only, so follow-up volume is left NA rather than back-calculated"
belavy2017__fly__biceps_femoris_short_head__recovery_103,belavy2017,medes_ltbr90,"Long Term Bed Rest (LTBR), MEDES Toulouse",NA,Belavy,2017,10.1136/bmjsem-2016-000196,belavýdl2017_scopus_01130.xml,HDBR_-6,-6,90,recovery,103,13,analogue,fly,countermeasure,flywheel,high-intensity concentric-eccentric flywheel resistance exercise every third day,9,9,M,NA,31.0,5.5,NA,NA,healthy_young,NA,70.9,yes,biceps_femoris_short_head,NA,FALSE,NA,NA,NA,volume,MRI,cm3,104.7,NA,cm3,104.7,NA,NA,-0.1,change,SD,5.9,NA,table,NA,Tables 1-2,falk,2026-09-04,high,FALSE,laterality_unstated,"baseline SD 14.9 cm3; paper prints percentage change only, so follow-up volume is left NA rather than back-calculated"
belavy2017__fly__biceps_femoris_short_head__recovery_180,belavy2017,medes_ltbr90,"Long Term Bed Rest (LTBR), MEDES Toulouse",NA,Belavy,2017,10.1136/bmjsem-2016-000196,belavýdl2017_scopus_01130.xml,HDBR_-6,-6,90,recovery,180,90,analogue,fly,countermeasure,flywheel,high-intensity concentric-eccentric flywheel resistance exercise every third day,9,9,M,NA,31.0,5.5,NA,NA,healthy_young,NA,70.9,yes,biceps_femoris_short_head,NA,FALSE,NA,NA,NA,volume,MRI,cm3,104.7,NA,cm3,104.7,NA,NA,-1.1,change,SD,5.8,NA,table,NA,Tables 1-2,falk,2026-09-04,high,FALSE,laterality_unstated,"baseline SD 14.9 cm3; paper prints percentage change only, so follow-up volume is left NA rather than back-calculated"
belavy2017__fly__biceps_femoris_short_head__recovery_270,belavy2017,medes_ltbr90,"Long Term Bed Rest (LTBR), MEDES Toulouse",NA,Belavy,2017,10.1136/bmjsem-2016-000196,belavýdl2017_scopus_01130.xml,HDBR_-6,-6,90,recovery,270,180,analogue,fly,countermeasure,flywheel,high-intensity concentric-eccentric flywheel resistance exercise every third day,9,9,M,NA,31.0,5.5,NA,NA,healthy_young,NA,70.9,yes,biceps_femoris_short_head,NA,FALSE,NA,NA,NA,volume,MRI,cm3,104.7,NA,cm3,104.7,NA,NA,-0.7,change,SD,3.9,NA,table,NA,Tables 1-2,falk,2026-09-04,high,FALSE,laterality_unstated,"baseline SD 14.9 cm3; paper prints percentage change only, so follow-up volume is left NA rather than back-calculated"
belavy2017__fly__biceps_femoris_short_head__recovery_450,belavy2017,medes_ltbr90,"Long Term Bed Rest (LTBR), MEDES Toulouse",NA,Belavy,2017,10.1136/bmjsem-2016-000196,belavýdl2017_scopus_01130.xml,HDBR_-6,-6,90,recovery,450,360,analogue,fly,countermeasure,flywheel,high-intensity concentric-eccentric flywheel resistance exercise every third day,9,9,M,NA,31.0,5.5,NA,NA,healthy_young,NA,70.9,yes,biceps_femoris_short_head,NA,FALSE,NA,NA,NA,volume,MRI,cm3,104.7,NA,cm3,104.7,NA,NA,-1.5,change,SD,5.1,NA,table,NA,Tables 1-2,falk,2026-09-04,high,FALSE,laterality_unstated,"baseline SD 14.9 cm3; paper prints percentage change only, so follow-up volume is left NA rather than back-calculated"
belavy2017__ctrl__semimembranosus__bed_rest_28,belavy2017,medes_ltbr90,"Long Term Bed Rest (LTBR), MEDES Toulouse",NA,Belavy,2017,10.1136/bmjsem-2016-000196,belavýdl2017_scopus_01130.xml,HDBR_-6,-6,90,bed_rest,28,NA,analogue,ctrl,control,none,NA,16,16,M,NA,32.5,3.4,NA,NA,healthy_young,NA,70.3,yes,semimembranosus,NA,FALSE,NA,NA,NA,volume,MRI,cm3,252.6,NA,cm3,252.6,NA,NA,-10.4,change,SD,4.1,NA,table,NA,Tables 1-2,falk,2026-09-04,high,FALSE,laterality_unstated,"baseline SD 43.9 cm3; paper prints percentage change only, so follow-up volume is left NA rather than back-calculated"
belavy2017__ctrl__semimembranosus__bed_rest_89,belavy2017,medes_ltbr90,"Long Term Bed Rest (LTBR), MEDES Toulouse",NA,Belavy,2017,10.1136/bmjsem-2016-000196,belavýdl2017_scopus_01130.xml,HDBR_-6,-6,90,bed_rest,89,NA,analogue,ctrl,control,none,NA,16,16,M,NA,32.5,3.4,NA,NA,healthy_young,NA,70.3,yes,semimembranosus,NA,FALSE,NA,NA,NA,volume,MRI,cm3,252.6,NA,cm3,252.6,NA,NA,-18.0,change,SD,6.3,NA,table,NA,Tables 1-2,falk,2026-09-04,high,FALSE,laterality_unstated,"baseline SD 43.9 cm3; paper prints percentage change only, so follow-up volume is left NA rather than back-calculated"
belavy2017__ctrl__semimembranosus__recovery_103,belavy2017,medes_ltbr90,"Long Term Bed Rest (LTBR), MEDES Toulouse",NA,Belavy,2017,10.1136/bmjsem-2016-000196,belavýdl2017_scopus_01130.xml,HDBR_-6,-6,90,recovery,103,13,analogue,ctrl,control,none,NA,16,16,M,NA,32.5,3.4,NA,NA,healthy_young,NA,70.3,yes,semimembranosus,NA,FALSE,NA,NA,NA,volume,MRI,cm3,252.6,NA,cm3,252.6,NA,NA,-8.4,change,SD,6.5,NA,table,NA,Tables 1-2,falk,2026-09-04,high,FALSE,laterality_unstated,"baseline SD 43.9 cm3; paper prints percentage change only, so follow-up volume is left NA rather than back-calculated"
belavy2017__ctrl__semimembranosus__recovery_180,belavy2017,medes_ltbr90,"Long Term Bed Rest (LTBR), MEDES Toulouse",NA,Belavy,2017,10.1136/bmjsem-2016-000196,belavýdl2017_scopus_01130.xml,HDBR_-6,-6,90,recovery,180,90,analogue,ctrl,control,none,NA,16,16,M,NA,32.5,3.4,NA,NA,healthy_young,NA,70.3,yes,semimembranosus,NA,FALSE,NA,NA,NA,volume,MRI,cm3,252.6,NA,cm3,252.6,NA,NA,2.4,change,SD,4.5,NA,table,NA,Tables 1-2,falk,2026-09-04,high,FALSE,laterality_unstated,"baseline SD 43.9 cm3; paper prints percentage change only, so follow-up volume is left NA rather than back-calculated"
belavy2017__ctrl__semimembranosus__recovery_270,belavy2017,medes_ltbr90,"Long Term Bed Rest (LTBR), MEDES Toulouse",NA,Belavy,2017,10.1136/bmjsem-2016-000196,belavýdl2017_scopus_01130.xml,HDBR_-6,-6,90,recovery,270,180,analogue,ctrl,control,none,NA,16,16,M,NA,32.5,3.4,NA,NA,healthy_young,NA,70.3,yes,semimembranosus,NA,FALSE,NA,NA,NA,volume,MRI,cm3,252.6,NA,cm3,252.6,NA,NA,2.7,change,SD,3.7,NA,table,NA,Tables 1-2,falk,2026-09-04,high,FALSE,laterality_unstated,"baseline SD 43.9 cm3; paper prints percentage change only, so follow-up volume is left NA rather than back-calculated"
belavy2017__ctrl__semimembranosus__recovery_450,belavy2017,medes_ltbr90,"Long Term Bed Rest (LTBR), MEDES Toulouse",NA,Belavy,2017,10.1136/bmjsem-2016-000196,belavýdl2017_scopus_01130.xml,HDBR_-6,-6,90,recovery,450,360,analogue,ctrl,control,none,NA,16,16,M,NA,32.5,3.4,NA,NA,healthy_young,NA,70.3,yes,semimembranosus,NA,FALSE,NA,NA,NA,volume,MRI,cm3,252.6,NA,cm3,252.6,NA,NA,4.3,change,SD,6.0,NA,table,NA,Tables 1-2,falk,2026-09-04,high,FALSE,laterality_unstated,"baseline SD 43.9 cm3; paper prints percentage change only, so follow-up volume is left NA rather than back-calculated"
belavy2017__fly__semimembranosus__bed_rest_28,belavy2017,medes_ltbr90,"Long Term Bed Rest (LTBR), MEDES Toulouse",NA,Belavy,2017,10.1136/bmjsem-2016-000196,belavýdl2017_scopus_01130.xml,HDBR_-6,-6,90,bed_rest,28,NA,analogue,fly,countermeasure,flywheel,high-intensity concentric-eccentric flywheel resistance exercise every third day,9,9,M,NA,31.0,5.5,NA,NA,healthy_young,NA,70.9,yes,semimembranosus,NA,FALSE,NA,NA,NA,volume,MRI,cm3,300.5,NA,cm3,300.5,NA,NA,-10.7,change,SD,6.8,NA,table,NA,Tables 1-2,falk,2026-09-04,high,FALSE,laterality_unstated,"baseline SD 50.0 cm3; paper prints percentage change only, so follow-up volume is left NA rather than back-calculated"
belavy2017__fly__semimembranosus__bed_rest_89,belavy2017,medes_ltbr90,"Long Term Bed Rest (LTBR), MEDES Toulouse",NA,Belavy,2017,10.1136/bmjsem-2016-000196,belavýdl2017_scopus_01130.xml,HDBR_-6,-6,90,bed_rest,89,NA,analogue,fly,countermeasure,flywheel,high-intensity concentric-eccentric flywheel resistance exercise every third day,9,9,M,NA,31.0,5.5,NA,NA,healthy_young,NA,70.9,yes,semimembranosus,NA,FALSE,NA,NA,NA,volume,MRI,cm3,300.5,NA,cm3,300.5,NA,NA,-18.0,change,SD,9.0,NA,table,NA,Tables 1-2,falk,2026-09-04,high,FALSE,laterality_unstated,"baseline SD 50.0 cm3; paper prints percentage change only, so follow-up volume is left NA rather than back-calculated"
belavy2017__fly__semimembranosus__recovery_103,belavy2017,medes_ltbr90,"Long Term Bed Rest (LTBR), MEDES Toulouse",NA,Belavy,2017,10.1136/bmjsem-2016-000196,belavýdl2017_scopus_01130.xml,HDBR_-6,-6,90,recovery,103,13,analogue,fly,countermeasure,flywheel,high-intensity concentric-eccentric flywheel resistance exercise every third day,9,9,M,NA,31.0,5.5,NA,NA,healthy_young,NA,70.9,yes,semimembranosus,NA,FALSE,NA,NA,NA,volume,MRI,cm3,300.5,NA,cm3,300.5,NA,NA,-9.3,change,SD,7.5,NA,table,NA,Tables 1-2,falk,2026-09-04,high,FALSE,laterality_unstated,"baseline SD 50.0 cm3; paper prints percentage change only, so follow-up volume is left NA rather than back-calculated"
belavy2017__fly__semimembranosus__recovery_180,belavy2017,medes_ltbr90,"Long Term Bed Rest (LTBR), MEDES Toulouse",NA,Belavy,2017,10.1136/bmjsem-2016-000196,belavýdl2017_scopus_01130.xml,HDBR_-6,-6,90,recovery,180,90,analogue,fly,countermeasure,flywheel,high-intensity concentric-eccentric flywheel resistance exercise every third day,9,9,M,NA,31.0,5.5,NA,NA,healthy_young,NA,70.9,yes,semimembranosus,NA,FALSE,NA,NA,NA,volume,MRI,cm3,300.5,NA,cm3,300.5,NA,NA,1.2,change,SD,6.2,NA,table,NA,Tables 1-2,falk,2026-09-04,high,FALSE,laterality_unstated,"baseline SD 50.0 cm3; paper prints percentage change only, so follow-up volume is left NA rather than back-calculated"
belavy2017__fly__semimembranosus__recovery_270,belavy2017,medes_ltbr90,"Long Term Bed Rest (LTBR), MEDES Toulouse",NA,Belavy,2017,10.1136/bmjsem-2016-000196,belavýdl2017_scopus_01130.xml,HDBR_-6,-6,90,recovery,270,180,analogue,fly,countermeasure,flywheel,high-intensity concentric-eccentric flywheel resistance exercise every third day,9,9,M,NA,31.0,5.5,NA,NA,healthy_young,NA,70.9,yes,semimembranosus,NA,FALSE,NA,NA,NA,volume,MRI,cm3,300.5,NA,cm3,300.5,NA,NA,-0.6,change,SD,6.5,NA,table,NA,Tables 1-2,falk,2026-09-04,high,FALSE,laterality_unstated,"baseline SD 50.0 cm3; paper prints percentage change only, so follow-up volume is left NA rather than back-calculated"
belavy2017__fly__semimembranosus__recovery_450,belavy2017,medes_ltbr90,"Long Term Bed Rest (LTBR), MEDES Toulouse",NA,Belavy,2017,10.1136/bmjsem-2016-000196,belavýdl2017_scopus_01130.xml,HDBR_-6,-6,90,recovery,450,360,analogue,fly,countermeasure,flywheel,high-intensity concentric-eccentric flywheel resistance exercise every third day,9,9,M,NA,31.0,5.5,NA,NA,healthy_young,NA,70.9,yes,semimembranosus,NA,FALSE,NA,NA,NA,volume,MRI,cm3,300.5,NA,cm3,300.5,NA,NA,1.4,change,SD,4.7,NA,table,NA,Tables 1-2,falk,2026-09-04,high,FALSE,laterality_unstated,"baseline SD 50.0 cm3; paper prints percentage change only, so follow-up volume is left NA rather than back-calculated"
belavy2017__ctrl__semitendinosus__bed_rest_28,belavy2017,medes_ltbr90,"Long Term Bed Rest (LTBR), MEDES Toulouse",NA,Belavy,2017,10.1136/bmjsem-2016-000196,belavýdl2017_scopus_01130.xml,HDBR_-6,-6,90,bed_rest,28,NA,analogue,ctrl,control,none,NA,16,16,M,NA,32.5,3.4,NA,NA,healthy_young,NA,70.3,yes,semitendinosus,NA,FALSE,NA,NA,NA,volume,MRI,cm3,182.3,NA,cm3,182.3,NA,NA,-4.1,change,SD,5.6,NA,table,NA,Tables 1-2,falk,2026-09-04,high,FALSE,laterality_unstated,"baseline SD 19.3 cm3; paper prints percentage change only, so follow-up volume is left NA rather than back-calculated"
belavy2017__ctrl__semitendinosus__bed_rest_89,belavy2017,medes_ltbr90,"Long Term Bed Rest (LTBR), MEDES Toulouse",NA,Belavy,2017,10.1136/bmjsem-2016-000196,belavýdl2017_scopus_01130.xml,HDBR_-6,-6,90,bed_rest,89,NA,analogue,ctrl,control,none,NA,16,16,M,NA,32.5,3.4,NA,NA,healthy_young,NA,70.3,yes,semitendinosus,NA,FALSE,NA,NA,NA,volume,MRI,cm3,182.3,NA,cm3,182.3,NA,NA,-7.3,change,SD,6.9,NA,table,NA,Tables 1-2,falk,2026-09-04,high,FALSE,laterality_unstated,"baseline SD 19.3 cm3; paper prints percentage change only, so follow-up volume is left NA rather than back-calculated"
belavy2017__ctrl__semitendinosus__recovery_103,belavy2017,medes_ltbr90,"Long Term Bed Rest (LTBR), MEDES Toulouse",NA,Belavy,2017,10.1136/bmjsem-2016-000196,belavýdl2017_scopus_01130.xml,HDBR_-6,-6,90,recovery,103,13,analogue,ctrl,control,none,NA,16,16,M,NA,32.5,3.4,NA,NA,healthy_young,NA,70.3,yes,semitendinosus,NA,FALSE,NA,NA,NA,volume,MRI,cm3,182.3,NA,cm3,182.3,NA,NA,-3.6,change,SD,6.0,NA,table,NA,Tables 1-2,falk,2026-09-04,high,FALSE,laterality_unstated,"baseline SD 19.3 cm3; paper prints percentage change only, so follow-up volume is left NA rather than back-calculated"
belavy2017__ctrl__semitendinosus__recovery_180,belavy2017,medes_ltbr90,"Long Term Bed Rest (LTBR), MEDES Toulouse",NA,Belavy,2017,10.1136/bmjsem-2016-000196,belavýdl2017_scopus_01130.xml,HDBR_-6,-6,90,recovery,180,90,analogue,ctrl,control,none,NA,16,16,M,NA,32.5,3.4,NA,NA,healthy_young,NA,70.3,yes,semitendinosus,NA,FALSE,NA,NA,NA,volume,MRI,cm3,182.3,NA,cm3,182.3,NA,NA,2.2,change,SD,5.8,NA,table,NA,Tables 1-2,falk,2026-09-04,high,FALSE,laterality_unstated,"baseline SD 19.3 cm3; paper prints percentage change only, so follow-up volume is left NA rather than back-calculated"
belavy2017__ctrl__semitendinosus__recovery_270,belavy2017,medes_ltbr90,"Long Term Bed Rest (LTBR), MEDES Toulouse",NA,Belavy,2017,10.1136/bmjsem-2016-000196,belavýdl2017_scopus_01130.xml,HDBR_-6,-6,90,recovery,270,180,analogue,ctrl,control,none,NA,16,16,M,NA,32.5,3.4,NA,NA,healthy_young,NA,70.3,yes,semitendinosus,NA,FALSE,NA,NA,NA,volume,MRI,cm3,182.3,NA,cm3,182.3,NA,NA,2.2,change,SD,6.4,NA,table,NA,Tables 1-2,falk,2026-09-04,high,FALSE,laterality_unstated,"baseline SD 19.3 cm3; paper prints percentage change only, so follow-up volume is left NA rather than back-calculated"
belavy2017__ctrl__semitendinosus__recovery_450,belavy2017,medes_ltbr90,"Long Term Bed Rest (LTBR), MEDES Toulouse",NA,Belavy,2017,10.1136/bmjsem-2016-000196,belavýdl2017_scopus_01130.xml,HDBR_-6,-6,90,recovery,450,360,analogue,ctrl,control,none,NA,16,16,M,NA,32.5,3.4,NA,NA,healthy_young,NA,70.3,yes,semitendinosus,NA,FALSE,NA,NA,NA,volume,MRI,cm3,182.3,NA,cm3,182.3,NA,NA,2.0,change,SD,7.6,NA,table,NA,Tables 1-2,falk,2026-09-04,high,FALSE,laterality_unstated,"baseline SD 19.3 cm3; paper prints percentage change only, so follow-up volume is left NA rather than back-calculated"
belavy2017__fly__semitendinosus__bed_rest_28,belavy2017,medes_ltbr90,"Long Term Bed Rest (LTBR), MEDES Toulouse",NA,Belavy,2017,10.1136/bmjsem-2016-000196,belavýdl2017_scopus_01130.xml,HDBR_-6,-6,90,bed_rest,28,NA,analogue,fly,countermeasure,flywheel,high-intensity concentric-eccentric flywheel resistance exercise every third day,9,9,M,NA,31.0,5.5,NA,NA,healthy_young,NA,70.9,yes,semitendinosus,NA,FALSE,NA,NA,NA,volume,MRI,cm3,189.5,NA,cm3,189.5,NA,NA,-6.5,change,SD,4.5,NA,table,NA,Tables 1-2,falk,2026-09-04,high,FALSE,laterality_unstated,"baseline SD 11.6 cm3; paper prints percentage change only, so follow-up volume is left NA rather than back-calculated"
belavy2017__fly__semitendinosus__bed_rest_89,belavy2017,medes_ltbr90,"Long Term Bed Rest (LTBR), MEDES Toulouse",NA,Belavy,2017,10.1136/bmjsem-2016-000196,belavýdl2017_scopus_01130.xml,HDBR_-6,-6,90,bed_rest,89,NA,analogue,fly,countermeasure,flywheel,high-intensity concentric-eccentric flywheel resistance exercise every third day,9,9,M,NA,31.0,5.5,NA,NA,healthy_young,NA,70.9,yes,semitendinosus,NA,FALSE,NA,NA,NA,volume,MRI,cm3,189.5,NA,cm3,189.5,NA,NA,-10.6,change,SD,3.2,NA,table,NA,Tables 1-2,falk,2026-09-04,high,FALSE,laterality_unstated,"baseline SD 11.6 cm3; paper prints percentage change only, so follow-up volume is left NA rather than back-calculated"
belavy2017__fly__semitendinosus__recovery_103,belavy2017,medes_ltbr90,"Long Term Bed Rest (LTBR), MEDES Toulouse",NA,Belavy,2017,10.1136/bmjsem-2016-000196,belavýdl2017_scopus_01130.xml,HDBR_-6,-6,90,recovery,103,13,analogue,fly,countermeasure,flywheel,high-intensity concentric-eccentric flywheel resistance exercise every third day,9,9,M,NA,31.0,5.5,NA,NA,healthy_young,NA,70.9,yes,semitendinosus,NA,FALSE,NA,NA,NA,volume,MRI,cm3,189.5,NA,cm3,189.5,NA,NA,-7.1,change,SD,4.0,NA,table,NA,Tables 1-2,falk,2026-09-04,high,FALSE,laterality_unstated,"baseline SD 11.6 cm3; paper prints percentage change only, so follow-up volume is left NA rather than back-calculated"
belavy2017__fly__semitendinosus__recovery_180,belavy2017,medes_ltbr90,"Long Term Bed Rest (LTBR), MEDES Toulouse",NA,Belavy,2017,10.1136/bmjsem-2016-000196,belavýdl2017_scopus_01130.xml,HDBR_-6,-6,90,recovery,180,90,analogue,fly,countermeasure,flywheel,high-intensity concentric-eccentric flywheel resistance exercise every third day,9,9,M,NA,31.0,5.5,NA,NA,healthy_young,NA,70.9,yes,semitendinosus,NA,FALSE,NA,NA,NA,volume,MRI,cm3,189.5,NA,cm3,189.5,NA,NA,0.7,change,SD,6.3,NA,table,NA,Tables 1-2,falk,2026-09-04,high,FALSE,laterality_unstated,"baseline SD 11.6 cm3; paper prints percentage change only, so follow-up volume is left NA rather than back-calculated"
belavy2017__fly__semitendinosus__recovery_270,belavy2017,medes_ltbr90,"Long Term Bed Rest (LTBR), MEDES Toulouse",NA,Belavy,2017,10.1136/bmjsem-2016-000196,belavýdl2017_scopus_01130.xml,HDBR_-6,-6,90,recovery,270,180,analogue,fly,countermeasure,flywheel,high-intensity concentric-eccentric flywheel resistance exercise every third day,9,9,M,NA,31.0,5.5,NA,NA,healthy_young,NA,70.9,yes,semitendinosus,NA,FALSE,NA,NA,NA,volume,MRI,cm3,189.5,NA,cm3,189.5,NA,NA,-1.1,change,SD,5.4,NA,table,NA,Tables 1-2,falk,2026-09-04,high,FALSE,laterality_unstated,"baseline SD 11.6 cm3; paper prints percentage change only, so follow-up volume is left NA rather than back-calculated"
belavy2017__fly__semitendinosus__recovery_450,belavy2017,medes_ltbr90,"Long Term Bed Rest (LTBR), MEDES Toulouse",NA,Belavy,2017,10.1136/bmjsem-2016-000196,belavýdl2017_scopus_01130.xml,HDBR_-6,-6,90,recovery,450,360,analogue,fly,countermeasure,flywheel,high-intensity concentric-eccentric flywheel resistance exercise every third day,9,9,M,NA,31.0,5.5,NA,NA,healthy_young,NA,70.9,yes,semitendinosus,NA,FALSE,NA,NA,NA,volume,MRI,cm3,189.5,NA,cm3,189.5,NA,NA,-2.7,change,SD,6.5,NA,table,NA,Tables 1-2,falk,2026-09-04,high,FALSE,laterality_unstated,"baseline SD 11.6 cm3; paper prints percentage change only, so follow-up volume is left NA rather than back-calculated"
belavy2017__ctrl__popliteus__bed_rest_28,belavy2017,medes_ltbr90,"Long Term Bed Rest (LTBR), MEDES Toulouse",NA,Belavy,2017,10.1136/bmjsem-2016-000196,belavýdl2017_scopus_01130.xml,HDBR_-6,-6,90,bed_rest,28,NA,analogue,ctrl,control,none,NA,16,16,M,NA,32.5,3.4,NA,NA,healthy_young,NA,70.3,yes,popliteus,NA,FALSE,NA,NA,NA,volume,MRI,cm3,21.0,NA,cm3,21.0,NA,NA,-1.6,change,SD,6.3,NA,table,NA,Tables 1-2,falk,2026-09-04,high,FALSE,laterality_unstated,"baseline SD 4.3 cm3; paper prints percentage change only, so follow-up volume is left NA rather than back-calculated"
belavy2017__ctrl__popliteus__bed_rest_89,belavy2017,medes_ltbr90,"Long Term Bed Rest (LTBR), MEDES Toulouse",NA,Belavy,2017,10.1136/bmjsem-2016-000196,belavýdl2017_scopus_01130.xml,HDBR_-6,-6,90,bed_rest,89,NA,analogue,ctrl,control,none,NA,16,16,M,NA,32.5,3.4,NA,NA,healthy_young,NA,70.3,yes,popliteus,NA,FALSE,NA,NA,NA,volume,MRI,cm3,21.0,NA,cm3,21.0,NA,NA,-5.1,change,SD,10.2,NA,table,NA,Tables 1-2,falk,2026-09-04,high,FALSE,laterality_unstated,"baseline SD 4.3 cm3; paper prints percentage change only, so follow-up volume is left NA rather than back-calculated"
belavy2017__ctrl__popliteus__recovery_103,belavy2017,medes_ltbr90,"Long Term Bed Rest (LTBR), MEDES Toulouse",NA,Belavy,2017,10.1136/bmjsem-2016-000196,belavýdl2017_scopus_01130.xml,HDBR_-6,-6,90,recovery,103,13,analogue,ctrl,control,none,NA,16,16,M,NA,32.5,3.4,NA,NA,healthy_young,NA,70.3,yes,popliteus,NA,FALSE,NA,NA,NA,volume,MRI,cm3,21.0,NA,cm3,21.0,NA,NA,-0.4,change,SD,8.2,NA,table,NA,Tables 1-2,falk,2026-09-04,high,FALSE,laterality_unstated,"baseline SD 4.3 cm3; paper prints percentage change only, so follow-up volume is left NA rather than back-calculated"
belavy2017__ctrl__popliteus__recovery_180,belavy2017,medes_ltbr90,"Long Term Bed Rest (LTBR), MEDES Toulouse",NA,Belavy,2017,10.1136/bmjsem-2016-000196,belavýdl2017_scopus_01130.xml,HDBR_-6,-6,90,recovery,180,90,analogue,ctrl,control,none,NA,16,16,M,NA,32.5,3.4,NA,NA,healthy_young,NA,70.3,yes,popliteus,NA,FALSE,NA,NA,NA,volume,MRI,cm3,21.0,NA,cm3,21.0,NA,NA,2.4,change,SD,7.4,NA,table,NA,Tables 1-2,falk,2026-09-04,high,FALSE,laterality_unstated,"baseline SD 4.3 cm3; paper prints percentage change only, so follow-up volume is left NA rather than back-calculated"
belavy2017__ctrl__popliteus__recovery_270,belavy2017,medes_ltbr90,"Long Term Bed Rest (LTBR), MEDES Toulouse",NA,Belavy,2017,10.1136/bmjsem-2016-000196,belavýdl2017_scopus_01130.xml,HDBR_-6,-6,90,recovery,270,180,analogue,ctrl,control,none,NA,16,16,M,NA,32.5,3.4,NA,NA,healthy_young,NA,70.3,yes,popliteus,NA,FALSE,NA,NA,NA,volume,MRI,cm3,21.0,NA,cm3,21.0,NA,NA,-0.7,change,SD,6.2,NA,table,NA,Tables 1-2,falk,2026-09-04,high,FALSE,laterality_unstated,"baseline SD 4.3 cm3; paper prints percentage change only, so follow-up volume is left NA rather than back-calculated"
belavy2017__ctrl__popliteus__recovery_450,belavy2017,medes_ltbr90,"Long Term Bed Rest (LTBR), MEDES Toulouse",NA,Belavy,2017,10.1136/bmjsem-2016-000196,belavýdl2017_scopus_01130.xml,HDBR_-6,-6,90,recovery,450,360,analogue,ctrl,control,none,NA,16,16,M,NA,32.5,3.4,NA,NA,healthy_young,NA,70.3,yes,popliteus,NA,FALSE,NA,NA,NA,volume,MRI,cm3,21.0,NA,cm3,21.0,NA,NA,1.8,change,SD,8.3,NA,table,NA,Tables 1-2,falk,2026-09-04,high,FALSE,laterality_unstated,"baseline SD 4.3 cm3; paper prints percentage change only, so follow-up volume is left NA rather than back-calculated"
belavy2017__fly__popliteus__bed_rest_28,belavy2017,medes_ltbr90,"Long Term Bed Rest (LTBR), MEDES Toulouse",NA,Belavy,2017,10.1136/bmjsem-2016-000196,belavýdl2017_scopus_01130.xml,HDBR_-6,-6,90,bed_rest,28,NA,analogue,fly,countermeasure,flywheel,high-intensity concentric-eccentric flywheel resistance exercise every third day,9,9,M,NA,31.0,5.5,NA,NA,healthy_young,NA,70.9,yes,popliteus,NA,FALSE,NA,NA,NA,volume,MRI,cm3,22.1,NA,cm3,22.1,NA,NA,-2.6,change,SD,7.5,NA,table,NA,Tables 1-2,falk,2026-09-04,high,FALSE,laterality_unstated,"baseline SD 3.7 cm3; paper prints percentage change only, so follow-up volume is left NA rather than back-calculated"
belavy2017__fly__popliteus__bed_rest_89,belavy2017,medes_ltbr90,"Long Term Bed Rest (LTBR), MEDES Toulouse",NA,Belavy,2017,10.1136/bmjsem-2016-000196,belavýdl2017_scopus_01130.xml,HDBR_-6,-6,90,bed_rest,89,NA,analogue,fly,countermeasure,flywheel,high-intensity concentric-eccentric flywheel resistance exercise every third day,9,9,M,NA,31.0,5.5,NA,NA,healthy_young,NA,70.9,yes,popliteus,NA,FALSE,NA,NA,NA,volume,MRI,cm3,22.1,NA,cm3,22.1,NA,NA,-4.0,change,SD,7.8,NA,table,NA,Tables 1-2,falk,2026-09-04,high,FALSE,laterality_unstated,"baseline SD 3.7 cm3; paper prints percentage change only, so follow-up volume is left NA rather than back-calculated"
belavy2017__fly__popliteus__recovery_103,belavy2017,medes_ltbr90,"Long Term Bed Rest (LTBR), MEDES Toulouse",NA,Belavy,2017,10.1136/bmjsem-2016-000196,belavýdl2017_scopus_01130.xml,HDBR_-6,-6,90,recovery,103,13,analogue,fly,countermeasure,flywheel,high-intensity concentric-eccentric flywheel resistance exercise every third day,9,9,M,NA,31.0,5.5,NA,NA,healthy_young,NA,70.9,yes,popliteus,NA,FALSE,NA,NA,NA,volume,MRI,cm3,22.1,NA,cm3,22.1,NA,NA,2.6,change,SD,6.0,NA,table,NA,Tables 1-2,falk,2026-09-04,high,FALSE,laterality_unstated,"baseline SD 3.7 cm3; paper prints percentage change only, so follow-up volume is left NA rather than back-calculated"
belavy2017__fly__popliteus__recovery_180,belavy2017,medes_ltbr90,"Long Term Bed Rest (LTBR), MEDES Toulouse",NA,Belavy,2017,10.1136/bmjsem-2016-000196,belavýdl2017_scopus_01130.xml,HDBR_-6,-6,90,recovery,180,90,analogue,fly,countermeasure,flywheel,high-intensity concentric-eccentric flywheel resistance exercise every third day,9,9,M,NA,31.0,5.5,NA,NA,healthy_young,NA,70.9,yes,popliteus,NA,FALSE,NA,NA,NA,volume,MRI,cm3,22.1,NA,cm3,22.1,NA,NA,-3.4,change,SD,8.5,NA,table,NA,Tables 1-2,falk,2026-09-04,high,FALSE,laterality_unstated,"baseline SD 3.7 cm3; paper prints percentage change only, so follow-up volume is left NA rather than back-calculated"
belavy2017__fly__popliteus__recovery_270,belavy2017,medes_ltbr90,"Long Term Bed Rest (LTBR), MEDES Toulouse",NA,Belavy,2017,10.1136/bmjsem-2016-000196,belavýdl2017_scopus_01130.xml,HDBR_-6,-6,90,recovery,270,180,analogue,fly,countermeasure,flywheel,high-intensity concentric-eccentric flywheel resistance exercise every third day,9,9,M,NA,31.0,5.5,NA,NA,healthy_young,NA,70.9,yes,popliteus,NA,FALSE,NA,NA,NA,volume,MRI,cm3,22.1,NA,cm3,22.1,NA,NA,0.3,change,SD,7.5,NA,table,NA,Tables 1-2,falk,2026-09-04,high,FALSE,laterality_unstated,"baseline SD 3.7 cm3; paper prints percentage change only, so follow-up volume is left NA rather than back-calculated"
belavy2017__fly__popliteus__recovery_450,belavy2017,medes_ltbr90,"Long Term Bed Rest (LTBR), MEDES Toulouse",NA,Belavy,2017,10.1136/bmjsem-2016-000196,belavýdl2017_scopus_01130.xml,HDBR_-6,-6,90,recovery,450,360,analogue,fly,countermeasure,flywheel,high-intensity concentric-eccentric flywheel resistance exercise every third day,9,9,M,NA,31.0,5.5,NA,NA,healthy_young,NA,70.9,yes,popliteus,NA,FALSE,NA,NA,NA,volume,MRI,cm3,22.1,NA,cm3,22.1,NA,NA,-3.6,change,SD,5.9,NA,table,NA,Tables 1-2,falk,2026-09-04,high,FALSE,laterality_unstated,"baseline SD 3.7 cm3; paper prints percentage change only, so follow-up volume is left NA rather than back-calculated"
belavy2017__ctrl__gluteus_maximus__bed_rest_28,belavy2017,medes_ltbr90,"Long Term Bed Rest (LTBR), MEDES Toulouse",NA,Belavy,2017,10.1136/bmjsem-2016-000196,belavýdl2017_scopus_01130.xml,HDBR_-6,-6,90,bed_rest,28,NA,analogue,ctrl,control,none,NA,16,16,M,NA,32.5,3.4,NA,NA,healthy_young,NA,70.3,yes,gluteus_maximus,NA,FALSE,NA,NA,lower portion only,volume,MRI,cm3,535.6,NA,cm3,535.6,NA,NA,-4.1,change,SD,7.4,NA,table,NA,Tables 1-2,falk,2026-09-04,high,FALSE,laterality_unstated,"baseline SD 96.6 cm3; paper prints percentage change only, so follow-up volume is left NA rather than back-calculated"
belavy2017__ctrl__gluteus_maximus__bed_rest_89,belavy2017,medes_ltbr90,"Long Term Bed Rest (LTBR), MEDES Toulouse",NA,Belavy,2017,10.1136/bmjsem-2016-000196,belavýdl2017_scopus_01130.xml,HDBR_-6,-6,90,bed_rest,89,NA,analogue,ctrl,control,none,NA,16,16,M,NA,32.5,3.4,NA,NA,healthy_young,NA,70.3,yes,gluteus_maximus,NA,FALSE,NA,NA,lower portion only,volume,MRI,cm3,535.6,NA,cm3,535.6,NA,NA,-6.9,change,SD,8.5,NA,table,NA,Tables 1-2,falk,2026-09-04,high,FALSE,laterality_unstated,"baseline SD 96.6 cm3; paper prints percentage change only, so follow-up volume is left NA rather than back-calculated"
belavy2017__ctrl__gluteus_maximus__recovery_103,belavy2017,medes_ltbr90,"Long Term Bed Rest (LTBR), MEDES Toulouse",NA,Belavy,2017,10.1136/bmjsem-2016-000196,belavýdl2017_scopus_01130.xml,HDBR_-6,-6,90,recovery,103,13,analogue,ctrl,control,none,NA,16,16,M,NA,32.5,3.4,NA,NA,healthy_young,NA,70.3,yes,gluteus_maximus,NA,FALSE,NA,NA,lower portion only,volume,MRI,cm3,535.6,NA,cm3,535.6,NA,NA,-4.5,change,SD,6.4,NA,table,NA,Tables 1-2,falk,2026-09-04,high,FALSE,laterality_unstated,"baseline SD 96.6 cm3; paper prints percentage change only, so follow-up volume is left NA rather than back-calculated"
belavy2017__ctrl__gluteus_maximus__recovery_180,belavy2017,medes_ltbr90,"Long Term Bed Rest (LTBR), MEDES Toulouse",NA,Belavy,2017,10.1136/bmjsem-2016-000196,belavýdl2017_scopus_01130.xml,HDBR_-6,-6,90,recovery,180,90,analogue,ctrl,control,none,NA,16,16,M,NA,32.5,3.4,NA,NA,healthy_young,NA,70.3,yes,gluteus_maximus,NA,FALSE,NA,NA,lower portion only,volume,MRI,cm3,535.6,NA,cm3,535.6,NA,NA,1.6,change,SD,7.2,NA,table,NA,Tables 1-2,falk,2026-09-04,high,FALSE,laterality_unstated,"baseline SD 96.6 cm3; paper prints percentage change only, so follow-up volume is left NA rather than back-calculated"
belavy2017__ctrl__gluteus_maximus__recovery_270,belavy2017,medes_ltbr90,"Long Term Bed Rest (LTBR), MEDES Toulouse",NA,Belavy,2017,10.1136/bmjsem-2016-000196,belavýdl2017_scopus_01130.xml,HDBR_-6,-6,90,recovery,270,180,analogue,ctrl,control,none,NA,16,16,M,NA,32.5,3.4,NA,NA,healthy_young,NA,70.3,yes,gluteus_maximus,NA,FALSE,NA,NA,lower portion only,volume,MRI,cm3,535.6,NA,cm3,535.6,NA,NA,0.8,change,SD,8.1,NA,table,NA,Tables 1-2,falk,2026-09-04,high,FALSE,laterality_unstated,"baseline SD 96.6 cm3; paper prints percentage change only, so follow-up volume is left NA rather than back-calculated"
belavy2017__ctrl__gluteus_maximus__recovery_450,belavy2017,medes_ltbr90,"Long Term Bed Rest (LTBR), MEDES Toulouse",NA,Belavy,2017,10.1136/bmjsem-2016-000196,belavýdl2017_scopus_01130.xml,HDBR_-6,-6,90,recovery,450,360,analogue,ctrl,control,none,NA,16,16,M,NA,32.5,3.4,NA,NA,healthy_young,NA,70.3,yes,gluteus_maximus,NA,FALSE,NA,NA,lower portion only,volume,MRI,cm3,535.6,NA,cm3,535.6,NA,NA,5.5,change,SD,10.9,NA,table,NA,Tables 1-2,falk,2026-09-04,high,FALSE,laterality_unstated,"baseline SD 96.6 cm3; paper prints percentage change only, so follow-up volume is left NA rather than back-calculated"
belavy2017__fly__gluteus_maximus__bed_rest_28,belavy2017,medes_ltbr90,"Long Term Bed Rest (LTBR), MEDES Toulouse",NA,Belavy,2017,10.1136/bmjsem-2016-000196,belavýdl2017_scopus_01130.xml,HDBR_-6,-6,90,bed_rest,28,NA,analogue,fly,countermeasure,flywheel,high-intensity concentric-eccentric flywheel resistance exercise every third day,9,9,M,NA,31.0,5.5,NA,NA,healthy_young,NA,70.9,yes,gluteus_maximus,NA,FALSE,NA,NA,lower portion only,volume,MRI,cm3,590.4,NA,cm3,590.4,NA,NA,-0.4,change,SD,6.1,NA,table,NA,Tables 1-2,falk,2026-09-04,high,FALSE,laterality_unstated,"baseline SD 80.7 cm3; paper prints percentage change only, so follow-up volume is left NA rather than back-calculated"
belavy2017__fly__gluteus_maximus__bed_rest_89,belavy2017,medes_ltbr90,"Long Term Bed Rest (LTBR), MEDES Toulouse",NA,Belavy,2017,10.1136/bmjsem-2016-000196,belavýdl2017_scopus_01130.xml,HDBR_-6,-6,90,bed_rest,89,NA,analogue,fly,countermeasure,flywheel,high-intensity concentric-eccentric flywheel resistance exercise every third day,9,9,M,NA,31.0,5.5,NA,NA,healthy_young,NA,70.9,yes,gluteus_maximus,NA,FALSE,NA,NA,lower portion only,volume,MRI,cm3,590.4,NA,cm3,590.4,NA,NA,-0.5,change,SD,6.6,NA,table,NA,Tables 1-2,falk,2026-09-04,high,FALSE,laterality_unstated,"baseline SD 80.7 cm3; paper prints percentage change only, so follow-up volume is left NA rather than back-calculated"
belavy2017__fly__gluteus_maximus__recovery_103,belavy2017,medes_ltbr90,"Long Term Bed Rest (LTBR), MEDES Toulouse",NA,Belavy,2017,10.1136/bmjsem-2016-000196,belavýdl2017_scopus_01130.xml,HDBR_-6,-6,90,recovery,103,13,analogue,fly,countermeasure,flywheel,high-intensity concentric-eccentric flywheel resistance exercise every third day,9,9,M,NA,31.0,5.5,NA,NA,healthy_young,NA,70.9,yes,gluteus_maximus,NA,FALSE,NA,NA,lower portion only,volume,MRI,cm3,590.4,NA,cm3,590.4,NA,NA,-0.3,change,SD,7.1,NA,table,NA,Tables 1-2,falk,2026-09-04,high,FALSE,laterality_unstated,"baseline SD 80.7 cm3; paper prints percentage change only, so follow-up volume is left NA rather than back-calculated"
belavy2017__fly__gluteus_maximus__recovery_180,belavy2017,medes_ltbr90,"Long Term Bed Rest (LTBR), MEDES Toulouse",NA,Belavy,2017,10.1136/bmjsem-2016-000196,belavýdl2017_scopus_01130.xml,HDBR_-6,-6,90,recovery,180,90,analogue,fly,countermeasure,flywheel,high-intensity concentric-eccentric flywheel resistance exercise every third day,9,9,M,NA,31.0,5.5,NA,NA,healthy_young,NA,70.9,yes,gluteus_maximus,NA,FALSE,NA,NA,lower portion only,volume,MRI,cm3,590.4,NA,cm3,590.4,NA,NA,-2.4,change,SD,6.6,NA,table,NA,Tables 1-2,falk,2026-09-04,high,FALSE,laterality_unstated,"baseline SD 80.7 cm3; paper prints percentage change only, so follow-up volume is left NA rather than back-calculated"
belavy2017__fly__gluteus_maximus__recovery_270,belavy2017,medes_ltbr90,"Long Term Bed Rest (LTBR), MEDES Toulouse",NA,Belavy,2017,10.1136/bmjsem-2016-000196,belavýdl2017_scopus_01130.xml,HDBR_-6,-6,90,recovery,270,180,analogue,fly,countermeasure,flywheel,high-intensity concentric-eccentric flywheel resistance exercise every third day,9,9,M,NA,31.0,5.5,NA,NA,healthy_young,NA,70.9,yes,gluteus_maximus,NA,FALSE,NA,NA,lower portion only,volume,MRI,cm3,590.4,NA,cm3,590.4,NA,NA,-0.8,change,SD,5.5,NA,table,NA,Tables 1-2,falk,2026-09-04,high,FALSE,laterality_unstated,"baseline SD 80.7 cm3; paper prints percentage change only, so follow-up volume is left NA rather than back-calculated"
belavy2017__fly__gluteus_maximus__recovery_450,belavy2017,medes_ltbr90,"Long Term Bed Rest (LTBR), MEDES Toulouse",NA,Belavy,2017,10.1136/bmjsem-2016-000196,belavýdl2017_scopus_01130.xml,HDBR_-6,-6,90,recovery,450,360,analogue,fly,countermeasure,flywheel,high-intensity concentric-eccentric flywheel resistance exercise every third day,9,9,M,NA,31.0,5.5,NA,NA,healthy_young,NA,70.9,yes,gluteus_maximus,NA,FALSE,NA,NA,lower portion only,volume,MRI,cm3,590.4,NA,cm3,590.4,NA,NA,-3.5,change,SD,7.4,NA,table,NA,Tables 1-2,falk,2026-09-04,high,FALSE,laterality_unstated,"baseline SD 80.7 cm3; paper prints percentage change only, so follow-up volume is left NA rather than back-calculated"
belavy2017__ctrl__obturator_externus__bed_rest_28,belavy2017,medes_ltbr90,"Long Term Bed Rest (LTBR), MEDES Toulouse",NA,Belavy,2017,10.1136/bmjsem-2016-000196,belavýdl2017_scopus_01130.xml,HDBR_-6,-6,90,bed_rest,28,NA,analogue,ctrl,control,none,NA,16,16,M,NA,32.5,3.4,NA,NA,healthy_young,NA,70.3,yes,obturator_externus,NA,FALSE,NA,NA,NA,volume,MRI,cm3,72.6,NA,cm3,72.6,NA,NA,3.5,change,SD,6.6,NA,table,NA,Tables 1-2,falk,2026-09-04,high,FALSE,laterality_unstated,"baseline SD 10.2 cm3; paper prints percentage change only, so follow-up volume is left NA rather than back-calculated"
belavy2017__ctrl__obturator_externus__bed_rest_89,belavy2017,medes_ltbr90,"Long Term Bed Rest (LTBR), MEDES Toulouse",NA,Belavy,2017,10.1136/bmjsem-2016-000196,belavýdl2017_scopus_01130.xml,HDBR_-6,-6,90,bed_rest,89,NA,analogue,ctrl,control,none,NA,16,16,M,NA,32.5,3.4,NA,NA,healthy_young,NA,70.3,yes,obturator_externus,NA,FALSE,NA,NA,NA,volume,MRI,cm3,72.6,NA,cm3,72.6,NA,NA,1.9,change,SD,7.8,NA,table,NA,Tables 1-2,falk,2026-09-04,high,FALSE,laterality_unstated,"baseline SD 10.2 cm3; paper prints percentage change only, so follow-up volume is left NA rather than back-calculated"
belavy2017__ctrl__obturator_externus__recovery_103,belavy2017,medes_ltbr90,"Long Term Bed Rest (LTBR), MEDES Toulouse",NA,Belavy,2017,10.1136/bmjsem-2016-000196,belavýdl2017_scopus_01130.xml,HDBR_-6,-6,90,recovery,103,13,analogue,ctrl,control,none,NA,16,16,M,NA,32.5,3.4,NA,NA,healthy_young,NA,70.3,yes,obturator_externus,NA,FALSE,NA,NA,NA,volume,MRI,cm3,72.6,NA,cm3,72.6,NA,NA,3.5,change,SD,8.3,NA,table,NA,Tables 1-2,falk,2026-09-04,high,FALSE,laterality_unstated,"baseline SD 10.2 cm3; paper prints percentage change only, so follow-up volume is left NA rather than back-calculated"
belavy2017__ctrl__obturator_externus__recovery_180,belavy2017,medes_ltbr90,"Long Term Bed Rest (LTBR), MEDES Toulouse",NA,Belavy,2017,10.1136/bmjsem-2016-000196,belavýdl2017_scopus_01130.xml,HDBR_-6,-6,90,recovery,180,90,analogue,ctrl,control,none,NA,16,16,M,NA,32.5,3.4,NA,NA,healthy_young,NA,70.3,yes,obturator_externus,NA,FALSE,NA,NA,NA,volume,MRI,cm3,72.6,NA,cm3,72.6,NA,NA,8.6,change,SD,8.9,NA,table,NA,Tables 1-2,falk,2026-09-04,high,FALSE,laterality_unstated,"baseline SD 10.2 cm3; paper prints percentage change only, so follow-up volume is left NA rather than back-calculated"
belavy2017__ctrl__obturator_externus__recovery_270,belavy2017,medes_ltbr90,"Long Term Bed Rest (LTBR), MEDES Toulouse",NA,Belavy,2017,10.1136/bmjsem-2016-000196,belavýdl2017_scopus_01130.xml,HDBR_-6,-6,90,recovery,270,180,analogue,ctrl,control,none,NA,16,16,M,NA,32.5,3.4,NA,NA,healthy_young,NA,70.3,yes,obturator_externus,NA,FALSE,NA,NA,NA,volume,MRI,cm3,72.6,NA,cm3,72.6,NA,NA,7.6,change,SD,8.7,NA,table,NA,Tables 1-2,falk,2026-09-04,high,FALSE,laterality_unstated,"baseline SD 10.2 cm3; paper prints percentage change only, so follow-up volume is left NA rather than back-calculated"
belavy2017__ctrl__obturator_externus__recovery_450,belavy2017,medes_ltbr90,"Long Term Bed Rest (LTBR), MEDES Toulouse",NA,Belavy,2017,10.1136/bmjsem-2016-000196,belavýdl2017_scopus_01130.xml,HDBR_-6,-6,90,recovery,450,360,analogue,ctrl,control,none,NA,16,16,M,NA,32.5,3.4,NA,NA,healthy_young,NA,70.3,yes,obturator_externus,NA,FALSE,NA,NA,NA,volume,MRI,cm3,72.6,NA,cm3,72.6,NA,NA,6.4,change,SD,7.8,NA,table,NA,Tables 1-2,falk,2026-09-04,high,FALSE,laterality_unstated,"baseline SD 10.2 cm3; paper prints percentage change only, so follow-up volume is left NA rather than back-calculated"
belavy2017__fly__obturator_externus__bed_rest_28,belavy2017,medes_ltbr90,"Long Term Bed Rest (LTBR), MEDES Toulouse",NA,Belavy,2017,10.1136/bmjsem-2016-000196,belavýdl2017_scopus_01130.xml,HDBR_-6,-6,90,bed_rest,28,NA,analogue,fly,countermeasure,flywheel,high-intensity concentric-eccentric flywheel resistance exercise every third day,9,9,M,NA,31.0,5.5,NA,NA,healthy_young,NA,70.9,yes,obturator_externus,NA,FALSE,NA,NA,NA,volume,MRI,cm3,73.8,NA,cm3,73.8,NA,NA,-2.8,change,SD,7.2,NA,table,NA,Tables 1-2,falk,2026-09-04,high,FALSE,laterality_unstated,"baseline SD 8.2 cm3; paper prints percentage change only, so follow-up volume is left NA rather than back-calculated"
belavy2017__fly__obturator_externus__bed_rest_89,belavy2017,medes_ltbr90,"Long Term Bed Rest (LTBR), MEDES Toulouse",NA,Belavy,2017,10.1136/bmjsem-2016-000196,belavýdl2017_scopus_01130.xml,HDBR_-6,-6,90,bed_rest,89,NA,analogue,fly,countermeasure,flywheel,high-intensity concentric-eccentric flywheel resistance exercise every third day,9,9,M,NA,31.0,5.5,NA,NA,healthy_young,NA,70.9,yes,obturator_externus,NA,FALSE,NA,NA,NA,volume,MRI,cm3,73.8,NA,cm3,73.8,NA,NA,-0.7,change,SD,9.6,NA,table,NA,Tables 1-2,falk,2026-09-04,high,FALSE,laterality_unstated,"baseline SD 8.2 cm3; paper prints percentage change only, so follow-up volume is left NA rather than back-calculated"
belavy2017__fly__obturator_externus__recovery_103,belavy2017,medes_ltbr90,"Long Term Bed Rest (LTBR), MEDES Toulouse",NA,Belavy,2017,10.1136/bmjsem-2016-000196,belavýdl2017_scopus_01130.xml,HDBR_-6,-6,90,recovery,103,13,analogue,fly,countermeasure,flywheel,high-intensity concentric-eccentric flywheel resistance exercise every third day,9,9,M,NA,31.0,5.5,NA,NA,healthy_young,NA,70.9,yes,obturator_externus,NA,FALSE,NA,NA,NA,volume,MRI,cm3,73.8,NA,cm3,73.8,NA,NA,3.9,change,SD,5.7,NA,table,NA,Tables 1-2,falk,2026-09-04,high,FALSE,laterality_unstated,"baseline SD 8.2 cm3; paper prints percentage change only, so follow-up volume is left NA rather than back-calculated"
belavy2017__fly__obturator_externus__recovery_180,belavy2017,medes_ltbr90,"Long Term Bed Rest (LTBR), MEDES Toulouse",NA,Belavy,2017,10.1136/bmjsem-2016-000196,belavýdl2017_scopus_01130.xml,HDBR_-6,-6,90,recovery,180,90,analogue,fly,countermeasure,flywheel,high-intensity concentric-eccentric flywheel resistance exercise every third day,9,9,M,NA,31.0,5.5,NA,NA,healthy_young,NA,70.9,yes,obturator_externus,NA,FALSE,NA,NA,NA,volume,MRI,cm3,73.8,NA,cm3,73.8,NA,NA,2.4,change,SD,8.4,NA,table,NA,Tables 1-2,falk,2026-09-04,high,FALSE,laterality_unstated,"baseline SD 8.2 cm3; paper prints percentage change only, so follow-up volume is left NA rather than back-calculated"
belavy2017__fly__obturator_externus__recovery_270,belavy2017,medes_ltbr90,"Long Term Bed Rest (LTBR), MEDES Toulouse",NA,Belavy,2017,10.1136/bmjsem-2016-000196,belavýdl2017_scopus_01130.xml,HDBR_-6,-6,90,recovery,270,180,analogue,fly,countermeasure,flywheel,high-intensity concentric-eccentric flywheel resistance exercise every third day,9,9,M,NA,31.0,5.5,NA,NA,healthy_young,NA,70.9,yes,obturator_externus,NA,FALSE,NA,NA,NA,volume,MRI,cm3,73.8,NA,cm3,73.8,NA,NA,0.2,change,SD,3.9,NA,table,NA,Tables 1-2,falk,2026-09-04,high,FALSE,laterality_unstated,"baseline SD 8.2 cm3; paper prints percentage change only, so follow-up volume is left NA rather than back-calculated"
belavy2017__fly__obturator_externus__recovery_450,belavy2017,medes_ltbr90,"Long Term Bed Rest (LTBR), MEDES Toulouse",NA,Belavy,2017,10.1136/bmjsem-2016-000196,belavýdl2017_scopus_01130.xml,HDBR_-6,-6,90,recovery,450,360,analogue,fly,countermeasure,flywheel,high-intensity concentric-eccentric flywheel resistance exercise every third day,9,9,M,NA,31.0,5.5,NA,NA,healthy_young,NA,70.9,yes,obturator_externus,NA,FALSE,NA,NA,NA,volume,MRI,cm3,73.8,NA,cm3,73.8,NA,NA,3.6,change,SD,8.0,NA,table,NA,Tables 1-2,falk,2026-09-04,high,FALSE,laterality_unstated,"baseline SD 8.2 cm3; paper prints percentage change only, so follow-up volume is left NA rather than back-calculated"
belavy2017__ctrl__obturator_internus__bed_rest_28,belavy2017,medes_ltbr90,"Long Term Bed Rest (LTBR), MEDES Toulouse",NA,Belavy,2017,10.1136/bmjsem-2016-000196,belavýdl2017_scopus_01130.xml,HDBR_-6,-6,90,bed_rest,28,NA,analogue,ctrl,control,none,NA,16,16,M,NA,32.5,3.4,NA,NA,healthy_young,NA,70.3,yes,obturator_internus,NA,FALSE,NA,NA,NA,volume,MRI,cm3,57.8,NA,cm3,57.8,NA,NA,5.6,change,SD,7.8,NA,table,NA,Tables 1-2,falk,2026-09-04,high,FALSE,laterality_unstated,"baseline SD 8.5 cm3; paper prints percentage change only, so follow-up volume is left NA rather than back-calculated"
belavy2017__ctrl__obturator_internus__bed_rest_89,belavy2017,medes_ltbr90,"Long Term Bed Rest (LTBR), MEDES Toulouse",NA,Belavy,2017,10.1136/bmjsem-2016-000196,belavýdl2017_scopus_01130.xml,HDBR_-6,-6,90,bed_rest,89,NA,analogue,ctrl,control,none,NA,16,16,M,NA,32.5,3.4,NA,NA,healthy_young,NA,70.3,yes,obturator_internus,NA,FALSE,NA,NA,NA,volume,MRI,cm3,57.8,NA,cm3,57.8,NA,NA,3.6,change,SD,9.4,NA,table,NA,Tables 1-2,falk,2026-09-04,high,FALSE,laterality_unstated,"baseline SD 8.5 cm3; paper prints percentage change only, so follow-up volume is left NA rather than back-calculated"
belavy2017__ctrl__obturator_internus__recovery_103,belavy2017,medes_ltbr90,"Long Term Bed Rest (LTBR), MEDES Toulouse",NA,Belavy,2017,10.1136/bmjsem-2016-000196,belavýdl2017_scopus_01130.xml,HDBR_-6,-6,90,recovery,103,13,analogue,ctrl,control,none,NA,16,16,M,NA,32.5,3.4,NA,NA,healthy_young,NA,70.3,yes,obturator_internus,NA,FALSE,NA,NA,NA,volume,MRI,cm3,57.8,NA,cm3,57.8,NA,NA,3.3,change,SD,9.2,NA,table,NA,Tables 1-2,falk,2026-09-04,high,FALSE,laterality_unstated,"baseline SD 8.5 cm3; paper prints percentage change only, so follow-up volume is left NA rather than back-calculated"
belavy2017__ctrl__obturator_internus__recovery_180,belavy2017,medes_ltbr90,"Long Term Bed Rest (LTBR), MEDES Toulouse",NA,Belavy,2017,10.1136/bmjsem-2016-000196,belavýdl2017_scopus_01130.xml,HDBR_-6,-6,90,recovery,180,90,analogue,ctrl,control,none,NA,16,16,M,NA,32.5,3.4,NA,NA,healthy_young,NA,70.3,yes,obturator_internus,NA,FALSE,NA,NA,NA,volume,MRI,cm3,57.8,NA,cm3,57.8,NA,NA,3.1,change,SD,9.0,NA,table,NA,Tables 1-2,falk,2026-09-04,high,FALSE,laterality_unstated,"baseline SD 8.5 cm3; paper prints percentage change only, so follow-up volume is left NA rather than back-calculated"
belavy2017__ctrl__obturator_internus__recovery_270,belavy2017,medes_ltbr90,"Long Term Bed Rest (LTBR), MEDES Toulouse",NA,Belavy,2017,10.1136/bmjsem-2016-000196,belavýdl2017_scopus_01130.xml,HDBR_-6,-6,90,recovery,270,180,analogue,ctrl,control,none,NA,16,16,M,NA,32.5,3.4,NA,NA,healthy_young,NA,70.3,yes,obturator_internus,NA,FALSE,NA,NA,NA,volume,MRI,cm3,57.8,NA,cm3,57.8,NA,NA,2.2,change,SD,8.9,NA,table,NA,Tables 1-2,falk,2026-09-04,high,FALSE,laterality_unstated,"baseline SD 8.5 cm3; paper prints percentage change only, so follow-up volume is left NA rather than back-calculated"
belavy2017__ctrl__obturator_internus__recovery_450,belavy2017,medes_ltbr90,"Long Term Bed Rest (LTBR), MEDES Toulouse",NA,Belavy,2017,10.1136/bmjsem-2016-000196,belavýdl2017_scopus_01130.xml,HDBR_-6,-6,90,recovery,450,360,analogue,ctrl,control,none,NA,16,16,M,NA,32.5,3.4,NA,NA,healthy_young,NA,70.3,yes,obturator_internus,NA,FALSE,NA,NA,NA,volume,MRI,cm3,57.8,NA,cm3,57.8,NA,NA,-1.0,change,SD,9.4,NA,table,NA,Tables 1-2,falk,2026-09-04,high,FALSE,laterality_unstated,"baseline SD 8.5 cm3; paper prints percentage change only, so follow-up volume is left NA rather than back-calculated"
belavy2017__fly__obturator_internus__bed_rest_28,belavy2017,medes_ltbr90,"Long Term Bed Rest (LTBR), MEDES Toulouse",NA,Belavy,2017,10.1136/bmjsem-2016-000196,belavýdl2017_scopus_01130.xml,HDBR_-6,-6,90,bed_rest,28,NA,analogue,fly,countermeasure,flywheel,high-intensity concentric-eccentric flywheel resistance exercise every third day,9,9,M,NA,31.0,5.5,NA,NA,healthy_young,NA,70.9,yes,obturator_internus,NA,FALSE,NA,NA,NA,volume,MRI,cm3,60.4,NA,cm3,60.4,NA,NA,6.1,change,SD,6.6,NA,table,NA,Tables 1-2,falk,2026-09-04,high,FALSE,laterality_unstated,"baseline SD 7.1 cm3; paper prints percentage change only, so follow-up volume is left NA rather than back-calculated"
belavy2017__fly__obturator_internus__bed_rest_89,belavy2017,medes_ltbr90,"Long Term Bed Rest (LTBR), MEDES Toulouse",NA,Belavy,2017,10.1136/bmjsem-2016-000196,belavýdl2017_scopus_01130.xml,HDBR_-6,-6,90,bed_rest,89,NA,analogue,fly,countermeasure,flywheel,high-intensity concentric-eccentric flywheel resistance exercise every third day,9,9,M,NA,31.0,5.5,NA,NA,healthy_young,NA,70.9,yes,obturator_internus,NA,FALSE,NA,NA,NA,volume,MRI,cm3,60.4,NA,cm3,60.4,NA,NA,9.4,change,SD,5.0,NA,table,NA,Tables 1-2,falk,2026-09-04,high,FALSE,laterality_unstated,"baseline SD 7.1 cm3; paper prints percentage change only, so follow-up volume is left NA rather than back-calculated"
belavy2017__fly__obturator_internus__recovery_103,belavy2017,medes_ltbr90,"Long Term Bed Rest (LTBR), MEDES Toulouse",NA,Belavy,2017,10.1136/bmjsem-2016-000196,belavýdl2017_scopus_01130.xml,HDBR_-6,-6,90,recovery,103,13,analogue,fly,countermeasure,flywheel,high-intensity concentric-eccentric flywheel resistance exercise every third day,9,9,M,NA,31.0,5.5,NA,NA,healthy_young,NA,70.9,yes,obturator_internus,NA,FALSE,NA,NA,NA,volume,MRI,cm3,60.4,NA,cm3,60.4,NA,NA,9.2,change,SD,6.8,NA,table,NA,Tables 1-2,falk,2026-09-04,high,FALSE,laterality_unstated,"baseline SD 7.1 cm3; paper prints percentage change only, so follow-up volume is left NA rather than back-calculated"
belavy2017__fly__obturator_internus__recovery_180,belavy2017,medes_ltbr90,"Long Term Bed Rest (LTBR), MEDES Toulouse",NA,Belavy,2017,10.1136/bmjsem-2016-000196,belavýdl2017_scopus_01130.xml,HDBR_-6,-6,90,recovery,180,90,analogue,fly,countermeasure,flywheel,high-intensity concentric-eccentric flywheel resistance exercise every third day,9,9,M,NA,31.0,5.5,NA,NA,healthy_young,NA,70.9,yes,obturator_internus,NA,FALSE,NA,NA,NA,volume,MRI,cm3,60.4,NA,cm3,60.4,NA,NA,3.0,change,SD,6.2,NA,table,NA,Tables 1-2,falk,2026-09-04,high,FALSE,laterality_unstated,"baseline SD 7.1 cm3; paper prints percentage change only, so follow-up volume is left NA rather than back-calculated"
belavy2017__fly__obturator_internus__recovery_270,belavy2017,medes_ltbr90,"Long Term Bed Rest (LTBR), MEDES Toulouse",NA,Belavy,2017,10.1136/bmjsem-2016-000196,belavýdl2017_scopus_01130.xml,HDBR_-6,-6,90,recovery,270,180,analogue,fly,countermeasure,flywheel,high-intensity concentric-eccentric flywheel resistance exercise every third day,9,9,M,NA,31.0,5.5,NA,NA,healthy_young,NA,70.9,yes,obturator_internus,NA,FALSE,NA,NA,NA,volume,MRI,cm3,60.4,NA,cm3,60.4,NA,NA,0.2,change,SD,8.6,NA,table,NA,Tables 1-2,falk,2026-09-04,high,FALSE,laterality_unstated,"baseline SD 7.1 cm3; paper prints percentage change only, so follow-up volume is left NA rather than back-calculated"
belavy2017__fly__obturator_internus__recovery_450,belavy2017,medes_ltbr90,"Long Term Bed Rest (LTBR), MEDES Toulouse",NA,Belavy,2017,10.1136/bmjsem-2016-000196,belavýdl2017_scopus_01130.xml,HDBR_-6,-6,90,recovery,450,360,analogue,fly,countermeasure,flywheel,high-intensity concentric-eccentric flywheel resistance exercise every third day,9,9,M,NA,31.0,5.5,NA,NA,healthy_young,NA,70.9,yes,obturator_internus,NA,FALSE,NA,NA,NA,volume,MRI,cm3,60.4,NA,cm3,60.4,NA,NA,0.3,change,SD,7.8,NA,table,NA,Tables 1-2,falk,2026-09-04,high,FALSE,laterality_unstated,"baseline SD 7.1 cm3; paper prints percentage change only, so follow-up volume is left NA rather than back-calculated"
belavy2017__ctrl__quadratus_femoris__bed_rest_28,belavy2017,medes_ltbr90,"Long Term Bed Rest (LTBR), MEDES Toulouse",NA,Belavy,2017,10.1136/bmjsem-2016-000196,belavýdl2017_scopus_01130.xml,HDBR_-6,-6,90,bed_rest,28,NA,analogue,ctrl,control,none,NA,16,16,M,NA,32.5,3.4,NA,NA,healthy_young,NA,70.3,yes,quadratus_femoris,NA,FALSE,NA,NA,NA,volume,MRI,cm3,36.1,NA,cm3,36.1,NA,NA,-8.8,change,SD,13.3,NA,table,NA,Tables 1-2,falk,2026-09-04,high,FALSE,laterality_unstated,"baseline SD 9.5 cm3; paper prints percentage change only, so follow-up volume is left NA rather than back-calculated"
belavy2017__ctrl__quadratus_femoris__bed_rest_89,belavy2017,medes_ltbr90,"Long Term Bed Rest (LTBR), MEDES Toulouse",NA,Belavy,2017,10.1136/bmjsem-2016-000196,belavýdl2017_scopus_01130.xml,HDBR_-6,-6,90,bed_rest,89,NA,analogue,ctrl,control,none,NA,16,16,M,NA,32.5,3.4,NA,NA,healthy_young,NA,70.3,yes,quadratus_femoris,NA,FALSE,NA,NA,NA,volume,MRI,cm3,36.1,NA,cm3,36.1,NA,NA,-13.5,change,SD,12.2,NA,table,NA,Tables 1-2,falk,2026-09-04,high,FALSE,laterality_unstated,"baseline SD 9.5 cm3; paper prints percentage change only, so follow-up volume is left NA rather than back-calculated"
belavy2017__ctrl__quadratus_femoris__recovery_103,belavy2017,medes_ltbr90,"Long Term Bed Rest (LTBR), MEDES Toulouse",NA,Belavy,2017,10.1136/bmjsem-2016-000196,belavýdl2017_scopus_01130.xml,HDBR_-6,-6,90,recovery,103,13,analogue,ctrl,control,none,NA,16,16,M,NA,32.5,3.4,NA,NA,healthy_young,NA,70.3,yes,quadratus_femoris,NA,FALSE,NA,NA,NA,volume,MRI,cm3,36.1,NA,cm3,36.1,NA,NA,-7.8,change,SD,11.5,NA,table,NA,Tables 1-2,falk,2026-09-04,high,FALSE,laterality_unstated,"baseline SD 9.5 cm3; paper prints percentage change only, so follow-up volume is left NA rather than back-calculated"
belavy2017__ctrl__quadratus_femoris__recovery_180,belavy2017,medes_ltbr90,"Long Term Bed Rest (LTBR), MEDES Toulouse",NA,Belavy,2017,10.1136/bmjsem-2016-000196,belavýdl2017_scopus_01130.xml,HDBR_-6,-6,90,recovery,180,90,analogue,ctrl,control,none,NA,16,16,M,NA,32.5,3.4,NA,NA,healthy_young,NA,70.3,yes,quadratus_femoris,NA,FALSE,NA,NA,NA,volume,MRI,cm3,36.1,NA,cm3,36.1,NA,NA,-4.5,change,SD,8.2,NA,table,NA,Tables 1-2,falk,2026-09-04,high,FALSE,laterality_unstated,"baseline SD 9.5 cm3; paper prints percentage change only, so follow-up volume is left NA rather than back-calculated"
belavy2017__ctrl__quadratus_femoris__recovery_270,belavy2017,medes_ltbr90,"Long Term Bed Rest (LTBR), MEDES Toulouse",NA,Belavy,2017,10.1136/bmjsem-2016-000196,belavýdl2017_scopus_01130.xml,HDBR_-6,-6,90,recovery,270,180,analogue,ctrl,control,none,NA,16,16,M,NA,32.5,3.4,NA,NA,healthy_young,NA,70.3,yes,quadratus_femoris,NA,FALSE,NA,NA,NA,volume,MRI,cm3,36.1,NA,cm3,36.1,NA,NA,3.9,change,SD,9.5,NA,table,NA,Tables 1-2,falk,2026-09-04,high,FALSE,laterality_unstated,"baseline SD 9.5 cm3; paper prints percentage change only, so follow-up volume is left NA rather than back-calculated"
belavy2017__ctrl__quadratus_femoris__recovery_450,belavy2017,medes_ltbr90,"Long Term Bed Rest (LTBR), MEDES Toulouse",NA,Belavy,2017,10.1136/bmjsem-2016-000196,belavýdl2017_scopus_01130.xml,HDBR_-6,-6,90,recovery,450,360,analogue,ctrl,control,none,NA,16,16,M,NA,32.5,3.4,NA,NA,healthy_young,NA,70.3,yes,quadratus_femoris,NA,FALSE,NA,NA,NA,volume,MRI,cm3,36.1,NA,cm3,36.1,NA,NA,4.7,change,SD,10.5,NA,table,NA,Tables 1-2,falk,2026-09-04,high,FALSE,laterality_unstated,"baseline SD 9.5 cm3; paper prints percentage change only, so follow-up volume is left NA rather than back-calculated"
belavy2017__fly__quadratus_femoris__bed_rest_28,belavy2017,medes_ltbr90,"Long Term Bed Rest (LTBR), MEDES Toulouse",NA,Belavy,2017,10.1136/bmjsem-2016-000196,belavýdl2017_scopus_01130.xml,HDBR_-6,-6,90,bed_rest,28,NA,analogue,fly,countermeasure,flywheel,high-intensity concentric-eccentric flywheel resistance exercise every third day,9,9,M,NA,31.0,5.5,NA,NA,healthy_young,NA,70.9,yes,quadratus_femoris,NA,FALSE,NA,NA,NA,volume,MRI,cm3,40.0,NA,cm3,40.0,NA,NA,-7.7,change,SD,10.0,NA,table,NA,Tables 1-2,falk,2026-09-04,high,FALSE,laterality_unstated,"baseline SD 6.7 cm3; paper prints percentage change only, so follow-up volume is left NA rather than back-calculated"
belavy2017__fly__quadratus_femoris__bed_rest_89,belavy2017,medes_ltbr90,"Long Term Bed Rest (LTBR), MEDES Toulouse",NA,Belavy,2017,10.1136/bmjsem-2016-000196,belavýdl2017_scopus_01130.xml,HDBR_-6,-6,90,bed_rest,89,NA,analogue,fly,countermeasure,flywheel,high-intensity concentric-eccentric flywheel resistance exercise every third day,9,9,M,NA,31.0,5.5,NA,NA,healthy_young,NA,70.9,yes,quadratus_femoris,NA,FALSE,NA,NA,NA,volume,MRI,cm3,40.0,NA,cm3,40.0,NA,NA,-9.8,change,SD,11.0,NA,table,NA,Tables 1-2,falk,2026-09-04,high,FALSE,laterality_unstated,"baseline SD 6.7 cm3; paper prints percentage change only, so follow-up volume is left NA rather than back-calculated"
belavy2017__fly__quadratus_femoris__recovery_103,belavy2017,medes_ltbr90,"Long Term Bed Rest (LTBR), MEDES Toulouse",NA,Belavy,2017,10.1136/bmjsem-2016-000196,belavýdl2017_scopus_01130.xml,HDBR_-6,-6,90,recovery,103,13,analogue,fly,countermeasure,flywheel,high-intensity concentric-eccentric flywheel resistance exercise every third day,9,9,M,NA,31.0,5.5,NA,NA,healthy_young,NA,70.9,yes,quadratus_femoris,NA,FALSE,NA,NA,NA,volume,MRI,cm3,40.0,NA,cm3,40.0,NA,NA,-1.0,change,SD,10.3,NA,table,NA,Tables 1-2,falk,2026-09-04,high,FALSE,laterality_unstated,"baseline SD 6.7 cm3; paper prints percentage change only, so follow-up volume is left NA rather than back-calculated"
belavy2017__fly__quadratus_femoris__recovery_180,belavy2017,medes_ltbr90,"Long Term Bed Rest (LTBR), MEDES Toulouse",NA,Belavy,2017,10.1136/bmjsem-2016-000196,belavýdl2017_scopus_01130.xml,HDBR_-6,-6,90,recovery,180,90,analogue,fly,countermeasure,flywheel,high-intensity concentric-eccentric flywheel resistance exercise every third day,9,9,M,NA,31.0,5.5,NA,NA,healthy_young,NA,70.9,yes,quadratus_femoris,NA,FALSE,NA,NA,NA,volume,MRI,cm3,40.0,NA,cm3,40.0,NA,NA,2.0,change,SD,6.4,NA,table,NA,Tables 1-2,falk,2026-09-04,high,FALSE,laterality_unstated,"baseline SD 6.7 cm3; paper prints percentage change only, so follow-up volume is left NA rather than back-calculated"
belavy2017__fly__quadratus_femoris__recovery_270,belavy2017,medes_ltbr90,"Long Term Bed Rest (LTBR), MEDES Toulouse",NA,Belavy,2017,10.1136/bmjsem-2016-000196,belavýdl2017_scopus_01130.xml,HDBR_-6,-6,90,recovery,270,180,analogue,fly,countermeasure,flywheel,high-intensity concentric-eccentric flywheel resistance exercise every third day,9,9,M,NA,31.0,5.5,NA,NA,healthy_young,NA,70.9,yes,quadratus_femoris,NA,FALSE,NA,NA,NA,volume,MRI,cm3,40.0,NA,cm3,40.0,NA,NA,3.7,change,SD,8.0,NA,table,NA,Tables 1-2,falk,2026-09-04,high,FALSE,laterality_unstated,"baseline SD 6.7 cm3; paper prints percentage change only, so follow-up volume is left NA rather than back-calculated"
belavy2017__fly__quadratus_femoris__recovery_450,belavy2017,medes_ltbr90,"Long Term Bed Rest (LTBR), MEDES Toulouse",NA,Belavy,2017,10.1136/bmjsem-2016-000196,belavýdl2017_scopus_01130.xml,HDBR_-6,-6,90,recovery,450,360,analogue,fly,countermeasure,flywheel,high-intensity concentric-eccentric flywheel resistance exercise every third day,9,9,M,NA,31.0,5.5,NA,NA,healthy_young,NA,70.9,yes,quadratus_femoris,NA,FALSE,NA,NA,NA,volume,MRI,cm3,40.0,NA,cm3,40.0,NA,NA,-2.8,change,SD,9.4,NA,table,NA,Tables 1-2,falk,2026-09-04,high,FALSE,laterality_unstated,"baseline SD 6.7 cm3; paper prints percentage change only, so follow-up volume is left NA rather than back-calculated"
belavy2017__ctrl__iliopsoas__bed_rest_28,belavy2017,medes_ltbr90,"Long Term Bed Rest (LTBR), MEDES Toulouse",NA,Belavy,2017,10.1136/bmjsem-2016-000196,belavýdl2017_scopus_01130.xml,HDBR_-6,-6,90,bed_rest,28,NA,analogue,ctrl,control,none,NA,16,16,M,NA,32.5,3.4,NA,NA,healthy_young,NA,70.3,yes,iliopsoas,NA,FALSE,NA,NA,NA,volume,MRI,cm3,71.8,NA,cm3,71.8,NA,NA,-1.0,change,SD,11.3,NA,table,NA,Tables 1-2,falk,2026-09-04,high,FALSE,laterality_unstated,"baseline SD 13.1 cm3; paper prints percentage change only, so follow-up volume is left NA rather than back-calculated"
belavy2017__ctrl__iliopsoas__bed_rest_89,belavy2017,medes_ltbr90,"Long Term Bed Rest (LTBR), MEDES Toulouse",NA,Belavy,2017,10.1136/bmjsem-2016-000196,belavýdl2017_scopus_01130.xml,HDBR_-6,-6,90,bed_rest,89,NA,analogue,ctrl,control,none,NA,16,16,M,NA,32.5,3.4,NA,NA,healthy_young,NA,70.3,yes,iliopsoas,NA,FALSE,NA,NA,NA,volume,MRI,cm3,71.8,NA,cm3,71.8,NA,NA,-5.9,change,SD,11.0,NA,table,NA,Tables 1-2,falk,2026-09-04,high,FALSE,laterality_unstated,"baseline SD 13.1 cm3; paper prints percentage change only, so follow-up volume is left NA rather than back-calculated"
belavy2017__ctrl__iliopsoas__recovery_103,belavy2017,medes_ltbr90,"Long Term Bed Rest (LTBR), MEDES Toulouse",NA,Belavy,2017,10.1136/bmjsem-2016-000196,belavýdl2017_scopus_01130.xml,HDBR_-6,-6,90,recovery,103,13,analogue,ctrl,control,none,NA,16,16,M,NA,32.5,3.4,NA,NA,healthy_young,NA,70.3,yes,iliopsoas,NA,FALSE,NA,NA,NA,volume,MRI,cm3,71.8,NA,cm3,71.8,NA,NA,0.5,change,SD,9.5,NA,table,NA,Tables 1-2,falk,2026-09-04,high,FALSE,laterality_unstated,"baseline SD 13.1 cm3; paper prints percentage change only, so follow-up volume is left NA rather than back-calculated"
belavy2017__ctrl__iliopsoas__recovery_180,belavy2017,medes_ltbr90,"Long Term Bed Rest (LTBR), MEDES Toulouse",NA,Belavy,2017,10.1136/bmjsem-2016-000196,belavýdl2017_scopus_01130.xml,HDBR_-6,-6,90,recovery,180,90,analogue,ctrl,control,none,NA,16,16,M,NA,32.5,3.4,NA,NA,healthy_young,NA,70.3,yes,iliopsoas,NA,FALSE,NA,NA,NA,volume,MRI,cm3,71.8,NA,cm3,71.8,NA,NA,-1.3,change,SD,9.0,NA,table,NA,Tables 1-2,falk,2026-09-04,high,FALSE,laterality_unstated,"baseline SD 13.1 cm3; paper prints percentage change only, so follow-up volume is left NA rather than back-calculated"
belavy2017__ctrl__iliopsoas__recovery_270,belavy2017,medes_ltbr90,"Long Term Bed Rest (LTBR), MEDES Toulouse",NA,Belavy,2017,10.1136/bmjsem-2016-000196,belavýdl2017_scopus_01130.xml,HDBR_-6,-6,90,recovery,270,180,analogue,ctrl,control,none,NA,16,16,M,NA,32.5,3.4,NA,NA,healthy_young,NA,70.3,yes,iliopsoas,NA,FALSE,NA,NA,NA,volume,MRI,cm3,71.8,NA,cm3,71.8,NA,NA,0.4,change,SD,10.0,NA,table,NA,Tables 1-2,falk,2026-09-04,high,FALSE,laterality_unstated,"baseline SD 13.1 cm3; paper prints percentage change only, so follow-up volume is left NA rather than back-calculated"
belavy2017__ctrl__iliopsoas__recovery_450,belavy2017,medes_ltbr90,"Long Term Bed Rest (LTBR), MEDES Toulouse",NA,Belavy,2017,10.1136/bmjsem-2016-000196,belavýdl2017_scopus_01130.xml,HDBR_-6,-6,90,recovery,450,360,analogue,ctrl,control,none,NA,16,16,M,NA,32.5,3.4,NA,NA,healthy_young,NA,70.3,yes,iliopsoas,NA,FALSE,NA,NA,NA,volume,MRI,cm3,71.8,NA,cm3,71.8,NA,NA,1.7,change,SD,9.7,NA,table,NA,Tables 1-2,falk,2026-09-04,high,FALSE,laterality_unstated,"baseline SD 13.1 cm3; paper prints percentage change only, so follow-up volume is left NA rather than back-calculated"
belavy2017__fly__iliopsoas__bed_rest_28,belavy2017,medes_ltbr90,"Long Term Bed Rest (LTBR), MEDES Toulouse",NA,Belavy,2017,10.1136/bmjsem-2016-000196,belavýdl2017_scopus_01130.xml,HDBR_-6,-6,90,bed_rest,28,NA,analogue,fly,countermeasure,flywheel,high-intensity concentric-eccentric flywheel resistance exercise every third day,9,9,M,NA,31.0,5.5,NA,NA,healthy_young,NA,70.9,yes,iliopsoas,NA,FALSE,NA,NA,NA,volume,MRI,cm3,74.0,NA,cm3,74.0,NA,NA,-5.0,change,SD,9.3,NA,table,NA,Tables 1-2,falk,2026-09-04,high,FALSE,laterality_unstated,"baseline SD 16.8 cm3; paper prints percentage change only, so follow-up volume is left NA rather than back-calculated"
belavy2017__fly__iliopsoas__bed_rest_89,belavy2017,medes_ltbr90,"Long Term Bed Rest (LTBR), MEDES Toulouse",NA,Belavy,2017,10.1136/bmjsem-2016-000196,belavýdl2017_scopus_01130.xml,HDBR_-6,-6,90,bed_rest,89,NA,analogue,fly,countermeasure,flywheel,high-intensity concentric-eccentric flywheel resistance exercise every third day,9,9,M,NA,31.0,5.5,NA,NA,healthy_young,NA,70.9,yes,iliopsoas,NA,FALSE,NA,NA,NA,volume,MRI,cm3,74.0,NA,cm3,74.0,NA,NA,-4.3,change,SD,9.8,NA,table,NA,Tables 1-2,falk,2026-09-04,high,FALSE,laterality_unstated,"baseline SD 16.8 cm3; paper prints percentage change only, so follow-up volume is left NA rather than back-calculated"
belavy2017__fly__iliopsoas__recovery_103,belavy2017,medes_ltbr90,"Long Term Bed Rest (LTBR), MEDES Toulouse",NA,Belavy,2017,10.1136/bmjsem-2016-000196,belavýdl2017_scopus_01130.xml,HDBR_-6,-6,90,recovery,103,13,analogue,fly,countermeasure,flywheel,high-intensity concentric-eccentric flywheel resistance exercise every third day,9,9,M,NA,31.0,5.5,NA,NA,healthy_young,NA,70.9,yes,iliopsoas,NA,FALSE,NA,NA,NA,volume,MRI,cm3,74.0,NA,cm3,74.0,NA,NA,-2.1,change,SD,12.1,NA,table,NA,Tables 1-2,falk,2026-09-04,high,FALSE,laterality_unstated,"baseline SD 16.8 cm3; paper prints percentage change only, so follow-up volume is left NA rather than back-calculated"
belavy2017__fly__iliopsoas__recovery_180,belavy2017,medes_ltbr90,"Long Term Bed Rest (LTBR), MEDES Toulouse",NA,Belavy,2017,10.1136/bmjsem-2016-000196,belavýdl2017_scopus_01130.xml,HDBR_-6,-6,90,recovery,180,90,analogue,fly,countermeasure,flywheel,high-intensity concentric-eccentric flywheel resistance exercise every third day,9,9,M,NA,31.0,5.5,NA,NA,healthy_young,NA,70.9,yes,iliopsoas,NA,FALSE,NA,NA,NA,volume,MRI,cm3,74.0,NA,cm3,74.0,NA,NA,0.8,change,SD,11.8,NA,table,NA,Tables 1-2,falk,2026-09-04,high,FALSE,laterality_unstated,"baseline SD 16.8 cm3; paper prints percentage change only, so follow-up volume is left NA rather than back-calculated"
belavy2017__fly__iliopsoas__recovery_270,belavy2017,medes_ltbr90,"Long Term Bed Rest (LTBR), MEDES Toulouse",NA,Belavy,2017,10.1136/bmjsem-2016-000196,belavýdl2017_scopus_01130.xml,HDBR_-6,-6,90,recovery,270,180,analogue,fly,countermeasure,flywheel,high-intensity concentric-eccentric flywheel resistance exercise every third day,9,9,M,NA,31.0,5.5,NA,NA,healthy_young,NA,70.9,yes,iliopsoas,NA,FALSE,NA,NA,NA,volume,MRI,cm3,74.0,NA,cm3,74.0,NA,NA,4.6,change,SD,11.1,NA,table,NA,Tables 1-2,falk,2026-09-04,high,FALSE,laterality_unstated,"baseline SD 16.8 cm3; paper prints percentage change only, so follow-up volume is left NA rather than back-calculated"
belavy2017__fly__iliopsoas__recovery_450,belavy2017,medes_ltbr90,"Long Term Bed Rest (LTBR), MEDES Toulouse",NA,Belavy,2017,10.1136/bmjsem-2016-000196,belavýdl2017_scopus_01130.xml,HDBR_-6,-6,90,recovery,450,360,analogue,fly,countermeasure,flywheel,high-intensity concentric-eccentric flywheel resistance exercise every third day,9,9,M,NA,31.0,5.5,NA,NA,healthy_young,NA,70.9,yes,iliopsoas,NA,FALSE,NA,NA,NA,volume,MRI,cm3,74.0,NA,cm3,74.0,NA,NA,-1.7,change,SD,10.2,NA,table,NA,Tables 1-2,falk,2026-09-04,high,FALSE,laterality_unstated,"baseline SD 16.8 cm3; paper prints percentage change only, so follow-up volume is left NA rather than back-calculated"
dirks2016__ctrl__quadriceps__bed_rest_7,dirks2016,maastricht_br7,NA,NA,Dirks,2016,10.2337/db15-1661,abstract only - full text not accessible,horizontal_BR,NA,7,bed_rest,7,NA,analogue,ctrl,control,none,NA,10,10,M,NA,23,1,NA,NA,healthy_young,23.0,NA,NA,quadriceps,NA,TRUE,NA,NA,NA,CSA,CT,%,NA,NA,pct_only,NA,NA,NA,-3.2,NA,NA,NA,NA,text,NA,abstract,falk,2026-09-04,low,FALSE,laterality_unstated;variance_type_unstated,"extracted from the abstract because the full text is behind a paywall; printed as 3.2 +/- 0.9% decline, dispersion type not stated so variance fields left NA. The abstract also reports 1.4 +/- 0.2 kg lean tissue loss with no baseline, which cannot become a percent change"
